TIMESTAMP,TA_F_MDS,TA_F_MDS_QC,TA_F_MDS_NIGHT,TA_F_MDS_NIGHT_SD,TA_F_MDS_NIGHT_QC,TA_F_MDS_DAY,TA_F_MDS_DAY_SD,TA_F_MDS_DAY_QC,TA_ERA,TA_ERA_NIGHT,TA_ERA_NIGHT_SD,TA_ERA_DAY,TA_ERA_DAY_SD,TA_F,TA_F_QC,TA_F_NIGHT,TA_F_NIGHT_SD,TA_F_NIGHT_QC,TA_F_DAY,TA_F_DAY_SD,TA_F_DAY_QC,SW_IN_F_MDS,SW_IN_F_MDS_QC,SW_IN_ERA,SW_IN_F,SW_IN_F_QC,LW_IN_F_MDS,LW_IN_F_MDS_QC,LW_IN_ERA,LW_IN_F,LW_IN_F_QC,LW_IN_JSB,LW_IN_JSB_QC,LW_IN_JSB_ERA,LW_IN_JSB_F,LW_IN_JSB_F_QC,VPD_F_MDS,VPD_F_MDS_QC,VPD_ERA,VPD_F,VPD_F_QC,PA_ERA,PA_F,PA_F_QC,P_ERA,P_F,P_F_QC,WS_ERA,WS_F,WS_F_QC,USTAR,USTAR_QC,NETRAD,NETRAD_QC,PPFD_IN,PPFD_IN_QC,SW_OUT,SW_OUT_QC,LW_OUT,LW_OUT_QC,CO2_F_MDS,CO2_F_MDS_QC,TS_F_MDS_1,TS_F_MDS_2,TS_F_MDS_3,TS_F_MDS_4,TS_F_MDS_5,TS_F_MDS_1_QC,TS_F_MDS_2_QC,TS_F_MDS_3_QC,TS_F_MDS_4_QC,TS_F_MDS_5_QC,SWC_F_MDS_1,SWC_F_MDS_2,SWC_F_MDS_3,SWC_F_MDS_4,SWC_F_MDS_5,SWC_F_MDS_1_QC,SWC_F_MDS_2_QC,SWC_F_MDS_3_QC,SWC_F_MDS_4_QC,SWC_F_MDS_5_QC,G_F_MDS,G_F_MDS_QC,LE_F_MDS,LE_F_MDS_QC,LE_CORR,LE_RANDUNC,H_F_MDS,H_F_MDS_QC,H_CORR,H_RANDUNC,EBC_CF_N,EBC_CF_METHOD,NIGHT_RANDUNC_N,DAY_RANDUNC_N,NEE_CUT_REF,NEE_VUT_REF,NEE_CUT_REF_QC,NEE_VUT_REF_QC,NEE_CUT_REF_RANDUNC,NEE_VUT_REF_RANDUNC,NEE_CUT_REF_JOINTUNC,NEE_VUT_REF_JOINTUNC,NEE_CUT_USTAR50,NEE_VUT_USTAR50,NEE_CUT_USTAR50_QC,NEE_VUT_USTAR50_QC,NEE_CUT_USTAR50_RANDUNC,NEE_VUT_USTAR50_RANDUNC,NEE_CUT_USTAR50_JOINTUNC,NEE_VUT_USTAR50_JOINTUNC,NEE_CUT_MEAN,NEE_VUT_MEAN,NEE_CUT_MEAN_QC,NEE_VUT_MEAN_QC,NEE_CUT_SE,NEE_VUT_SE,NEE_CUT_05,NEE_CUT_16,NEE_CUT_25,NEE_CUT_50,NEE_CUT_75,NEE_CUT_84,NEE_CUT_95,NEE_VUT_05,NEE_VUT_16,NEE_VUT_25,NEE_VUT_50,NEE_VUT_75,NEE_VUT_84,NEE_VUT_95,NEE_CUT_05_QC,NEE_CUT_16_QC,NEE_CUT_25_QC,NEE_CUT_50_QC,NEE_CUT_75_QC,NEE_CUT_84_QC,NEE_CUT_95_QC,NEE_VUT_05_QC,NEE_VUT_16_QC,NEE_VUT_25_QC,NEE_VUT_50_QC,NEE_VUT_75_QC,NEE_VUT_84_QC,NEE_VUT_95_QC,NEE_CUT_REF_NIGHT,NEE_VUT_REF_NIGHT,NEE_CUT_REF_NIGHT_SD,NEE_VUT_REF_NIGHT_SD,NEE_CUT_REF_NIGHT_QC,NEE_VUT_REF_NIGHT_QC,NEE_CUT_REF_NIGHT_RANDUNC,NEE_VUT_REF_NIGHT_RANDUNC,NEE_CUT_REF_NIGHT_JOINTUNC,NEE_VUT_REF_NIGHT_JOINTUNC,NEE_CUT_REF_DAY,NEE_VUT_REF_DAY,NEE_CUT_REF_DAY_SD,NEE_VUT_REF_DAY_SD,NEE_CUT_REF_DAY_QC,NEE_VUT_REF_DAY_QC,NEE_CUT_REF_DAY_RANDUNC,NEE_VUT_REF_DAY_RANDUNC,NEE_CUT_REF_DAY_JOINTUNC,NEE_VUT_REF_DAY_JOINTUNC,NEE_CUT_USTAR50_NIGHT,NEE_VUT_USTAR50_NIGHT,NEE_CUT_USTAR50_NIGHT_SD,NEE_VUT_USTAR50_NIGHT_SD,NEE_CUT_USTAR50_NIGHT_QC,NEE_VUT_USTAR50_NIGHT_QC,NEE_CUT_USTAR50_NIGHT_RANDUNC,NEE_VUT_USTAR50_NIGHT_RANDUNC,NEE_CUT_USTAR50_NIGHT_JOINTUNC,NEE_VUT_USTAR50_NIGHT_JOINTUNC,NEE_CUT_USTAR50_DAY,NEE_VUT_USTAR50_DAY,NEE_CUT_USTAR50_DAY_SD,NEE_VUT_USTAR50_DAY_SD,NEE_CUT_USTAR50_DAY_QC,NEE_VUT_USTAR50_DAY_QC,NEE_CUT_USTAR50_DAY_RANDUNC,NEE_VUT_USTAR50_DAY_RANDUNC,NEE_CUT_USTAR50_DAY_JOINTUNC,NEE_VUT_USTAR50_DAY_JOINTUNC,NEE_CUT_05_NIGHT,NEE_CUT_16_NIGHT,NEE_CUT_25_NIGHT,NEE_CUT_50_NIGHT,NEE_CUT_75_NIGHT,NEE_CUT_84_NIGHT,NEE_CUT_95_NIGHT,NEE_VUT_05_NIGHT,NEE_VUT_16_NIGHT,NEE_VUT_25_NIGHT,NEE_VUT_50_NIGHT,NEE_VUT_75_NIGHT,NEE_VUT_84_NIGHT,NEE_VUT_95_NIGHT,NEE_CUT_05_NIGHT_QC,NEE_CUT_16_NIGHT_QC,NEE_CUT_25_NIGHT_QC,NEE_CUT_50_NIGHT_QC,NEE_CUT_75_NIGHT_QC,NEE_CUT_84_NIGHT_QC,NEE_CUT_95_NIGHT_QC,NEE_VUT_05_NIGHT_QC,NEE_VUT_16_NIGHT_QC,NEE_VUT_25_NIGHT_QC,NEE_VUT_50_NIGHT_QC,NEE_VUT_75_NIGHT_QC,NEE_VUT_84_NIGHT_QC,NEE_VUT_95_NIGHT_QC,NEE_CUT_05_DAY,NEE_CUT_16_DAY,NEE_CUT_25_DAY,NEE_CUT_50_DAY,NEE_CUT_75_DAY,NEE_CUT_84_DAY,NEE_CUT_95_DAY,NEE_VUT_05_DAY,NEE_VUT_16_DAY,NEE_VUT_25_DAY,NEE_VUT_50_DAY,NEE_VUT_75_DAY,NEE_VUT_84_DAY,NEE_VUT_95_DAY,NEE_CUT_05_DAY_QC,NEE_CUT_16_DAY_QC,NEE_CUT_25_DAY_QC,NEE_CUT_50_DAY_QC,NEE_CUT_75_DAY_QC,NEE_CUT_84_DAY_QC,NEE_CUT_95_DAY_QC,NEE_VUT_05_DAY_QC,NEE_VUT_16_DAY_QC,NEE_VUT_25_DAY_QC,NEE_VUT_50_DAY_QC,NEE_VUT_75_DAY_QC,NEE_VUT_84_DAY_QC,NEE_VUT_95_DAY_QC,RECO_NT_VUT_REF,RECO_NT_VUT_USTAR50,RECO_NT_VUT_MEAN,RECO_NT_VUT_SE,RECO_NT_VUT_05,RECO_NT_VUT_16,RECO_NT_VUT_25,RECO_NT_VUT_50,RECO_NT_VUT_75,RECO_NT_VUT_84,RECO_NT_VUT_95,RECO_NT_CUT_REF,RECO_NT_CUT_USTAR50,RECO_NT_CUT_MEAN,RECO_NT_CUT_SE,RECO_NT_CUT_05,RECO_NT_CUT_16,RECO_NT_CUT_25,RECO_NT_CUT_50,RECO_NT_CUT_75,RECO_NT_CUT_84,RECO_NT_CUT_95,GPP_NT_VUT_REF,GPP_NT_VUT_USTAR50,GPP_NT_VUT_MEAN,GPP_NT_VUT_SE,GPP_NT_VUT_05,GPP_NT_VUT_16,GPP_NT_VUT_25,GPP_NT_VUT_50,GPP_NT_VUT_75,GPP_NT_VUT_84,GPP_NT_VUT_95,GPP_NT_CUT_REF,GPP_NT_CUT_USTAR50,GPP_NT_CUT_MEAN,GPP_NT_CUT_SE,GPP_NT_CUT_05,GPP_NT_CUT_16,GPP_NT_CUT_25,GPP_NT_CUT_50,GPP_NT_CUT_75,GPP_NT_CUT_84,GPP_NT_CUT_95,RECO_DT_VUT_REF,RECO_DT_VUT_USTAR50,RECO_DT_VUT_MEAN,RECO_DT_VUT_SE,RECO_DT_VUT_05,RECO_DT_VUT_16,RECO_DT_VUT_25,RECO_DT_VUT_50,RECO_DT_VUT_75,RECO_DT_VUT_84,RECO_DT_VUT_95,RECO_DT_CUT_REF,RECO_DT_CUT_USTAR50,RECO_DT_CUT_MEAN,RECO_DT_CUT_SE,RECO_DT_CUT_05,RECO_DT_CUT_16,RECO_DT_CUT_25,RECO_DT_CUT_50,RECO_DT_CUT_75,RECO_DT_CUT_84,RECO_DT_CUT_95,GPP_DT_VUT_REF,GPP_DT_VUT_USTAR50,GPP_DT_VUT_MEAN,GPP_DT_VUT_SE,GPP_DT_VUT_05,GPP_DT_VUT_16,GPP_DT_VUT_25,GPP_DT_VUT_50,GPP_DT_VUT_75,GPP_DT_VUT_84,GPP_DT_VUT_95,GPP_DT_CUT_REF,GPP_DT_CUT_USTAR50,GPP_DT_CUT_MEAN,GPP_DT_CUT_SE,GPP_DT_CUT_05,GPP_DT_CUT_16,GPP_DT_CUT_25,GPP_DT_CUT_50,GPP_DT_CUT_75,GPP_DT_CUT_84,GPP_DT_CUT_95,RECO_SR,RECO_SR_N
1996,6.136,0.961692,4.768,2.19,0.960883,7.23,2.722,0.962877,6.214,3.224,1.653,8.7,2.126,6.183,0.961692,4.788,2.355,0.960883,7.293,2.771,0.962877,-9999,-9999,85.751,85.751,0.0,-9999,-9999,302.099,302.099,0.0,-9999,-9999,288.012,288.012,0.0,-9999,-9999,4.005,4.005,0.0,100.555,100.593,1.0,826.85,1057.696,0.961066,2.064,2.434,0.626138,0.41379911466472025,0.5625569216757741,-9999,-9999,270.0440462890135,0.9598702185792349,-9999,-9999,-9999,-9999,371.614,0.80049,6.039,-9999,-9999,-9999,-9999,0.961578,-9999,-9999,-9999,-9999,-9999,-9999,-9999,-9999,-9999,-9999,-9999,-9999,-9999,-9999,-9999,-9999,38.4377,-9999,-9999,-9999,26.6745,-9999,-9999,-9999,-9999,-9999,0.0,0.0,-416.248,-375.22,0.470059,0.661771,-9999,-9999,-9999,-9999,-421.325,-375.22,0.461236,0.661771,-9999,-9999,-9999,-9999,-427.466,-375.22,0.458525,0.661771,3.4711,2.73067e-14,-478.268,-444.807,-438.462,-420.002,-415.556,-410.512,-403.439,-375.22,-375.22,-375.22,-375.22,-375.22,-375.22,-375.22,0.384961,0.419513,0.429019,0.459699,0.492429,0.494422,0.506318,0.661771,0.661771,0.661771,0.661771,0.661771,0.661771,0.661771,2.78266,2.56836,1.28224,1.71608,0.353333,0.631893,-9999,-9999,-9999,-9999,-3.83118,-3.48542,3.88056,4.04045,0.571295,0.690078,-9999,-9999,-9999,-9999,2.78882,2.56836,1.26786,1.71608,0.341661,0.631893,-9999,-9999,-9999,-9999,-3.86117,-3.48542,3.8747,4.04045,0.564423,0.690078,-9999,-9999,-9999,-9999,2.71665,2.74161,2.74781,2.75973,2.78143,2.78452,2.79703,2.56836,2.56836,2.56836,2.56836,2.56836,2.56836,2.56836,0.250482,0.403926,0.378531,0.36858,0.349331,0.329007,0.295098,0.631893,0.631893,0.631893,0.631893,0.631893,0.631893,0.631893,-4.08706,-3.96978,-3.93818,-3.85984,-3.81272,-3.7827,-3.74702,-3.48542,-3.48542,-3.48542,-3.48542,-3.48542,-3.48542,-3.48542,0.498151,0.530771,0.544876,0.563729,0.581848,0.589384,0.595424,0.690078,0.690078,0.690078,0.690078,0.690078,0.690078,0.690078,990.266,990.266,990.266,3.64089e-14,990.266,990.266,990.266,990.266,990.266,990.266,990.266,1110.66,1112.04,1108.73,2.97822,1067.69,1089.26,1094.49,1110.19,1120.39,1131.04,1133.24,1365.49,1365.49,1365.49,3.64089e-14,1365.49,1365.49,1365.49,1365.49,1365.49,1365.49,1365.49,1527.43,1533.37,1536.2,2.40398,1519.12,1520.55,1526.63,1533.47,1545.76,1548.07,1558.12,-9999,-9999,-9999,-9999,-9999,-9999,-9999,-9999,-9999,-9999,-9999,-9999,-9999,-9999,-9999,-9999,-9999,-9999,-9999,-9999,-9999,-9999,-9999,-9999,-9999,-9999,-9999,-9999,-9999,-9999,-9999,-9999,-9999,-9999,-9999,-9999,-9999,-9999,-9999,-9999,-9999,-9999,-9999,-9999,-9999,-9999
1997,-12.458,0.0,-12.691,2.908,0.0,-12.246,1.22,0.0,7.554,4.593,1.666,10.134,2.171,7.554,0.0,4.593,1.666,0.0,10.134,2.171,0.0,-9999,-9999,89.234,89.234,0.0,-9999,-9999,305.653,305.653,0.0,-9999,-9999,293.185,293.185,0.0,-9999,-9999,4.038,4.038,0.0,100.566,100.363,1.0,1043.658,1043.658,0.0,2.018,2.366,0.696747,0.4128645358787108,0.6562214611872146,-9999,-9999,-9999,-9999,-9999,-9999,-9999,-9999,372.818,0.831393,-0.688,-9999,-9999,-9999,-9999,0.0,-9999,-9999,-9999,-9999,-9999,-9999,-9999,-9999,-9999,-9999,-9999,-9999,-9999,-9999,-9999,-9999,36.5183,-9999,-9999,-9999,28.0157,-9999,-9999,-9999,-9999,-9999,0.0,0.0,-416.816,-405.617,0.472146,0.674087,-9999,-9999,-9999,-9999,-421.505,-405.617,0.459589,0.674087,-9999,-9999,-9999,-9999,-418.937,-405.617,0.456604,0.674087,3.24745,2.73067e-14,-448.346,-439.74,-435.809,-425.056,-397.413,-394.235,-387.85,-405.617,-405.617,-405.617,-405.617,-405.617,-405.617,-405.617,0.351541,0.412842,0.443893,0.458619,0.484075,0.531164,0.499258,0.674087,0.674087,0.674087,0.674087,0.674087,0.674087,0.674087,2.86363,2.47816,1.28277,1.76294,0.364381,0.661014,-9999,-9999,-9999,-9999,-3.85803,-3.50968,3.7606,4.07898,0.556271,0.683731,-9999,-9999,-9999,-9999,2.86254,2.47816,1.272,1.76294,0.348511,0.661014,-9999,-9999,-9999,-9999,-3.87801,-3.50968,3.74885,4.07898,0.546214,0.683731,-9999,-9999,-9999,-9999,2.78649,2.80034,2.80714,2.86363,2.93448,2.94257,2.96007,2.47816,2.47816,2.47816,2.47816,2.47816,2.47816,2.47816,0.295905,0.325609,0.33393,0.364381,0.385721,0.38095,0.404825,0.661014,0.661014,0.661014,0.661014,0.661014,0.661014,0.661014,-3.99327,-3.92358,-3.90477,-3.88209,-3.82472,-3.80333,-3.77603,-3.50968,-3.50968,-3.50968,-3.50968,-3.50968,-3.50968,-3.50968,0.479001,0.514925,0.539221,0.545848,0.568619,0.575877,0.584006,0.683731,0.683731,0.683731,0.683731,0.683731,0.683731,0.683731,417.446,417.446,417.446,9.10223e-15,417.446,417.446,417.446,417.446,417.446,417.446,417.446,449.143,484.172,459.508,5.13947,372.322,434.951,442.075,462.265,481.093,496.785,503.234,352.683,352.683,352.683,9.10223e-15,352.683,352.683,352.683,352.683,352.683,352.683,352.683,222.231,227.903,243.491,11.3475,178.682,185.806,189.649,214.706,244.322,361.603,382.908,-9999,-9999,-9999,-9999,-9999,-9999,-9999,-9999,-9999,-9999,-9999,-9999,-9999,-9999,-9999,-9999,-9999,-9999,-9999,-9999,-9999,-9999,-9999,-9999,-9999,-9999,-9999,-9999,-9999,-9999,-9999,-9999,-9999,-9999,-9999,-9999,-9999,-9999,-9999,-9999,-9999,-9999,-9999,-9999,-9999,-9999
1998,-1.799,0.0,-1.693,1.396,0.0,-1.885,0.763,0.0,6.397,3.467,1.691,8.902,2.167,6.397,0.0,3.467,1.691,0.0,8.902,2.167,0.0,-9999,-9999,84.964,84.964,0.0,-9999,-9999,302.881,302.881,0.0,-9999,-9999,289.15,289.15,0.0,-9999,-9999,3.902,3.902,0.0,100.573,100.486,1.0,819.479,819.479,0.0,2.103,2.356,0.569806,0.4141508220473628,0.5216324200913243,-9999,-9999,-9999,-9999,-9999,-9999,-9999,-9999,376.012,0.696804,3.243,-9999,-9999,-9999,-9999,0.0,-9999,-9999,-9999,-9999,-9999,-9999,-9999,-9999,-9999,-9999,-9999,-9999,-9999,-9999,-9999,-9999,36.6065,-9999,-9999,-9999,26.8401,-9999,-9999,-9999,-9999,-9999,0.0,0.0,-324.581,-331.151,0.374543,0.535331,-9999,-9999,-9999,-9999,-327.927,-331.151,0.365354,0.535331,-9999,-9999,-9999,-9999,-333.018,-331.151,0.363281,0.535331,3.41555,2.73067e-14,-379.742,-355.692,-348.923,-328.337,-315.776,-313.317,-308.847,-331.151,-331.151,-331.151,-331.151,-331.151,-331.151,-331.151,0.291438,0.335731,0.344292,0.366838,0.388584,0.382135,0.405251,0.535331,0.535331,0.535331,0.535331,0.535331,0.535331,0.535331,3.29113,2.75897,1.23618,1.79863,0.286643,0.520288,-9999,-9999,-9999,-9999,-3.72109,-3.37181,3.91649,4.14495,0.43748,0.535702,-9999,-9999,-9999,-9999,3.30458,2.75897,1.21175,1.79863,0.274081,0.520288,-9999,-9999,-9999,-9999,-3.749,-3.37181,3.89475,4.14495,0.430791,0.535702,-9999,-9999,-9999,-9999,3.14935,3.20184,3.23078,3.2969,3.30533,3.31145,3.32835,2.75897,2.75897,2.75897,2.75897,2.75897,2.75897,2.75897,0.160548,0.237208,0.248643,0.259008,0.275072,0.306088,0.299678,0.520288,0.520288,0.520288,0.520288,0.520288,0.520288,0.520288,-3.89264,-3.8309,-3.80522,-3.74974,-3.69981,-3.67421,-3.65554,-3.37181,-3.37181,-3.37181,-3.37181,-3.37181,-3.37181,-3.37181,0.372533,0.399551,0.413379,0.429514,0.442471,0.465474,0.458012,0.535702,0.535702,0.535702,0.535702,0.535702,0.535702,0.535702,417.446,417.446,417.446,9.10223e-15,417.446,417.446,417.446,417.446,417.446,417.446,417.446,449.143,484.172,459.508,5.13947,372.322,434.951,442.075,462.265,481.093,496.785,503.234,352.683,352.683,352.683,9.10223e-15,352.683,352.683,352.683,352.683,352.683,352.683,352.683,222.231,227.903,243.491,11.3475,178.682,185.806,189.649,214.706,244.322,361.603,382.908,-9999,-9999,-9999,-9999,-9999,-9999,-9999,-9999,-9999,-9999,-9999,-9999,-9999,-9999,-9999,-9999,-9999,-9999,-9999,-9999,-9999,-9999,-9999,-9999,-9999,-9999,-9999,-9999,-9999,-9999,-9999,-9999,-9999,-9999,-9999,-9999,-9999,-9999,-9999,-9999,-9999,-9999,-9999,-9999,-9999,-9999
1999,4.676,0.171575,4.843,0.58,0.171385,4.627,0.677,0.17182,7.096,4.524,1.618,9.282,1.924,7.058,0.171575,4.615,1.608,0.171385,9.058,2.006,0.17182,-9999,-9999,81.784,81.784,0.0,-9999,-9999,307.847,307.847,0.0,-9999,-9999,296.38,296.38,0.0,-9999,-9999,3.88,3.88,0.0,100.566,100.585,1.0,1021.92,902.451,0.171518,2.083,2.46,0.723059,0.45472163374015656,0.6976598173515981,-9999,-9999,-9999,-9999,-9999,-9999,-9999,-9999,379.939,0.890525,5.525,-9999,-9999,-9999,-9999,0.182534,-9999,-9999,-9999,-9999,-9999,-9999,-9999,-9999,-9999,-9999,-9999,-9999,-9999,-9999,-9999,-9999,39.2073,-9999,-9999,-9999,32.5982,-9999,-9999,-9999,-9999,-9999,0.0,0.0,-367.405,-380.137,0.504281,0.693493,-9999,-9999,-9999,-9999,-364.816,-380.137,0.493322,0.693493,-9999,-9999,-9999,-9999,-376.218,-380.137,0.492456,0.693493,2.68477,4.55112e-14,-424.164,-397.88,-373.883,-368.114,-367.008,-365.394,-363.779,-380.137,-380.137,-380.137,-380.137,-380.137,-380.137,-380.137,0.411416,0.449486,0.515011,0.55371,0.490582,0.476427,0.486473,0.693493,0.693493,0.693493,0.693493,0.693493,0.693493,0.693493,3.2411,2.8378,1.34911,1.82357,0.400019,0.685577,-9999,-9999,-9999,-9999,-3.9212,-3.6997,4.18083,4.34169,0.583813,0.693316,-9999,-9999,-9999,-9999,3.28705,2.8378,1.39631,1.82357,0.381876,0.685577,-9999,-9999,-9999,-9999,-3.94433,-3.6997,4.20043,4.34169,0.577714,0.693316,-9999,-9999,-9999,-9999,3.09838,3.14419,3.15078,3.17667,3.27227,3.28847,3.30084,2.8378,2.8378,2.8378,2.8378,2.8378,2.8378,2.8378,0.30396,0.314191,0.422851,0.41645,0.377005,0.356028,0.34808,0.685577,0.685577,0.685577,0.685577,0.685577,0.685577,0.685577,-4.12078,-4.01933,-3.97701,-3.94628,-3.89131,-3.87249,-3.86922,-3.6997,-3.6997,-3.6997,-3.6997,-3.6997,-3.6997,-3.6997,0.516838,0.545953,0.560974,0.575824,0.593033,0.607254,0.608604,0.693316,0.693316,0.693316,0.693316,0.693316,0.693316,0.693316,873.576,873.576,873.576,9.10223e-14,873.576,873.576,873.576,873.576,873.576,873.576,873.576,940.864,972.421,976.152,6.24184,938.763,943.268,946.107,964.141,996.198,1007.44,1042.76,1253.71,1253.71,1253.71,7.28179e-14,1253.71,1253.71,1253.71,1253.71,1253.71,1253.71,1253.71,1341.98,1337.24,1352.37,7.43599,1306.78,1314.75,1317.73,1338.13,1373.93,1388.3,1432.97,-9999,-9999,-9999,-9999,-9999,-9999,-9999,-9999,-9999,-9999,-9999,-9999,-9999,-9999,-9999,-9999,-9999,-9999,-9999,-9999,-9999,-9999,-9999,-9999,-9999,-9999,-9999,-9999,-9999,-9999,-9999,-9999,-9999,-9999,-9999,-9999,-9999,-9999,-9999,-9999,-9999,-9999,-9999,-9999,-9999,-9999
2000,7.612,0.984574,5.986,2.334,0.984882,8.911,2.937,0.98417,6.927,4.183,1.561,9.229,2.033,7.708,0.984574,6.073,2.353,0.984882,9.019,2.926,0.98417,-9999,-9999,80.202,80.202,0.0,-9999,-9999,307.1,307.1,0.0,-9999,-9999,295.293,295.293,0.0,-9999,-9999,3.767,3.767,0.0,100.565,100.566,1.0,1009.213,972.032,0.984688,2.088,2.447,0.727516,0.4520555888942135,0.6909153005464481,94.87421997196401,0.6845969945355191,-9999,-9999,-9999,-9999,-9999,-9999,380.937,0.893613,6.018,5.877,6.148,6.133,5.992,0.745219,0.745219,0.745219,0.745219,0.745446,5.81,24.535,27.049,20.877,27.866,0.745219,0.735542,0.746243,0.745219,0.745446,-9999,-9999,36.4359,-9999,-9999,-9999,25.9527,-9999,-9999,-9999,-9999,-9999,0.0,0.0,-447.82,-425.557,0.489925,0.687842,-9999,-9999,-9999,-9999,-451.798,-425.557,0.478939,0.687842,-9999,-9999,-9999,-9999,-455.906,-425.557,0.477063,0.687842,4.14661,1.82045e-14,-517.814,-485.204,-461.877,-453.707,-437.426,-432.677,-424.118,-425.557,-425.557,-425.557,-425.557,-425.557,-425.557,-425.557,0.392703,0.428734,0.447063,0.472905,0.516564,0.521972,0.535007,0.687842,0.687842,0.687842,0.687842,0.687842,0.687842,0.687842,2.99762,2.71189,1.39689,1.89502,0.371817,0.676554,-9999,-9999,-9999,-9999,-4.1342,-3.82061,4.38991,4.59853,0.581661,0.692124,-9999,-9999,-9999,-9999,2.97937,2.71189,1.38691,1.89502,0.354105,0.676554,-9999,-9999,-9999,-9999,-4.1418,-3.82061,4.39004,4.59853,0.575897,0.692124,-9999,-9999,-9999,-9999,2.80205,2.88697,2.95664,2.98223,3.01775,3.02479,3.03285,2.71189,2.71189,2.71189,2.71189,2.71189,2.71189,2.71189,0.27052,0.287318,0.348406,0.351858,0.421062,0.382992,0.446429,0.676554,0.676554,0.676554,0.676554,0.676554,0.676554,0.676554,-4.33369,-4.23473,-4.18867,-4.14279,-4.1009,-4.08314,-4.05065,-3.82061,-3.82061,-3.82061,-3.82061,-3.82061,-3.82061,-3.82061,0.507595,0.536905,0.552136,0.571946,0.591608,0.601342,0.609122,0.692124,0.692124,0.692124,0.692124,0.692124,0.692124,0.692124,1074.12,1074.12,1074.12,7.28179e-14,1074.12,1074.12,1074.12,1074.12,1074.12,1074.12,1074.12,1197.21,1193.46,1187.82,2.74861,1160.36,1174.9,1182.89,1189.77,1197.75,1202.61,1204.42,1499.67,1499.67,1499.67,3.64089e-14,1499.67,1499.67,1499.67,1499.67,1499.67,1499.67,1499.67,1656.31,1645.26,1643.73,3.43862,1605.59,1615.2,1629.88,1644.13,1659.65,1661.8,1665.65,-9999,-9999,-9999,-9999,-9999,-9999,-9999,-9999,-9999,-9999,-9999,-9999,-9999,-9999,-9999,-9999,-9999,-9999,-9999,-9999,-9999,-9999,-9999,-9999,-9999,-9999,-9999,-9999,-9999,-9999,-9999,-9999,-9999,-9999,-9999,-9999,-9999,-9999,-9999,-9999,-9999,-9999,-9999,-9999,-9999,-9999
2001,-10.702,0.0,-11.797,1.592,0.0,-9.691,2.179,0.0,6.648,3.911,1.623,8.919,2.024,6.648,0.0,3.911,1.623,0.0,8.919,2.024,0.0,-9999,-9999,81.834,81.834,0.0,-9999,-9999,305.782,305.782,0.0,-9999,-9999,293.374,293.374,0.0,-9999,-9999,3.911,3.911,0.0,100.567,100.606,1.0,835.968,835.968,0.0,2.086,2.488,0.770491,0.452786379806658,0.7467465753424658,-9999,-9999,-9999,-9999,-9999,-9999,-9999,-9999,379.761,0.932591,7.268,7.005,7.168,6.897,6.668,0.635616,0.635616,0.635616,0.635616,0.635616,3.215,6.232,14.743,15.343,22.296,0.635616,0.635616,0.635616,0.635616,0.635616,-9999,-9999,31.6486,-9999,-9999,-9999,31.9411,-9999,-9999,-9999,-9999,-9999,0.0,0.0,-361.547,-385.422,0.54161,0.764441,-9999,-9999,-9999,-9999,-356.848,-385.422,0.529623,0.764441,-9999,-9999,-9999,-9999,-357.128,-385.422,0.527407,0.764441,1.33641,2.73067e-14,-367.677,-364.778,-362.545,-357.492,-354.389,-348.442,-342.916,-385.422,-385.422,-385.422,-385.422,-385.422,-385.422,-385.422,0.435845,0.461872,0.544064,0.536758,0.555993,0.574258,0.593322,0.764441,0.764441,0.764441,0.764441,0.764441,0.764441,0.764441,3.49935,3.06105,1.34676,1.9711,0.401008,0.739898,-9999,-9999,-9999,-9999,-4.10376,-3.89073,4.52792,4.74425,0.658125,0.78493,-9999,-9999,-9999,-9999,3.53524,3.06105,1.36285,1.9711,0.383882,0.739898,-9999,-9999,-9999,-9999,-4.11048,-3.89073,4.52689,4.74425,0.649756,0.78493,-9999,-9999,-9999,-9999,3.48276,3.49902,3.50834,3.53318,3.579,3.63003,3.68182,3.06105,3.06105,3.06105,3.06105,3.06105,3.06105,3.06105,0.442033,0.423653,0.42964,0.386333,0.344587,0.318615,0.279734,0.739898,0.739898,0.739898,0.739898,0.739898,0.739898,0.739898,-4.29399,-4.23399,-4.20248,-4.11406,-4.07108,-4.05294,-4.02412,-3.89073,-3.89073,-3.89073,-3.89073,-3.89073,-3.89073,-3.89073,0.573641,0.609618,0.625271,0.648761,0.67348,0.680058,0.693594,0.78493,0.78493,0.78493,0.78493,0.78493,0.78493,0.78493,85.5782,85.5782,85.5782,0.0,85.5782,85.5782,85.5782,85.5782,85.5782,85.5782,85.5782,81.2629,81.7985,73.0172,3.2837,37.2632,37.8263,58.6461,81.22,83.5169,91.8906,101.657,-100.099,-100.099,-100.099,2.27556e-15,-100.099,-100.099,-100.099,-100.099,-100.099,-100.099,-100.099,-106.109,-82.9562,-116.256,7.01538,-183.755,-183.192,-149.134,-99.1831,-82.1405,-79.8139,-64.7988,-9999,-9999,-9999,-9999,-9999,-9999,-9999,-9999,-9999,-9999,-9999,-9999,-9999,-9999,-9999,-9999,-9999,-9999,-9999,-9999,-9999,-9999,-9999,-9999,-9999,-9999,-9999,-9999,-9999,-9999,-9999,-9999,-9999,-9999,-9999,-9999,-9999,-9999,-9999,-9999,-9999,-9999,-9999,-9999,-9999,-9999
2002,-10.696,0.0,-11.793,1.589,0.0,-9.684,2.173,0.0,7.026,4.28,1.51,9.36,2.037,7.026,0.0,4.28,1.51,0.0,9.36,2.037,0.0,-9999,-9999,80.128,80.128,0.0,-9999,-9999,307.318,307.318,0.0,-9999,-9999,295.609,295.609,0.0,-9999,-9999,3.767,3.767,0.0,100.564,100.57,1.0,851.421,851.421,0.0,2.102,2.536,0.701541,0.5162152712438651,0.6656963470319636,-9999,-9999,-9999,-9999,-9999,-9999,-9999,-9999,381.311,0.845719,6.691,6.631,6.968,6.874,6.727,0.99903,1.0,1.0,1.0,1.0,3.911,25.522,25.292,20.274,26.648,0.999829,1.0,1.0,1.0,1.0,-9999,-9999,25.4119,-9999,-9999,-9999,26.628,-9999,-9999,-9999,-9999,-9999,0.0,0.0,-345.316,-344.294,0.518265,0.690011,-9999,-9999,-9999,-9999,-351.409,-344.294,0.507192,0.690011,-9999,-9999,-9999,-9999,-350.01,-344.294,0.504018,0.690011,2.04963,2.73067e-14,-369.176,-365.772,-364.688,-350.532,-340.881,-333.251,-331.038,-344.294,-344.294,-344.294,-344.294,-344.294,-344.294,-344.294,0.405365,0.481164,0.445491,0.504224,0.538584,0.541438,0.555879,0.690011,0.690011,0.690011,0.690011,0.690011,0.690011,0.690011,3.04503,2.7147,1.39657,1.77655,0.422373,0.680887,-9999,-9999,-9999,-9999,-3.61923,-3.37751,4.0985,4.21862,0.595957,0.696426,-9999,-9999,-9999,-9999,3.04311,2.7147,1.38816,1.77655,0.406994,0.680887,-9999,-9999,-9999,-9999,-3.65068,-3.37751,4.07247,4.21862,0.589078,0.696426,-9999,-9999,-9999,-9999,2.97069,3.00216,3.02073,3.04156,3.05865,3.07447,3.11624,2.7147,2.7147,2.7147,2.7147,2.7147,2.7147,2.7147,0.491232,0.470823,0.435644,0.393409,0.370568,0.373455,0.310809,0.680887,0.680887,0.680887,0.680887,0.680887,0.680887,0.680887,-3.79353,-3.73608,-3.72798,-3.6461,-3.57455,-3.53445,-3.51548,-3.37751,-3.37751,-3.37751,-3.37751,-3.37751,-3.37751,-3.37751,0.52329,0.563348,0.569313,0.586183,0.605383,0.610138,0.618357,0.696426,0.696426,0.696426,0.696426,0.696426,0.696426,0.696426,85.5782,85.5782,85.5782,0.0,85.5782,85.5782,85.5782,85.5782,85.5782,85.5782,85.5782,81.2629,81.7985,73.0172,3.2837,37.2632,37.8263,58.6461,81.22,83.5169,91.8906,101.657,-100.099,-100.099,-100.099,2.27556e-15,-100.099,-100.099,-100.099,-100.099,-100.099,-100.099,-100.099,-106.109,-82.9562,-116.256,7.01538,-183.755,-183.192,-149.134,-99.1831,-82.1405,-79.8139,-64.7988,-9999,-9999,-9999,-9999,-9999,-9999,-9999,-9999,-9999,-9999,-9999,-9999,-9999,-9999,-9999,-9999,-9999,-9999,-9999,-9999,-9999,-9999,-9999,-9999,-9999,-9999,-9999,-9999,-9999,-9999,-9999,-9999,-9999,-9999,-9999,-9999,-9999,-9999,-9999,-9999,-9999,-9999,-9999,-9999,-9999,-9999
2003,-10.696,0.0,-11.792,1.595,0.0,-9.684,2.181,0.0,7.771,4.808,1.783,10.251,2.191,7.771,0.0,4.808,1.783,0.0,10.251,2.191,0.0,-9999,-9999,89.749,89.749,0.0,-9999,-9999,306.406,306.406,0.0,-9999,-9999,294.282,294.282,0.0,-9999,-9999,4.365,4.365,0.0,100.567,100.536,1.0,857.609,857.609,0.0,1.995,2.408,0.68339,0.39166389156481657,0.6450342465753425,-9999,-9999,-9999,-9999,-9999,-9999,-9999,-9999,378.339,0.923345,6.447,6.316,6.598,6.482,6.319,1.0,1.0,1.0,1.0,1.0,7.268,26.912,28.62,26.086,32.012,1.0,1.0,1.0,0.999658,1.0,-9999,-9999,28.6161,-9999,-9999,-9999,30.4922,-9999,-9999,-9999,-9999,-9999,0.0,0.0,-389.873,-382.663,0.408162,0.632763,-9999,-9999,-9999,-9999,-398.536,-382.663,0.399144,0.632763,-9999,-9999,-9999,-9999,-401.119,-382.663,0.397155,0.632763,2.77971,6.37156e-14,-438.905,-419.942,-410.098,-397.441,-389.903,-387.163,-381.629,-382.663,-382.663,-382.663,-382.663,-382.663,-382.663,-382.663,0.32129,0.356678,0.381564,0.399886,0.425799,0.438699,0.448231,0.632763,0.632763,0.632763,0.632763,0.632763,0.632763,0.632763,2.82253,2.40589,1.13965,1.75777,0.264946,0.593317,-9999,-9999,-9999,-9999,-3.70758,-3.35843,3.89231,4.18458,0.514814,0.658971,-9999,-9999,-9999,-9999,2.81046,2.40589,1.14988,1.75777,0.2521,0.593317,-9999,-9999,-9999,-9999,-3.74218,-3.35843,3.86099,4.18458,0.508279,0.658971,-9999,-9999,-9999,-9999,2.65997,2.75196,2.76967,2.80852,2.81726,2.82047,2.82546,2.40589,2.40589,2.40589,2.40589,2.40589,2.40589,2.40589,0.162835,0.227745,0.217103,0.322216,0.336064,0.265909,0.298016,0.593317,0.593317,0.593317,0.593317,0.593317,0.593317,0.593317,-3.83937,-3.82223,-3.77156,-3.74176,-3.71017,-3.69423,-3.66682,-3.35843,-3.35843,-3.35843,-3.35843,-3.35843,-3.35843,-3.35843,0.410385,0.474182,0.487594,0.507984,0.516357,0.536907,0.542233,0.658971,0.658971,0.658971,0.658971,0.658971,0.658971,0.658971,85.5782,85.5782,85.5782,0.0,85.5782,85.5782,85.5782,85.5782,85.5782,85.5782,85.5782,81.2629,81.7985,73.0172,3.2837,37.2632,37.8263,58.6461,81.22,83.5169,91.8906,101.657,-100.099,-100.099,-100.099,2.27556e-15,-100.099,-100.099,-100.099,-100.099,-100.099,-100.099,-100.099,-106.109,-82.9562,-116.256,7.01538,-183.755,-183.192,-149.134,-99.1831,-82.1405,-79.8139,-64.7988,-9999,-9999,-9999,-9999,-9999,-9999,-9999,-9999,-9999,-9999,-9999,-9999,-9999,-9999,-9999,-9999,-9999,-9999,-9999,-9999,-9999,-9999,-9999,-9999,-9999,-9999,-9999,-9999,-9999,-9999,-9999,-9999,-9999,-9999,-9999,-9999,-9999,-9999,-9999,-9999,-9999,-9999,-9999,-9999,-9999,-9999
2004,-8.819,0.0,-9.293,1.566,0.0,-8.402,2.119,0.0,6.47,3.666,1.587,8.802,2.053,6.47,0.0,3.666,1.587,0.0,8.802,2.053,0.0,-9999,-9999,85.608,85.608,0.0,-9999,-9999,304.087,304.087,0.0,-9999,-9999,290.906,290.906,0.0,-9999,-9999,3.898,3.898,0.0,100.57,100.648,1.0,769.411,769.411,0.0,2.014,2.477,0.724158,0.41948831643106405,0.6864754098360656,-9999,-9999,-9999,-9999,-9999,-9999,-9999,-9999,381.241,0.884791,6.404,6.327,6.602,6.512,6.371,1.0,1.0,1.0,1.0,1.0,7.858,26.64,28.237,23.798,31.568,1.0,0.998918,1.0,1.0,1.0,-9999,-9999,25.3721,-9999,-9999,-9999,34.6813,-9999,-9999,-9999,-9999,-9999,0.0,0.0,-365.637,-376.843,0.447575,0.637694,-9999,-9999,-9999,-9999,-367.559,-376.843,0.438012,0.637694,-9999,-9999,-9999,-9999,-371.282,-376.843,0.436586,0.637694,1.99544,3.64089e-14,-390.815,-382.117,-381.238,-375.359,-359.777,-357.788,-356.34,-376.843,-376.843,-376.843,-376.843,-376.843,-376.843,-376.843,0.364356,0.414788,0.390084,0.431239,0.462773,0.480817,0.465392,0.637694,0.637694,0.637694,0.637694,0.637694,0.637694,0.637694,3.20132,2.7383,0.982789,1.53512,0.319842,0.60221,-9999,-9999,-9999,-9999,-3.89443,-3.60725,3.8726,4.09928,0.55211,0.667025,-9999,-9999,-9999,-9999,3.20962,2.7383,0.972501,1.53512,0.307124,0.60221,-9999,-9999,-9999,-9999,-3.91267,-3.60725,3.84988,4.09928,0.54493,0.667025,-9999,-9999,-9999,-9999,3.11613,3.16176,3.16549,3.17368,3.19978,3.20465,3.2122,2.7383,2.7383,2.7383,2.7383,2.7383,2.7383,2.7383,0.397446,0.27833,0.289328,0.330104,0.324474,0.33884,0.335637,0.60221,0.60221,0.60221,0.60221,0.60221,0.60221,0.60221,-4.00525,-3.96522,-3.94122,-3.92317,-3.86899,-3.84105,-3.82134,-3.60725,-3.60725,-3.60725,-3.60725,-3.60725,-3.60725,-3.60725,0.479922,0.506786,0.526481,0.539925,0.565108,0.574147,0.579856,0.667025,0.667025,0.667025,0.667025,0.667025,0.667025,0.667025,85.8127,85.8127,85.8127,4.55112e-15,85.8127,85.8127,85.8127,85.8127,85.8127,85.8127,85.8127,81.4855,82.0226,73.2173,3.29269,37.3653,37.9299,58.8068,81.4425,83.7457,92.1423,101.935,-100.374,-100.374,-100.374,2.27556e-15,-100.374,-100.374,-100.374,-100.374,-100.374,-100.374,-100.374,-106.399,-83.1835,-116.574,7.0346,-184.259,-183.694,-149.543,-99.4548,-82.3655,-80.0325,-64.9763,-9999,-9999,-9999,-9999,-9999,-9999,-9999,-9999,-9999,-9999,-9999,-9999,-9999,-9999,-9999,-9999,-9999,-9999,-9999,-9999,-9999,-9999,-9999,-9999,-9999,-9999,-9999,-9999,-9999,-9999,-9999,-9999,-9999,-9999,-9999,-9999,-9999,-9999,-9999,-9999,-9999,-9999,-9999,-9999,-9999,-9999
2005,-6.972,0.0,-6.803,1.586,0.0,-7.106,2.059,0.0,6.482,3.423,1.701,9.012,2.218,6.482,0.0,3.423,1.701,0.0,9.012,2.218,0.0,-9999,-9999,88.636,88.636,0.0,-9999,-9999,302.633,302.633,0.0,-9999,-9999,288.789,288.789,0.0,-9999,-9999,4.142,4.142,0.0,100.575,100.571,0.997945,605.825,605.825,0.0,2.019,2.301,0.504623,-9999,-9999,-9999,-9999,-9999,-9999,-9999,-9999,-9999,-9999,384.351,0.832763,6.506,6.378,6.614,6.507,6.348,1.0,1.0,1.0,1.0,1.0,8.827,26.515,32.106,28.792,35.3,0.999372,1.0,1.0,1.0,1.0,-9999,-9999,22.5718,-9999,-9999,-9999,35.0715,-9999,-9999,-9999,-9999,-9999,0.0,0.0,-363.643,-291.358,0.289269,0.436701,-9999,-9999,-9999,-9999,-376.767,-291.358,0.282877,0.436701,-9999,-9999,-9999,-9999,-376.404,-291.358,0.279806,0.436701,3.86976,0.0,-421.649,-396.099,-394.554,-379.83,-357.428,-354.003,-345.396,-291.358,-291.358,-291.358,-291.358,-291.358,-291.358,-291.358,0.227283,0.258676,0.255023,0.281621,0.301884,0.299372,0.312215,0.436701,0.436701,0.436701,0.436701,0.436701,0.436701,0.436701,2.84775,2.58733,0.927187,1.33451,0.213107,0.416803,-9999,-9999,-9999,-9999,-3.64905,-3.1413,3.68103,3.80709,0.362294,0.457727,-9999,-9999,-9999,-9999,2.79552,2.58733,0.968323,1.33451,0.204612,0.416803,-9999,-9999,-9999,-9999,-3.67508,-3.1413,3.67265,3.80709,0.35759,0.457727,-9999,-9999,-9999,-9999,2.58815,2.69718,2.70907,2.77509,2.85364,2.88475,2.96354,2.58733,2.58733,2.58733,2.58733,2.58733,2.58733,2.58733,0.134573,0.16026,0.18383,0.202538,0.213967,0.22244,0.240197,0.416803,0.416803,0.416803,0.416803,0.416803,0.416803,0.416803,-3.74829,-3.71915,-3.69945,-3.67273,-3.62628,-3.61952,-3.60935,-3.1413,-3.1413,-3.1413,-3.1413,-3.1413,-3.1413,-3.1413,0.313892,0.331199,0.338803,0.349463,0.379071,0.373066,0.369053,0.457727,0.457727,0.457727,0.457727,0.457727,0.457727,0.457727,85.5782,85.5782,85.5782,0.0,85.5782,85.5782,85.5782,85.5782,85.5782,85.5782,85.5782,81.2629,81.7985,73.0172,3.2837,37.2632,37.8263,58.6461,81.22,83.5169,91.8906,101.657,-100.099,-100.099,-100.099,2.27556e-15,-100.099,-100.099,-100.099,-100.099,-100.099,-100.099,-100.099,-106.109,-82.9562,-116.256,7.01538,-183.755,-183.192,-149.134,-99.1831,-82.1405,-79.8139,-64.7988,-9999,-9999,-9999,-9999,-9999,-9999,-9999,-9999,-9999,-9999,-9999,-9999,-9999,-9999,-9999,-9999,-9999,-9999,-9999,-9999,-9999,-9999,-9999,-9999,-9999,-9999,-9999,-9999,-9999,-9999,-9999,-9999,-9999,-9999,-9999,-9999,-9999,-9999,-9999,-9999,-9999,-9999,-9999,-9999,-9999,-9999
2006,-6.979,0.0,-6.81,1.586,0.0,-7.114,2.059,0.0,7.292,4.404,1.583,9.674,2.098,7.292,0.0,4.404,1.583,0.0,9.674,2.098,0.0,-9999,-9999,84.535,84.535,0.0,-9999,-9999,307.398,307.398,0.0,-9999,-9999,295.726,295.726,0.0,-9999,-9999,4.021,4.021,0.0,100.568,100.453,1.0,866.515,866.515,0.0,2.001,2.368,0.754966,0.38060544464458784,0.7162671232876713,-9999,-9999,-9999,-9999,-9999,-9999,-9999,-9999,383.901,0.927854,6.467,6.309,6.474,6.307,6.137,1.0,1.0,1.0,1.0,1.0,9.598,27.69,28.438,28.804,35.615,1.0,1.0,1.0,1.0,1.0,-9999,-9999,24.6562,-9999,-9999,-9999,31.54,-9999,-9999,-9999,-9999,-9999,0.0,0.0,-402.352,-395.982,0.483447,0.725742,-9999,-9999,-9999,-9999,-405.188,-395.982,0.470491,0.725742,-9999,-9999,-9999,-9999,-410.09,-395.982,0.468657,0.725742,2.01446,9.10223e-15,-447.084,-416.834,-410.442,-406.377,-404.178,-402.273,-401.683,-395.982,-395.982,-395.982,-395.982,-395.982,-395.982,-395.982,0.378653,0.428482,0.45274,0.455308,0.518607,0.4875,0.485616,0.725742,0.725742,0.725742,0.725742,0.725742,0.725742,0.725742,2.88738,2.50235,1.07508,1.52884,0.324918,0.684425,-9999,-9999,-9999,-9999,-3.83951,-3.52613,3.83246,3.94623,0.617588,0.760434,-9999,-9999,-9999,-9999,2.871,2.50235,1.03316,1.52884,0.306243,0.684425,-9999,-9999,-9999,-9999,-3.84619,-3.52613,3.81385,3.94623,0.608797,0.760434,-9999,-9999,-9999,-9999,2.76244,2.81223,2.82226,2.86059,2.8766,2.88287,2.88738,2.50235,2.50235,2.50235,2.50235,2.50235,2.50235,2.50235,0.201548,0.373271,0.35965,0.281675,0.261932,0.288875,0.324918,0.684425,0.684425,0.684425,0.684425,0.684425,0.684425,0.684425,-3.96366,-3.89903,-3.86599,-3.84683,-3.81843,-3.80653,-3.79782,-3.52613,-3.52613,-3.52613,-3.52613,-3.52613,-3.52613,-3.52613,0.52492,0.566322,0.583767,0.60755,0.632542,0.64661,0.641436,0.760434,0.760434,0.760434,0.760434,0.760434,0.760434,0.760434,85.5782,85.5782,85.5782,0.0,85.5782,85.5782,85.5782,85.5782,85.5782,85.5782,85.5782,81.2629,81.7985,73.0172,3.2837,37.2632,37.8263,58.6461,81.22,83.5169,91.8906,101.657,-100.099,-100.099,-100.099,2.27556e-15,-100.099,-100.099,-100.099,-100.099,-100.099,-100.099,-100.099,-106.109,-82.9562,-116.256,7.01538,-183.755,-183.192,-149.134,-99.1831,-82.1405,-79.8139,-64.7988,-9999,-9999,-9999,-9999,-9999,-9999,-9999,-9999,-9999,-9999,-9999,-9999,-9999,-9999,-9999,-9999,-9999,-9999,-9999,-9999,-9999,-9999,-9999,-9999,-9999,-9999,-9999,-9999,-9999,-9999,-9999,-9999,-9999,-9999,-9999,-9999,-9999,-9999,-9999,-9999,-9999,-9999,-9999,-9999,-9999,-9999
2007,-6.969,0.000114155,-6.8,1.589,0.000182648,-7.105,2.063,0.0,6.675,3.923,1.556,9.028,2.068,6.676,0.000114155,3.923,1.556,0.000182648,9.028,2.068,0.0,-9999,-9999,81.469,81.469,0.0,-9999,-9999,305.785,305.785,0.0,-9999,-9999,293.377,293.377,0.0,-9999,-9999,3.711,3.711,0.0,100.576,100.526,0.997203,867.475,867.38,5.70776e-05,2.08,2.418,0.76153,0.3848127357656333,0.7150684931506849,-9999,-9999,-9999,-9999,-9999,-9999,-9999,-9999,389.76,0.952112,6.256,6.138,6.383,6.228,6.052,1.0,1.0,1.0,1.0,1.0,5.17,25.328,25.928,21.886,28.77,1.0,0.999372,1.0,1.0,1.0,-9999,-9999,22.9113,-9999,-9999,-9999,36.0554,-9999,-9999,-9999,-9999,-9999,0.0,0.0,-399.563,-384.529,0.470662,0.710845,-9999,-9999,-9999,-9999,-397.396,-384.529,0.460103,0.710845,-9999,-9999,-9999,-9999,-394.547,-384.529,0.457043,0.710845,1.09572,2.73067e-14,-405.827,-401.154,-397.68,-396.411,-391.562,-388.132,-380.741,-384.529,-384.529,-384.529,-384.529,-384.529,-384.529,-384.529,0.405194,0.354167,0.457021,0.446575,0.48516,0.496975,0.511416,0.710845,0.710845,0.710845,0.710845,0.710845,0.710845,0.710845,2.4868,2.17425,0.938323,1.51279,0.316629,0.674163,-9999,-9999,-9999,-9999,-3.5018,-3.20811,3.39884,3.59222,0.597065,0.742114,-9999,-9999,-9999,-9999,2.51172,2.17425,0.934425,1.51279,0.302198,0.674163,-9999,-9999,-9999,-9999,-3.5099,-3.20811,3.39037,3.59222,0.588858,0.742114,-9999,-9999,-9999,-9999,2.49273,2.50115,2.5067,2.514,2.5213,2.52833,2.54526,2.17425,2.17425,2.17425,2.17425,2.17425,2.17425,2.17425,0.320578,0.308526,0.334531,0.27337,0.377155,0.269305,0.220024,0.674163,0.674163,0.674163,0.674163,0.674163,0.674163,0.674163,-3.56303,-3.55479,-3.5182,-3.50499,-3.48221,-3.46709,-3.44097,-3.20811,-3.20811,-3.20811,-3.20811,-3.20811,-3.20811,-3.20811,0.534392,0.545211,0.568501,0.570525,0.606273,0.614222,0.622388,0.742114,0.742114,0.742114,0.742114,0.742114,0.742114,0.742114,85.5782,85.5782,85.5782,0.0,85.5782,85.5782,85.5782,85.5782,85.5782,85.5782,85.5782,81.2629,81.7985,73.0172,3.2837,37.2632,37.8263,58.6461,81.22,83.5169,91.8906,101.657,-100.099,-100.099,-100.099,2.27556e-15,-100.099,-100.099,-100.099,-100.099,-100.099,-100.099,-100.099,-106.109,-82.9562,-116.256,7.01538,-183.755,-183.192,-149.134,-99.1831,-82.1405,-79.8139,-64.7988,-9999,-9999,-9999,-9999,-9999,-9999,-9999,-9999,-9999,-9999,-9999,-9999,-9999,-9999,-9999,-9999,-9999,-9999,-9999,-9999,-9999,-9999,-9999,-9999,-9999,-9999,-9999,-9999,-9999,-9999,-9999,-9999,-9999,-9999,-9999,-9999,-9999,-9999,-9999,-9999,-9999,-9999,-9999,-9999,-9999,-9999
2008,7.011,0.840847,5.509,2.293,0.843398,8.226,2.938,0.83758,6.353,3.652,1.669,8.662,2.024,6.376,0.840847,4.603,2.26,0.843398,7.835,2.833,0.83758,-9999,-9999,80.939,80.939,0.0,-9999,-9999,304.859,304.859,0.0,-9999,-9999,292.029,292.029,0.0,-9999,-9999,3.696,3.696,0.0,100.567,100.573,0.855647,1040.535,955.124,0.909722,1.968,2.271,0.691029,0.36802687029065306,0.6464025500910746,-9999,-9999,-9999,-9999,-9999,-9999,-9999,-9999,397.078,0.871357,6.944,6.888,7.145,6.972,6.777,0.998691,0.998691,0.998691,0.998691,0.998691,7.085,27.884,29.307,26.711,33.304,0.998691,0.998691,0.998691,0.998691,0.998691,-9999,-9999,19.2137,-9999,-9999,-9999,31.7905,-9999,-9999,-9999,-9999,-9999,0.0,0.0,-372.946,-355.188,0.386441,0.612762,-9999,-9999,-9999,-9999,-379.185,-355.188,0.376082,0.612762,-9999,-9999,-9999,-9999,-379.537,-355.188,0.374051,0.612762,3.84006,2.73067e-14,-428.887,-410.865,-393.671,-379.038,-357.057,-353.795,-352.012,-355.188,-355.188,-355.188,-355.188,-355.188,-355.188,-355.188,0.298554,0.325023,0.347222,0.372439,0.400786,0.427596,0.423896,0.612762,0.612762,0.612762,0.612762,0.612762,0.612762,0.612762,2.88831,2.54842,0.988046,1.6157,0.248777,0.587417,-9999,-9999,-9999,-9999,-3.71277,-3.36211,3.58132,3.81257,0.494493,0.625088,-9999,-9999,-9999,-9999,2.895,2.54842,0.970141,1.6157,0.235425,0.587417,-9999,-9999,-9999,-9999,-3.75117,-3.36211,3.56708,3.81257,0.485708,0.625088,-9999,-9999,-9999,-9999,2.77487,2.81933,2.83012,2.88831,2.90739,2.91849,2.93881,2.54842,2.54842,2.54842,2.54842,2.54842,2.54842,2.54842,0.159806,0.171862,0.193235,0.248777,0.263412,0.282526,0.273191,0.587417,0.587417,0.587417,0.587417,0.587417,0.587417,0.587417,-3.93221,-3.85816,-3.7869,-3.75043,-3.6696,-3.64511,-3.62029,-3.36211,-3.36211,-3.36211,-3.36211,-3.36211,-3.36211,-3.36211,0.413129,0.447282,0.465588,0.4777,0.507275,0.512224,0.525884,0.625088,0.625088,0.625088,0.625088,0.625088,0.625088,0.625088,1001.51,1001.51,1001.51,1.82045e-14,1001.51,1001.51,1001.51,1001.51,1001.51,1001.51,1001.51,1110.89,1101.46,1101.27,1.75335,1084.03,1089.56,1092.13,1100.28,1111.01,1112.13,1115.41,1356.7,1356.7,1356.7,2.18454e-13,1356.7,1356.7,1356.7,1356.7,1356.7,1356.7,1356.7,1481.77,1480.65,1480.8,2.55154,1451.26,1467.4,1472.18,1479.2,1484.54,1494.64,1510.39,-9999,-9999,-9999,-9999,-9999,-9999,-9999,-9999,-9999,-9999,-9999,-9999,-9999,-9999,-9999,-9999,-9999,-9999,-9999,-9999,-9999,-9999,-9999,-9999,-9999,-9999,-9999,-9999,-9999,-9999,-9999,-9999,-9999,-9999,-9999,-9999,-9999,-9999,-9999,-9999,-9999,-9999,-9999,-9999,-9999,-9999
2009,7.967,0.998288,6.417,2.44,0.999433,9.279,3.027,0.996838,7.023,4.046,1.653,9.496,2.146,7.969,0.998288,6.418,2.441,0.999433,9.284,3.029,0.996838,-9999,-9999,85.421,85.421,0.0,-9999,-9999,305.015,305.015,0.0,-9999,-9999,292.257,292.257,0.0,-9999,-9999,4.08,4.08,0.0,100.56,100.585,0.824087,862.969,923.291,0.998459,1.971,2.349,0.68653,0.3900834909258823,0.6310502283105023,-9999,-9999,-9999,-9999,-9999,-9999,-9999,-9999,406.618,0.846632,6.947,6.871,7.133,6.978,6.815,0.998687,0.998687,0.998687,0.998687,0.998687,8.491,28.63,30.044,27.351,34.147,0.998687,0.998687,0.998687,0.998687,0.998687,-9999,-9999,27.43,-9999,-9999,-9999,34.3847,-9999,-9999,-9999,-9999,-9999,0.0,0.0,-385.304,-278.757,0.215068,0.341381,-9999,-9999,-9999,-9999,-392.046,-278.757,0.208447,0.341381,-9999,-9999,-9999,-9999,-385.522,-278.757,0.208679,0.341381,3.5438,2.73067e-14,-408.509,-405.691,-404.069,-388.232,-385.304,-358.991,-345.717,-278.757,-278.757,-278.757,-278.757,-278.757,-278.757,-278.757,0.191553,0.204167,0.206279,0.22597,0.215068,0.228881,0.233105,0.341381,0.341381,0.341381,0.341381,0.341381,0.341381,0.341381,2.75894,2.98356,0.964224,1.27691,0.147058,0.327433,-9999,-9999,-9999,-9999,-3.67997,-3.26464,3.56667,3.96567,0.283781,0.354461,-9999,-9999,-9999,-9999,2.76914,2.98356,0.954632,1.27691,0.137257,0.327433,-9999,-9999,-9999,-9999,-3.72309,-3.26464,3.61121,3.96567,0.280055,0.354461,-9999,-9999,-9999,-9999,2.72506,2.73767,2.75894,2.76919,2.80043,2.92947,2.95768,2.98356,2.98356,2.98356,2.98356,2.98356,2.98356,2.98356,0.160878,0.150619,0.147058,0.136631,0.105688,0.184389,0.169928,0.327433,0.327433,0.327433,0.327433,0.327433,0.327433,0.327433,-3.82621,-3.78286,-3.77603,-3.72135,-3.66932,-3.62268,-3.6077,-3.26464,-3.26464,-3.26464,-3.26464,-3.26464,-3.26464,-3.26464,0.245034,0.271824,0.268019,0.261878,0.288896,0.292359,0.296867,0.354461,0.354461,0.354461,0.354461,0.354461,0.354461,0.354461,1113.23,1113.23,1113.23,1.82045e-13,1113.23,1113.23,1113.23,1113.23,1113.23,1113.23,1113.23,1095.81,1096.27,1145.37,15.7679,1092.02,1094.04,1095.58,1098.73,1108.73,1335.58,1365.8,1391.98,1391.98,1391.98,1.45636e-13,1391.98,1391.98,1391.98,1391.98,1391.98,1391.98,1391.98,1501.23,1488.32,1530.89,13.1166,1480.5,1481.9,1482.81,1501.23,1510.47,1657.09,1712.41,-9999,-9999,-9999,-9999,-9999,-9999,-9999,-9999,-9999,-9999,-9999,-9999,-9999,-9999,-9999,-9999,-9999,-9999,-9999,-9999,-9999,-9999,-9999,-9999,-9999,-9999,-9999,-9999,-9999,-9999,-9999,-9999,-9999,-9999,-9999,-9999,-9999,-9999,-9999,-9999,-9999,-9999,-9999,-9999,-9999,-9999
2010,8.565,1.0,6.977,2.031,1.0,9.83,2.778,1.0,5.902,3.169,1.586,8.192,1.972,8.565,1.0,6.977,2.031,1.0,9.83,2.778,1.0,-9999,-9999,85.205,85.205,0.0,-9999,-9999,302.0,302.0,0.0,-9999,-9999,287.867,287.867,0.0,-9999,-9999,4.05,4.05,0.0,100.553,100.219,1.0,858.831,891.2,1.0,2.048,2.374,0.684247,0.4066576099508452,0.6359018264840183,-9999,-9999,289.0623712151151,1.0,-9999,-9999,-9999,-9999,396.604,0.846747,7.8,7.746,7.953,7.729,7.509,1.0,1.0,1.0,0.989212,0.989212,6.077,26.853,28.114,22.256,31.795,1.0,0.953368,1.0,0.989212,0.989212,-9999,-9999,28.34,-9999,-9999,-9999,33.9158,-9999,-9999,-9999,-9999,-9999,0.0,0.0,-464.333,-414.947,0.505936,0.717694,-9999,-9999,-9999,-9999,-463.533,-414.947,0.496005,0.717694,-9999,-9999,-9999,-9999,-471.643,-414.947,0.494085,0.717694,5.14943,4.55112e-14,-528.856,-509.056,-502.168,-465.81,-447.167,-432.077,-427.23,-414.947,-414.947,-414.947,-414.947,-414.947,-414.947,-414.947,0.421518,0.452968,0.469406,0.497146,0.519806,0.533619,0.544406,0.717694,0.717694,0.717694,0.717694,0.717694,0.717694,0.717694,3.10864,2.94405,1.06137,1.72196,0.365712,0.685355,-9999,-9999,-9999,-9999,-4.2607,-3.8978,3.93823,4.12645,0.621956,0.749472,-9999,-9999,-9999,-9999,3.09855,2.94405,1.06333,1.72196,0.353865,0.685355,-9999,-9999,-9999,-9999,-4.25466,-3.8978,3.92884,4.12645,0.612135,0.749472,-9999,-9999,-9999,-9999,2.88215,2.99364,3.01959,3.09817,3.18568,3.22694,3.23466,2.94405,2.94405,2.94405,2.94405,2.94405,2.94405,2.94405,0.256709,0.297811,0.305814,0.354304,0.38642,0.413094,0.430409,0.685355,0.685355,0.685355,0.685355,0.685355,0.685355,0.685355,-4.41483,-4.38894,-4.36886,-4.26711,-4.22982,-4.19436,-4.17594,-3.8978,-3.8978,-3.8978,-3.8978,-3.8978,-3.8978,-3.8978,0.571575,0.577865,0.594191,0.623282,0.631509,0.64177,0.647127,0.749472,0.749472,0.749472,0.749472,0.749472,0.749472,0.749472,1164.33,1164.33,1164.33,1.09227e-13,1164.33,1164.33,1164.33,1164.33,1164.33,1164.33,1164.33,1218.45,1210.59,1214.54,3.19192,1168.91,1202.36,1210.39,1213.33,1225.24,1234.89,1240.66,1579.28,1579.28,1579.28,1.82045e-13,1579.28,1579.28,1579.28,1579.28,1579.28,1579.28,1579.28,1682.54,1674.12,1686.19,2.94293,1665.83,1668.77,1669.93,1677.29,1708.96,1713.16,1715.52,-9999,-9999,-9999,-9999,-9999,-9999,-9999,-9999,-9999,-9999,-9999,-9999,-9999,-9999,-9999,-9999,-9999,-9999,-9999,-9999,-9999,-9999,-9999,-9999,-9999,-9999,-9999,-9999,-9999,-9999,-9999,-9999,-9999,-9999,-9999,-9999,-9999,-9999,-9999,-9999,-9999,-9999,-9999,-9999,-9999,-9999
2011,7.616,0.998687,6.084,2.189,0.999433,8.888,2.807,0.997549,8.099,5.054,1.623,10.666,2.18,7.619,0.998687,6.083,2.189,0.999433,8.896,2.817,0.997549,-9999,-9999,86.546,86.546,0.0,-9999,-9999,307.876,307.876,0.0,-9999,-9999,296.422,296.422,0.0,-9999,-9999,4.316,4.316,0.0,100.574,100.517,0.994692,679.259,865.629,0.994692,1.96,2.378,0.668094,0.40229269196657924,0.6047945205479451,-9999,-9999,307.3806357103215,0.998458904109589,-9999,-9999,-9999,-9999,404.472,0.437043,7.516,7.486,7.721,7.568,7.391,0.998687,0.998687,0.998687,0.998687,0.998687,6.438,27.609,29.765,26.765,34.511,0.388527,0.998687,0.998687,0.998687,0.998687,-9999,-9999,39.7666,-9999,-9999,-9999,31.8576,-9999,-9999,-9999,-9999,-9999,0.0,0.0,-796.608,-616.657,0.22226,0.311301,-9999,-9999,-9999,-9999,-846.55,-616.657,0.219007,0.311301,-9999,-9999,-9999,-9999,-794.054,-616.657,0.218302,0.311301,12.5265,9.10223e-14,-891.182,-870.163,-833.556,-817.751,-771.422,-729.32,-601.344,-616.657,-616.657,-616.657,-616.657,-616.657,-616.657,-616.657,0.198345,0.199943,0.210959,0.21621,0.227854,0.232477,0.237614,0.311301,0.311301,0.311301,0.311301,0.311301,0.311301,0.311301,2.58249,3.21898,1.58222,1.92128,0.166701,0.285549,-9999,-9999,-9999,-9999,-6.18763,-5.89718,3.90896,3.9587,0.267015,0.336437,-9999,-9999,-9999,-9999,2.4907,3.21898,1.7288,1.92128,0.161449,0.285549,-9999,-9999,-9999,-9999,-6.33414,-5.89718,3.76764,3.9587,0.265507,0.336437,-9999,-9999,-9999,-9999,2.20762,2.30972,2.38475,2.57608,2.70673,2.94541,3.46542,3.21898,3.21898,3.21898,3.21898,3.21898,3.21898,3.21898,0.137593,0.115201,0.150831,0.170412,0.174537,0.180196,0.188081,0.285549,0.285549,0.285549,0.285549,0.285549,0.285549,0.285549,-6.33375,-6.27093,-6.24083,-6.18463,-6.16461,-6.15197,-6.02928,-5.89718,-5.89718,-5.89718,-5.89718,-5.89718,-5.89718,-5.89718,0.265703,0.262322,0.264738,0.253511,0.277218,0.258212,0.278914,0.336437,0.336437,0.336437,0.336437,0.336437,0.336437,0.336437,1258.54,1258.54,1258.54,1.82045e-13,1258.54,1258.54,1258.54,1258.54,1258.54,1258.54,1258.54,1275.89,1277.33,1282.37,14.328,1101.68,1188.35,1216.65,1279.87,1318.46,1332.35,1378.98,1875.2,1875.2,1875.2,3.64089e-14,1875.2,1875.2,1875.2,1875.2,1875.2,1875.2,1875.2,2134.42,2123.88,2076.42,9.12251,1974.62,1986.82,2043.69,2076.24,2121.18,2135.32,2155.91,-9999,-9999,-9999,-9999,-9999,-9999,-9999,-9999,-9999,-9999,-9999,-9999,-9999,-9999,-9999,-9999,-9999,-9999,-9999,-9999,-9999,-9999,-9999,-9999,-9999,-9999,-9999,-9999,-9999,-9999,-9999,-9999,-9999,-9999,-9999,-9999,-9999,-9999,-9999,-9999,-9999,-9999,-9999,-9999,-9999,-9999
2012,7.438,1.0,5.889,2.315,1.0,8.688,2.904,1.0,6.719,3.927,1.69,9.074,2.076,7.438,1.0,5.889,2.315,1.0,8.688,2.904,1.0,-9999,-9999,85.54,85.54,0.0,-9999,-9999,304.715,304.715,0.0,-9999,-9999,291.819,291.819,0.0,-9999,-9999,4.052,4.052,0.0,100.57,100.557,1.0,895.131,941.4,1.0,2.006,2.262,0.779144,0.37094091039250754,0.7403802367941711,-9999,-9999,314.8643320810565,1.0,-9999,-9999,-9999,-9999,393.894,0.53495,6.951,6.892,7.156,7.074,6.93,1.0,1.0,1.0,1.0,1.0,6.274,26.579,29.008,26.238,33.977,0.0,0.837147,0.999772,1.0,1.0,-9999,-9999,48.8562,-9999,-9999,-9999,37.7478,-9999,-9999,-9999,-9999,-9999,0.0,0.0,-1029.74,-993.009,0.305897,0.461976,-9999,-9999,-9999,-9999,-1017.92,-993.009,0.299465,0.461976,-9999,-9999,-9999,-9999,-1054.09,-993.009,0.2975,0.461976,8.69505,3.64089e-14,-1176.75,-1123.8,-1087.32,-1029.78,-1014.9,-1014.02,-1002.43,-993.009,-993.009,-993.009,-993.009,-993.009,-993.009,-993.009,0.246357,0.257798,0.276867,0.306922,0.328438,0.322746,0.304133,0.461976,0.461976,0.461976,0.461976,0.461976,0.461976,0.461976,3.84121,3.49771,2.16726,2.33946,0.194623,0.433159,-9999,-9999,-9999,-9999,-8.14413,-7.71255,4.46383,4.6096,0.402199,0.493966,-9999,-9999,-9999,-9999,3.90566,3.49771,2.25154,2.33946,0.184492,0.433159,-9999,-9999,-9999,-9999,-8.14051,-7.71255,4.44882,4.6096,0.39791,0.493966,-9999,-9999,-9999,-9999,3.30173,3.43056,3.58461,3.84121,3.87923,3.89009,3.99606,3.49771,3.49771,3.49771,3.49771,3.49771,3.49771,3.49771,0.112126,0.148629,0.158999,0.194623,0.244988,0.232042,0.191446,0.433159,0.433159,0.433159,0.433159,0.433159,0.433159,0.433159,-8.41378,-8.26051,-8.22605,-8.15366,-8.11816,-8.10582,-8.08936,-7.71255,-7.71255,-7.71255,-7.71255,-7.71255,-7.71255,-7.71255,0.331383,0.361485,0.377277,0.397017,0.410969,0.414285,0.426641,0.493966,0.493966,0.493966,0.493966,0.493966,0.493966,0.493966,1503.93,1503.93,1503.93,1.82045e-13,1503.93,1503.93,1503.93,1503.93,1503.93,1503.93,1503.93,1661.79,1675.4,1629.99,10.73,1542.39,1588.8,1610.17,1646.6,1655.28,1667.43,1678.26,2496.94,2496.94,2496.94,3.64089e-13,2496.94,2496.94,2496.94,2496.94,2496.94,2496.94,2496.94,2699.81,2693.31,2684.08,6.72191,2654.76,2661.69,2666.48,2680.69,2699.81,2708.95,2723.19,-9999,-9999,-9999,-9999,-9999,-9999,-9999,-9999,-9999,-9999,-9999,-9999,-9999,-9999,-9999,-9999,-9999,-9999,-9999,-9999,-9999,-9999,-9999,-9999,-9999,-9999,-9999,-9999,-9999,-9999,-9999,-9999,-9999,-9999,-9999,-9999,-9999,-9999,-9999,-9999,-9999,-9999,-9999,-9999,-9999,-9999
2013,6.545,0.994749,4.998,2.275,0.994886,7.793,2.824,0.994521,6.275,3.536,1.652,8.578,2.039,6.578,0.994749,5.025,2.268,0.994886,7.838,2.823,0.994521,-9999,-9999,81.239,81.239,0.0,-9999,-9999,304.905,304.905,0.0,-9999,-9999,292.096,292.096,0.0,-9999,-9999,3.936,3.936,0.0,100.563,100.631,0.994692,978.283,798.626,0.994692,2.064,2.362,0.763071,0.39175292324283995,0.7220319634703197,-9999,-9999,318.1537396014207,0.9910388127853881,-9999,-9999,-9999,-9999,400.234,0.905936,6.891,6.578,6.878,6.815,6.711,0.758676,0.978196,0.978196,0.978196,0.978196,19.192,26.716,29.479,26.459,34.253,0.0,0.978196,0.978196,0.978196,0.978196,-9999,-9999,23.8074,-9999,-9999,-9999,32.3422,-9999,-9999,-9999,-9999,-9999,0.0,0.0,-425.568,-412.348,0.523116,0.750514,-9999,-9999,-9999,-9999,-437.34,-412.348,0.51153,0.750514,-9999,-9999,-9999,-9999,-436.624,-412.348,0.510428,0.750514,4.35348,1.82045e-14,-489.431,-469.753,-453.674,-437.187,-411.885,-408.995,-406.134,-412.348,-412.348,-412.348,-412.348,-412.348,-412.348,-412.348,0.422317,0.455194,0.482591,0.509132,0.540696,0.567237,0.570491,0.750514,0.750514,0.750514,0.750514,0.750514,0.750514,0.750514,2.82816,2.48564,1.25304,1.67859,0.362607,0.71287,-9999,-9999,-9999,-9999,-3.87573,-3.58107,3.57021,3.81833,0.659803,0.78648,-9999,-9999,-9999,-9999,2.77058,2.48564,1.2363,1.67859,0.346195,0.71287,-9999,-9999,-9999,-9999,-3.89139,-3.58107,3.55894,3.81833,0.65095,0.78648,-9999,-9999,-9999,-9999,2.56684,2.65113,2.72116,2.77392,2.82913,2.83219,2.83834,2.48564,2.48564,2.48564,2.48564,2.48564,2.48564,2.48564,0.240841,0.288663,0.307804,0.343453,0.382719,0.442814,0.367365,0.71287,0.71287,0.71287,0.71287,0.71287,0.71287,0.71287,-3.9831,-3.94801,-3.92711,-3.888,-3.82232,-3.80766,-3.79653,-3.58107,-3.58107,-3.58107,-3.58107,-3.58107,-3.58107,-3.58107,0.572981,0.614238,0.628723,0.647749,0.67684,0.683837,0.689476,0.78648,0.78648,0.78648,0.78648,0.78648,0.78648,0.78648,985.257,985.257,985.257,1.09227e-13,985.257,985.257,985.257,985.257,985.257,985.257,985.257,1144.51,1115.37,1107.82,4.91633,1057.52,1073.26,1098.48,1113.4,1127.81,1134.69,1140.9,1397.6,1397.6,1397.6,1.09227e-13,1397.6,1397.6,1397.6,1397.6,1397.6,1397.6,1397.6,1550.96,1552.71,1544.45,2.60087,1499.7,1533.88,1538.9,1550.01,1554.6,1556.96,1560.25,-9999,-9999,-9999,-9999,-9999,-9999,-9999,-9999,-9999,-9999,-9999,-9999,-9999,-9999,-9999,-9999,-9999,-9999,-9999,-9999,-9999,-9999,-9999,-9999,-9999,-9999,-9999,-9999,-9999,-9999,-9999,-9999,-9999,-9999,-9999,-9999,-9999,-9999,-9999,-9999,-9999,-9999,-9999,-9999,-9999,-9999
2014,6.322,0.980194,4.75,2.207,0.980108,7.592,2.82,0.980266,7.787,5.015,1.611,10.144,2.028,6.597,0.980194,5.016,2.228,0.980108,7.882,2.843,0.980266,-9999,-9999,86.421,86.421,0.0,-9999,-9999,308.302,308.302,0.0,-9999,-9999,297.043,297.043,0.0,-9999,-9999,3.987,3.987,0.0,100.556,100.601,0.979966,930.053,935.422,0.979966,2.062,2.311,0.760788,0.38455245466549937,0.7294520547945206,-9999,-9999,320.25220834044995,0.9776826484018265,-9999,-9999,-9999,-9999,402.581,0.845434,6.824,8.277,6.88,8.365,7.905,0.980194,0.950571,0.950571,0.634189,0.634189,28.78,23.416,26.745,23.581,30.419,0.0,0.950571,0.746518,0.634189,0.634189,-9999,-9999,18.6201,-9999,-9999,-9999,30.6746,-9999,-9999,-9999,-9999,-9999,0.0,0.0,-395.658,-397.677,0.481221,0.694463,-9999,-9999,-9999,-9999,-391.854,-397.677,0.471804,0.694463,-9999,-9999,-9999,-9999,-395.924,-397.677,0.470458,0.694463,2.79596,4.73355e-05,-440.591,-417.536,-400.815,-395.658,-383.488,-379.137,-375.948,-397.677,-397.677,-397.677,-397.677,-397.677,-397.677,-397.677,0.390753,0.427454,0.439555,0.481221,0.501142,0.510274,0.523973,0.694463,0.694463,0.694463,0.694463,0.694463,0.694463,0.694463,2.63633,2.33112,1.10536,1.51247,0.329698,0.649689,-9999,-9999,-9999,-9999,-3.56496,-3.33106,3.60727,3.77933,0.610737,0.738698,-9999,-9999,-9999,-9999,2.65634,2.33112,1.08745,1.51247,0.317513,0.649689,-9999,-9999,-9999,-9999,-3.56176,-3.33106,3.61837,3.77933,0.604118,0.738698,-9999,-9999,-9999,-9999,2.50071,2.55338,2.60074,2.61265,2.63029,2.63633,2.65837,2.33112,2.33112,2.33112,2.33112,2.33112,2.33112,2.33112,0.228337,0.266943,0.28585,0.396864,0.35873,0.329698,0.318413,0.649689,0.649689,0.649689,0.649689,0.649689,0.649689,0.649689,-3.66172,-3.60114,-3.56414,-3.55393,-3.48216,-3.45809,-3.42851,-3.33106,-3.33106,-3.33106,-3.33106,-3.33106,-3.33106,-3.33106,0.502516,0.564233,0.612552,0.58472,0.624259,0.631131,0.642168,0.738698,0.738698,0.738698,0.738698,0.738698,0.738698,0.738698,966.849,966.849,966.849,1.6384e-13,966.849,966.849,966.849,966.849,966.849,966.849,966.849,1054.06,1059.02,1053.25,1.83951,1030.39,1041.93,1047.4,1054.06,1060.93,1063.0,1072.91,1364.53,1364.53,1364.53,4.73354e-05,1364.53,1364.53,1364.53,1364.53,1364.53,1364.53,1364.53,1443.86,1450.87,1449.17,2.93196,1420.2,1434.84,1435.74,1445.98,1457.29,1462.46,1473.73,-9999,-9999,-9999,-9999,-9999,-9999,-9999,-9999,-9999,-9999,-9999,-9999,-9999,-9999,-9999,-9999,-9999,-9999,-9999,-9999,-9999,-9999,-9999,-9999,-9999,-9999,-9999,-9999,-9999,-9999,-9999,-9999,-9999,-9999,-9999,-9999,-9999,-9999,-9999,-9999,-9999,-9999,-9999,-9999,-9999,-9999
2015,6.431,1.0,4.774,2.416,1.0,7.787,3.003,1.0,7.409,4.471,1.741,9.929,2.165,6.431,1.0,4.774,2.416,1.0,7.787,3.003,1.0,-9999,-9999,86.348,86.348,5.70776e-05,-9999,-9999,307.849,307.849,0.0,-9999,-9999,296.383,296.383,0.0,-9999,-9999,4.133,4.133,0.0,100.58,100.702,1.0,675.582,753.3,1.0,2.005,2.29,0.798516,0.39054319686837385,0.7713470319634702,-9999,-9999,325.74630656392696,1.0,-9999,-9999,-9999,-9999,404.71,0.947603,7.291,10.769,9.186,10.369,9.31,1.0,0.540868,0.540868,0.540868,0.540868,29.895,25.558,31.318,30.313,29.543,0.540011,0.539783,0.53887,0.538356,0.537272,-9999,-9999,25.2365,-9999,-9999,-9999,32.3421,-9999,-9999,-9999,-9999,-9999,0.0,0.0,-432.324,-431.877,0.556792,0.556164,-9999,-9999,-9999,-9999,-439.318,-432.021,0.543893,0.555936,-9999,-9999,-9999,-9999,-435.313,-431.123,0.540832,0.552757,2.31381,2.5512,-455.441,-451.059,-447.701,-438.919,-422.049,-417.618,-414.367,-453.099,-451.089,-447.167,-438.352,-414.487,-413.357,-410.885,0.467066,0.475114,0.515011,0.527568,0.575285,0.587158,0.596918,0.504852,0.473288,0.490582,0.548459,0.592466,0.599087,0.612158,2.65217,2.65434,1.17576,1.17545,0.384498,0.383239,-9999,-9999,-9999,-9999,-3.83179,-3.83211,3.53235,3.53205,0.714726,0.71464,-9999,-9999,-9999,-9999,2.62113,2.65472,1.18998,1.17535,0.366891,0.383239,-9999,-9999,-9999,-9999,-3.84402,-3.83258,3.51824,3.53482,0.705121,0.714219,-9999,-9999,-9999,-9999,2.49381,2.54955,2.57801,2.63494,2.70057,2.71429,2.73609,2.53069,2.55916,2.59505,2.64252,2.73473,2.73736,2.75522,0.27603,0.307676,0.301762,0.350766,0.41104,0.418566,0.437151,0.28193,0.306714,0.336968,0.346331,0.434863,0.430176,0.442325,-3.86485,-3.85862,-3.85397,-3.8445,-3.82179,-3.81659,-3.80466,-3.86335,-3.85816,-3.85395,-3.84096,-3.81089,-3.80592,-3.77071,0.663891,0.67614,0.688623,0.65298,0.725333,0.738278,0.744232,0.683204,0.687328,0.689245,0.640646,0.745706,0.743943,0.757617,1101.77,1068.54,1077.27,3.44175,1045.04,1052.77,1058.19,1067.29,1101.23,1102.73,1104.62,1083.95,1058.09,1071.4,3.07796,1044.53,1050.32,1056.33,1064.71,1090.96,1093.28,1102.73,1516.15,1500.56,1508.39,1.18997,1497.14,1499.35,1501.44,1507.72,1514.23,1517.12,1517.98,1501.55,1497.41,1506.71,1.10458,1497.73,1499.12,1500.47,1505.32,1511.87,1514.46,1517.48,-9999,-9999,-9999,-9999,-9999,-9999,-9999,-9999,-9999,-9999,-9999,-9999,-9999,-9999,-9999,-9999,-9999,-9999,-9999,-9999,-9999,-9999,-9999,-9999,-9999,-9999,-9999,-9999,-9999,-9999,-9999,-9999,-9999,-9999,-9999,-9999,-9999,-9999,-9999,-9999,-9999,-9999,-9999,-9999,-9999,-9999
2016,7.581,1.0,5.827,2.373,1.0,8.986,2.894,1.0,7.086,4.236,1.742,9.528,2.103,7.581,1.0,5.827,2.373,1.0,8.986,2.894,1.0,160.643,1.0,82.477,160.643,1.0,-9999,-9999,307.391,304.304,0.18306,-9999,-9999,295.716,295.716,0.0,-9999,-9999,4.059,4.059,0.0,100.57,100.587,1.0,906.902,800.7,1.0,1.949,2.305,0.813012,0.40310183844905506,0.7864298724954464,-9999,-9999,321.74379496812384,1.0,-9999,-9999,-9999,-9999,407.323,1.0,7.363,7.231,7.308,7.281,7.098,1.0,1.0,1.0,1.0,1.0,26.161,29.134,32.754,31.127,26.979,1.0,1.0,1.0,1.0,1.0,-9999,-9999,26.4803,-9999,-9999,-9999,29.6821,-9999,-9999,-9999,-9999,-9999,0.0,0.0,-388.971,-391.827,1.0,1.0,-9999,-9999,-9999,-9999,-391.206,-392.057,1.0,1.0,-9999,-9999,-9999,-9999,-392.254,-392.699,1.0,1.0,1.8969,2.02887,-413.751,-406.48,-399.68,-391.399,-383.048,-379.818,-375.17,-417.961,-407.498,-400.74,-395.453,-382.208,-377.577,-374.741,1.0,1.0,1.0,1.0,1.0,1.0,1.0,1.0,1.0,1.0,1.0,1.0,1.0,1.0,2.59918,2.58197,0.655099,0.624017,1.0,1.0,-9999,-9999,-9999,-9999,-3.60074,-3.60392,3.49844,3.47532,1.0,1.0,-9999,-9999,-9999,-9999,2.58881,2.57865,0.634672,0.620351,1.0,1.0,-9999,-9999,-9999,-9999,-3.60555,-3.60245,3.48252,3.47372,1.0,1.0,-9999,-9999,-9999,-9999,2.45058,2.48774,2.52537,2.58843,2.61765,2.62401,2.62923,2.42813,2.48253,2.52598,2.55609,2.6197,2.62395,2.63281,1.0,1.0,1.0,1.0,1.0,1.0,1.0,1.0,1.0,1.0,1.0,1.0,1.0,1.0,-3.61642,-3.60788,-3.60614,-3.6016,-3.589,-3.57578,-3.55922,-3.61541,-3.60924,-3.60764,-3.60207,-3.58353,-3.5665,-3.56009,1.0,1.0,1.0,1.0,1.0,1.0,1.0,1.0,1.0,1.0,1.0,1.0,1.0,1.0,1102.38,1089.77,1087.78,2.50095,1057.12,1069.55,1075.25,1086.4,1102.38,1103.41,1105.54,1096.33,1092.48,1088.37,2.36728,1059.25,1072.41,1074.75,1092.71,1102.27,1103.86,1106.64,1484.59,1481.83,1480.48,1.29955,1464.62,1472.4,1475.89,1478.48,1484.77,1488.18,1493.8,1482.46,1483.68,1480.63,1.11482,1465.54,1472.64,1474.95,1481.69,1485.43,1487.37,1490.59,805.073,825.942,805.248,3.67705,768.014,777.329,780.233,810.872,825.586,827.779,831.453,824.789,831.6,807.618,3.55758,769.498,778.827,789.423,813.605,825.699,827.936,837.805,1261.83,1271.83,1266.13,2.70316,1237.25,1241.53,1251.27,1269.79,1277.76,1281.8,1289.93,1270.53,1273.66,1267.69,2.55253,1237.83,1246.96,1252.12,1270.96,1279.84,1283.76,1289.39,-9999,-9999
2017,6.881,1.0,5.31,2.315,1.0,8.154,2.849,1.0,7.244,4.307,1.867,9.8,2.209,6.881,1.0,5.31,2.315,1.0,8.154,2.849,1.0,146.958,0.998402,87.666,146.676,0.998402,308.014,0.999943,307.342,308.014,0.999943,-9999,-9999,295.644,296.705,0.317409,-9999,-9999,4.171,4.23,0.318037,100.577,100.592,0.997203,718.276,823.043,0.997203,1.998,2.293,0.777683,0.39537390062818445,0.7414954337899544,82.82002397402402,0.9954337899543378,314.587285064398,0.9962899543378997,18.80989828177483,0.9960045662100455,351.7299660597897,0.9941780821917808,410.88,1.0,7.422,7.274,7.334,7.317,7.126,1.0,1.0,1.0,1.0,1.0,23.827,26.043,31.568,31.985,24.699,0.999943,0.999943,0.999886,0.999886,0.999886,-9999,-9999,20.6162,-9999,-9999,0.132481,30.4798,-9999,-9999,0.315359,-9999,-9999,8.2137,6.85205,-302.222,-301.914,0.987386,0.985616,7.656,7.60272,9.33512,8.99079,-303.326,-299.928,0.986416,0.985502,7.67285,7.62896,9.34894,9.01299,-300.12,-299.647,0.985392,0.98505,0.727874,0.740704,-305.836,-304.834,-303.82,-301.485,-295.879,-294.151,-291.704,-305.881,-304.127,-303.338,-300.771,-295.88,-294.528,-290.921,0.988242,0.987614,0.986872,0.985731,0.985046,0.977055,0.977397,0.9879,0.988756,0.988813,0.989954,0.985046,0.984703,0.978995,2.71979,2.723,0.67325,0.650876,0.990363,0.988516,0.024982,0.0248219,0.0279499,0.0277261,-3.25199,-3.25292,3.60356,3.59936,0.983048,0.981276,0.0326138,0.0325966,0.0357032,0.0360116,2.71905,2.73041,0.660524,0.645846,0.989367,0.988516,0.02517,0.0249533,0.0281181,0.0278438,-3.25554,-3.24866,3.60035,3.60071,0.981843,0.981048,0.0327641,0.0326603,0.0358405,0.0360693,2.7132,2.71629,2.71839,2.7217,2.73123,2.74136,2.7462,2.7121,2.71665,2.71905,2.7233,2.73397,2.74135,2.74943,0.989367,0.990851,0.990363,0.988327,0.988114,0.988114,0.980808,0.989367,0.990363,0.989367,0.988327,0.988114,0.988114,0.980693,-3.26558,-3.26299,-3.25916,-3.25199,-3.24212,-3.23394,-3.21667,-3.26558,-3.26182,-3.25798,-3.25033,-3.24014,-3.23121,-3.21506,0.984696,0.985697,0.985697,0.983048,0.980696,0.979412,0.974649,0.984696,0.983591,0.983591,0.981615,0.980544,0.977561,0.97442,1067.93,1067.57,1072.45,2.90357,1055.36,1056.96,1060.45,1065.45,1071.72,1099.99,1101.17,1067.11,1064.33,1073.58,2.92929,1055.36,1058.68,1060.87,1065.45,1075.14,1099.99,1101.17,1373.81,1367.49,1372.09,3.23249,1348.68,1356.02,1358.4,1366.01,1373.44,1403.03,1406.42,1367.59,1367.66,1373.7,3.28304,1351.55,1356.21,1358.63,1366.55,1373.81,1403.51,1406.42,1050.53,1087.74,1070.15,5.87565,1008.24,1024.29,1032.59,1073.41,1093.18,1114.93,1131.64,1051.84,1080.61,1069.81,6.19208,1008.24,1018.88,1032.39,1075.15,1095.92,1116.56,1131.79,1289.82,1308.56,1299.51,3.97335,1253.16,1264.51,1282.11,1300.01,1312.99,1328.94,1339.82,1303.96,1303.9,1299.15,4.37429,1240.64,1264.34,1282.1,1300.04,1317.89,1329.27,1340.06,-9999,-9999
2018,6.577,0.991553,5.017,2.4,0.992972,7.789,2.9,0.990247,7.811,4.87,1.621,10.216,2.144,6.614,0.991553,5.042,2.388,0.992972,7.837,2.893,0.990247,153.494,0.990411,85.432,152.63,0.990411,312.139,0.845377,309.907,313.012,0.845377,297.461,0.990126,299.379,298.065,0.990126,4.044,0.991553,4.182,4.049,0.991553,100.56,100.738,0.985103,1088.218,990.375,0.985103,2.044,2.272,0.779623,0.39894114131318764,0.7372146118721461,104.44547594837516,0.8199771689497716,331.0182503650074,0.9850456621004566,21.9023100674838,0.8198630136986301,361.7128162860544,0.8199771689497716,413.874,0.974372,7.213,7.13,7.237,7.297,7.182,0.993607,0.993607,0.993607,0.993607,0.993607,23.237,27.012,33.952,35.961,27.567,0.993379,0.993322,0.993379,0.993379,0.993379,-9999,-9999,24.1357,-9999,-9999,0.119742,30.5763,-9999,-9999,0.249433,-9999,-9999,22.9014,25.0795,-322.022,-331.031,0.93984,0.937842,4.49161,4.41275,9.50034,10.6968,-326.957,-331.235,0.938927,0.937614,4.43779,4.41107,9.47501,10.6961,-332.248,-332.866,0.937089,0.935796,1.46563,1.49655,-350.732,-341.229,-339.235,-328.418,-325.509,-324.486,-323.087,-351.778,-343.784,-339.022,-329.898,-325.406,-324.296,-322.901,0.915297,0.930479,0.931564,0.93516,0.946176,0.94492,0.944692,0.913527,0.925913,0.932078,0.936872,0.940925,0.939555,0.944749,2.83252,2.78356,0.778731,0.734366,0.958541,0.955716,0.0146526,0.0148012,0.0631922,0.0756513,-3.35204,-3.35741,3.64726,3.63195,0.922979,0.921294,0.0175814,0.0177231,0.0189218,0.0190887,2.8123,2.78505,0.757433,0.734277,0.958125,0.955716,0.0149962,0.014807,0.0632728,0.0756524,-3.35846,-3.35893,3.63639,3.62898,0.921518,0.920706,0.0177459,0.0177084,0.0190748,0.019075,2.63788,2.69664,2.70606,2.78417,2.81487,2.81958,2.83252,2.63174,2.67334,2.70974,2.78356,2.81487,2.82171,2.83069,0.926646,0.94649,0.946918,0.955716,0.95833,0.959881,0.958541,0.924762,0.93739,0.946312,0.955716,0.95833,0.965336,0.958449,-3.3617,-3.36009,-3.35776,-3.35377,-3.34881,-3.3461,-3.33963,-3.36256,-3.35961,-3.35741,-3.35406,-3.34786,-3.34543,-3.34079,0.921884,0.924361,0.914868,0.915148,0.914661,0.927604,0.907342,0.921884,0.921518,0.921294,0.915148,0.926261,0.903997,0.907647,1143.13,1127.5,1125.91,4.0713,1082.28,1098.75,1105.33,1136.52,1143.74,1150.77,1154.82,1145.33,1142.47,1127.07,4.17286,1086.0,1097.74,1104.34,1138.16,1145.33,1151.52,1154.98,1466.85,1458.73,1458.77,2.68771,1429.37,1437.57,1445.43,1464.01,1470.48,1477.35,1480.94,1463.18,1469.43,1459.32,2.79485,1429.99,1438.92,1444.96,1465.32,1470.51,1477.39,1480.94,921.754,909.085,928.163,4.35012,893.669,900.099,907.72,921.754,940.893,963.803,980.238,917.708,892.624,929.912,4.36203,888.591,898.76,909.896,924.386,952.65,966.165,975.532,1344.53,1336.31,1341.14,2.29695,1315.6,1325.62,1332.06,1337.72,1350.44,1359.05,1364.89,1336.52,1319.25,1342.56,2.25815,1320.28,1324.76,1333.75,1341.18,1355.36,1358.59,1365.24,-9999,-9999
2019,5.885,0.999144,4.391,2.295,1.0,7.075,2.79,0.998478,7.61,4.609,1.703,10.086,2.237,5.891,0.999144,4.391,2.295,1.0,7.085,2.788,0.998478,151.887,0.999087,86.835,151.801,0.999087,321.924,0.60234,308.187,310.119,0.60234,291.153,0.99903,296.874,291.181,0.99903,3.682,0.999144,4.228,3.684,0.999144,100.564,100.621,0.998002,933.341,1003.855,0.998002,2.113,2.221,0.803253,0.3965143050130878,0.7650114155251141,92.93026992849855,0.5863013698630137,319.60656666050295,0.9967465753424658,20.534476868051012,0.5863013698630137,369.80795838200936,0.5863013698630137,415.339,0.999201,6.508,6.344,6.435,6.561,6.459,0.999144,0.999144,0.999144,0.999144,0.999144,21.502,29.681,35.398,39.4,30.719,0.998973,0.998858,0.998858,0.998858,0.998858,-9999,-9999,28.0527,-9999,-9999,0.148566,26.8162,-9999,-9999,0.236944,-9999,-9999,22.9205,25.0767,-353.535,-355.71,0.982763,0.982192,5.02767,4.99082,6.89993,6.75063,-354.853,-355.848,0.982192,0.982078,4.99639,4.9911,6.87717,6.75083,-353.953,-354.15,0.980629,0.980699,1.31611,1.09308,-374.691,-358.271,-355.067,-352.563,-349.836,-348.82,-345.084,-372.512,-358.377,-355.316,-353.773,-350.097,-349.286,-346.243,0.967751,0.97734,0.98282,0.983505,0.985502,0.979909,0.986929,0.973231,0.976541,0.981279,0.982591,0.98516,0.980537,0.986244,2.62334,2.6102,0.77577,0.758334,0.990195,0.989919,0.0160907,0.016121,0.0388808,0.0349614,-3.37095,-3.37022,3.63592,3.63828,0.976821,0.97602,0.0204436,0.0204677,0.0221986,0.0221665,2.6155,2.60942,0.760438,0.757258,0.989919,0.989919,0.0161703,0.0161269,0.0389138,0.0349641,-3.3703,-3.37034,3.63756,3.63765,0.975975,0.975806,0.0204699,0.0204655,0.0222229,0.0221645,2.48064,2.57387,2.61023,2.62462,2.63373,2.64466,2.64938,2.49185,2.57404,2.6065,2.62313,2.63197,2.63609,2.64643,0.976385,0.985685,0.989919,0.991895,0.989165,0.992315,0.993437,0.981358,0.985685,0.989165,0.990195,0.99089,0.99118,0.991009,-3.37663,-3.37104,-3.37059,-3.3648,-3.35756,-3.35374,-3.35079,-3.37694,-3.37201,-3.3711,-3.36621,-3.35756,-3.35499,-3.35006,0.977175,0.977807,0.975856,0.97896,0.970398,0.981034,0.971943,0.977175,0.97763,0.977807,0.975718,0.970398,0.973209,0.971943,1067.81,1056.74,1061.04,1.95954,1032.11,1049.61,1057.46,1059.5,1067.81,1069.44,1077.44,1067.7,1058.26,1061.15,2.21741,1032.44,1048.82,1057.78,1059.82,1068.26,1074.55,1080.6,1417.89,1412.58,1415.19,1.25087,1403.4,1405.9,1410.46,1413.72,1418.63,1422.6,1429.07,1413.57,1413.11,1415.1,1.36584,1400.44,1406.13,1408.87,1413.61,1419.84,1424.6,1429.42,956.287,990.328,950.696,3.20993,913.93,930.509,933.519,947.344,967.017,975.037,978.561,970.863,977.738,948.01,3.15223,921.911,927.894,929.1,943.198,965.168,970.863,978.522,1331.8,1349.16,1327.06,1.96137,1307.07,1312.46,1316.77,1326.6,1337.36,1339.6,1345.54,1344.18,1342.79,1324.75,2.13715,1305.98,1307.4,1312.89,1324.79,1336.82,1339.43,1344.18,-9999,-9999
2020,7.447,0.999886,5.827,2.352,1.0,8.736,2.888,0.999824,8.253,5.436,1.708,10.678,2.115,7.447,0.999886,5.827,2.352,1.0,8.736,2.889,0.999824,157.247,0.999488,85.321,157.196,0.999488,307.933,1.0,310.462,307.933,1.0,300.979,0.999374,300.187,301.043,0.999374,4.287,0.999886,4.281,4.286,0.999886,100.569,100.643,0.984062,939.429,733.711,0.984062,2.079,2.232,0.819843,0.40411281360340384,0.7994080145719491,90.1520029733305,1.0,327.8788004791858,0.9792235883424409,19.59587273753125,1.0,353.96537665642074,1.0,418.391,0.95099,7.245,6.965,6.998,6.948,6.757,0.999943,0.999943,0.999943,0.999943,0.999943,18.991,24.094,30.422,29.396,26.836,0.999658,0.999488,0.999488,0.999317,0.99926,-9999,-9999,23.4921,-9999,-9999,0.129473,35.5848,-9999,-9999,0.250972,-9999,-9999,22.888,24.7514,-338.756,-339.547,0.934597,0.934369,4.79935,4.74635,5.77428,5.78186,-341.961,-339.339,0.933572,0.934369,4.66287,4.72968,5.66135,5.76818,-340.87,-340.759,0.93299,0.933397,0.513251,0.505527,-346.036,-344.092,-343.243,-341.289,-338.788,-337.67,-336.608,-346.168,-344.142,-343.018,-340.965,-338.935,-337.539,-335.749,0.939265,0.940574,0.938923,0.929816,0.93528,0.92623,0.934711,0.939265,0.940574,0.938752,0.931466,0.935337,0.937671,0.934711,2.44824,2.44162,0.846062,0.831047,0.94352,0.94352,0.0145192,0.0152403,0.0198399,0.0185614,-3.22726,-3.22573,3.50067,3.49933,0.927451,0.927095,0.0190932,0.0194916,0.0211934,0.0218795,2.44419,2.44537,0.828974,0.827709,0.943064,0.94352,0.0150002,0.0151356,0.0201946,0.0184755,-3.23816,-3.22745,3.50351,3.50319,0.926043,0.927095,0.0191299,0.0194572,0.0212265,0.0218489,2.41636,2.43351,2.43933,2.44824,2.45463,2.46055,2.47993,2.41683,2.43582,2.43917,2.45037,2.4557,2.45701,2.47452,0.949501,0.949501,0.949501,0.94352,0.93706,0.948569,0.938608,0.949501,0.943159,0.949501,0.943712,0.948569,0.949357,0.937518,-3.26162,-3.24441,-3.24191,-3.23745,-3.2288,-3.22602,-3.22402,-3.25951,-3.24561,-3.24195,-3.23585,-3.22897,-3.22573,-3.22225,0.914911,0.923892,0.931408,0.930563,0.929596,0.928619,0.927608,0.912068,0.924082,0.931408,0.917312,0.933068,0.927095,0.927608,1012.39,1002.64,1010.83,1.63661,1000.18,1001.7,1004.25,1007.82,1013.01,1015.93,1033.05,1014.8,1002.61,1010.56,1.77978,999.791,1000.18,1002.73,1007.19,1013.8,1015.76,1035.75,1354.22,1341.98,1351.59,1.58077,1340.36,1343.98,1344.95,1348.26,1354.61,1355.57,1378.39,1347.32,1344.57,1351.43,1.67479,1340.85,1342.63,1344.4,1347.74,1354.63,1356.23,1379.25,878.023,880.969,859.262,4.72119,823.39,830.006,838.217,856.563,878.023,892.641,907.714,871.793,862.665,861.695,5.15248,825.009,833.104,838.584,863.982,880.311,894.255,920.906,1295.13,1294.61,1282.07,2.87851,1250.51,1263.26,1266.14,1276.69,1297.57,1302.5,1310.73,1287.83,1286.05,1283.84,2.94548,1253.17,1263.46,1267.64,1287.34,1298.45,1302.65,1311.39,-9999,-9999
2021,-9999,-9999,-9999,-9999,-9999,-9999,-9999,-9999,6.632,3.685,1.72,9.155,2.153,7.779,0.797774,5.948,2.112,0.798356,9.396,2.827,0.797141,154.19,0.999715,84.693,154.077,0.999715,308.979,1.0,305.616,308.979,1.0,-9999,-9999,293.132,303.761,0.796975,-9999,-9999,3.838,4.785,0.79726,100.57,100.579,0.998288,950.959,801.088,0.998288,2.048,2.166,0.814954,0.4097388920363751,0.793607305936073,85.73562083417325,1.0,322.14120685692336,0.9982876712328768,19.558797156475116,1.0,355.9566995319635,1.0,419.826,0.999543,8.023,7.52,7.551,7.512,7.298,1.0,1.0,1.0,1.0,1.0,16.622,23.75,31.673,31.28,26.747,0.999543,0.999543,0.999429,0.999372,0.999315,-9999,-9999,17.9955,-9999,-9999,0.136813,32.2951,-9999,-9999,0.231903,-9999,-9999,16.9589,21.0548,-235.009,-236.527,0.988813,0.988584,6.06111,5.99768,7.64512,7.47154,-238.4,-237.53,0.987957,0.988527,5.98631,5.996,7.58596,7.47019,-235.316,-234.996,0.986774,0.987132,0.738673,0.759535,-241.859,-240.664,-239.265,-235.009,-232.005,-231.345,-228.919,-242.827,-240.121,-239.079,-235.01,-231.669,-231.21,-228.921,0.986301,0.984475,0.987785,0.988813,0.991267,0.979623,0.989384,0.98613,0.984018,0.986815,0.989041,0.98887,0.97968,0.989384,2.1043,2.10312,0.773676,0.767838,0.994906,0.994797,0.021774,0.021705,0.0386866,0.0374846,-2.65452,-2.66039,3.09344,3.09528,0.984409,0.984135,0.0224099,0.0226258,0.0239028,0.0242286,2.09611,2.09843,0.763087,0.764993,0.994406,0.994797,0.0216986,0.0216853,0.0386442,0.0374731,-2.66655,-2.66209,3.08791,3.09429,0.983328,0.984021,0.0225559,0.0226281,0.0240397,0.0242307,2.07033,2.07757,2.0914,2.1043,2.13257,2.14153,2.14569,2.06553,2.08169,2.09164,2.10576,2.13278,2.14281,2.15002,0.994065,0.994339,0.994339,0.994906,0.995573,0.997326,0.99514,0.994065,0.993259,0.994339,0.995031,0.995573,0.99514,0.99514,-2.6709,-2.66808,-2.66723,-2.65838,-2.65323,-2.65145,-2.64972,-2.66997,-2.66683,-2.6649,-2.65493,-2.65286,-2.6495,-2.64849,0.982179,0.977621,0.978104,0.974746,0.984879,0.985086,0.98449,0.983009,0.982471,0.979418,0.984652,0.984879,0.971303,0.987883,836.613,794.911,840.198,20.7902,729.093,735.891,776.542,805.128,847.504,874.723,1165.62,807.352,777.465,843.638,21.8082,730.306,735.847,740.916,805.33,847.56,894.581,1166.44,1067.3,1032.44,1075.19,20.4178,971.325,976.816,1015.25,1037.18,1077.18,1107.92,1396.83,1017.87,1015.86,1078.95,21.4373,970.97,976.415,980.675,1037.3,1077.59,1122.35,1397.78,831.197,793.022,816.15,2.86501,792.453,797.71,801.338,813.379,825.207,828.013,849.565,833.337,807.908,818.87,3.14841,791.635,798.155,802.355,815.362,825.832,838.609,856.527,1073.91,1068.77,1069.95,1.20946,1058.12,1061.86,1062.85,1069.91,1074.2,1077.52,1082.87,1068.52,1075.96,1070.94,1.39081,1050.83,1062.12,1064.47,1071.1,1075.32,1078.7,1087.05,-9999,-9999
2022,-9999,-9999,-9999,-9999,-9999,-9999,-9999,-9999,8.585,5.369,1.71,11.264,2.327,8.585,0.0,5.369,1.71,0.0,11.264,2.327,0.0,158.92,0.999258,88.545,158.934,0.999258,305.354,0.999715,309.879,305.369,0.999715,-9999,-9999,299.338,299.338,0.0,-9999,-9999,4.537,4.537,0.0,100.572,100.667,0.988413,808.285,1043.787,0.988413,2.049,2.182,0.786644,0.4244907477709991,0.7603310502283105,87.74205471787006,0.9934360730593607,342.64082707815226,0.9655821917808219,20.887379266086615,0.9934360730593607,354.0855346580219,0.9934360730593607,422.721,0.999258,7.587,7.239,7.288,7.268,7.079,0.999772,0.999772,0.999772,0.999772,0.999772,17.231,25.757,32.905,33.802,27.947,0.999772,0.999772,0.999772,0.999772,0.999772,-9999,-9999,26.3952,-9999,-9999,-9999,36.0056,-9999,-9999,-9999,-9999,-9999,0.0,0.0,-324.441,-325.093,0.998459,0.998459,-9999,-9999,-9999,-9999,-324.145,-325.049,0.998459,0.998459,-9999,-9999,-9999,-9999,-323.545,-325.634,0.998406,0.998439,0.851802,0.906816,-333.775,-328.843,-326.735,-323.428,-319.824,-317.445,-315.924,-336.055,-332.558,-328.598,-326.079,-323.747,-318.424,-316.163,0.998459,0.998459,0.998459,0.998459,0.998459,0.998459,0.998402,0.998459,0.998459,0.998459,0.998459,0.998459,0.998402,0.998288,2.75762,2.76326,0.701392,0.742559,1.0,1.0,-9999,-9999,-9999,-9999,-3.39912,-3.40346,3.56707,3.57651,0.99672,0.99672,-9999,-9999,-9999,-9999,2.75719,2.76103,0.686497,0.739805,1.0,1.0,-9999,-9999,-9999,-9999,-3.39805,-3.40154,3.56268,3.57443,0.99672,0.99672,-9999,-9999,-9999,-9999,2.69236,2.72603,2.73809,2.75644,2.75877,2.75979,2.76354,2.68671,2.71648,2.731,2.74815,2.75362,2.75531,2.75796,1.0,1.0,1.0,1.0,1.0,1.0,1.0,1.0,1.0,1.0,1.0,1.0,1.0,1.0,-3.40926,-3.406,-3.4037,-3.39555,-3.37888,-3.362,-3.34964,-3.41063,-3.40614,-3.40431,-3.40186,-3.39434,-3.36241,-3.339,0.99672,0.99672,0.99672,0.99672,0.99672,0.996634,0.996549,0.99672,0.99672,0.99672,0.99672,0.99672,0.996634,0.996443,-9999,-9999,-9999,-9999,-9999,-9999,-9999,-9999,-9999,-9999,-9999,-9999,-9999,-9999,-9999,-9999,-9999,-9999,-9999,-9999,-9999,-9999,-9999,-9999,-9999,-9999,-9999,-9999,-9999,-9999,-9999,-9999,-9999,-9999,-9999,-9999,-9999,-9999,-9999,-9999,-9999,-9999,-9999,-9999,915.531,942.926,905.746,5.61606,842.907,873.765,882.556,899.872,933.599,942.195,958.948,909.947,908.785,906.139,4.37874,856.166,877.354,885.173,909.947,930.187,934.093,942.491,1236.77,1254.7,1227.93,3.52941,1173.52,1212.87,1215.19,1226.87,1242.09,1253.11,1260.45,1235.61,1235.37,1229.74,2.80822,1206.54,1214.58,1216.17,1232.06,1242.37,1249.23,1254.38,-9999,-9999
2023,-9999,-9999,-9999,-9999,-9999,-9999,-9999,-9999,8.16,5.236,1.645,10.588,2.214,8.16,0.0,5.236,1.645,0.0,10.588,2.214,0.0,143.362,0.97871,84.092,142.829,0.97871,314.067,0.980137,312.164,313.676,0.980137,-9999,-9999,302.665,302.665,0.0,-9999,-9999,4.114,4.114,0.0,100.568,100.573,0.921176,1142.116,1075.967,0.92129,2.076,2.085,0.66387,0.4129989615535163,0.6118150684931507,83.46604579427739,0.9565639269406394,303.85136419548985,0.9135844748858448,17.689456533039337,0.9565639269406394,356.6598591288616,0.9565639269406394,425.002,0.958733,7.799,7.628,7.699,7.759,7.596,0.980251,0.980251,0.980251,0.980251,0.980251,22.88,27.886,35.603,41.224,31.308,0.980251,0.980251,0.980251,0.980251,0.980251,-9999,-9999,23.7655,-9999,-9999,-9999,26.5467,-9999,-9999,-9999,-9999,-9999,0.0,0.0,-366.628,-376.747,0.953139,0.956507,-9999,-9999,-9999,-9999,-362.235,-376.747,0.953082,0.956507,-9999,-9999,-9999,-9999,-366.784,-376.754,0.953052,0.956507,1.14735,0.00211991,-378.908,-376.219,-371.968,-366.628,-362.106,-358.887,-356.414,-376.794,-376.762,-376.755,-376.749,-376.747,-376.747,-376.746,0.952511,0.951541,0.946747,0.953139,0.954224,0.954338,0.954338,0.956507,0.956507,0.956507,0.956507,0.956507,0.956507,0.956507,2.69598,2.66023,0.577617,1.03207,0.959348,0.964279,-9999,-9999,-9999,-9999,-3.55582,-3.55715,3.71631,3.82424,0.947475,0.950151,-9999,-9999,-9999,-9999,2.70498,2.66023,0.567628,1.03207,0.959348,0.964279,-9999,-9999,-9999,-9999,-3.54324,-3.55715,3.70924,3.82424,0.947389,0.950151,-9999,-9999,-9999,-9999,2.5801,2.59352,2.62321,2.68889,2.71451,2.73792,2.74862,2.6602,2.6602,2.6602,2.66021,2.66022,2.66023,2.66023,0.956261,0.956398,0.959025,0.959485,0.960629,0.960629,0.960629,0.964279,0.964279,0.964279,0.964279,0.964279,0.964279,0.964279,-3.55582,-3.55268,-3.54846,-3.546,-3.54299,-3.53939,-3.53105,-3.55744,-3.55721,-3.55718,-3.55716,-3.55714,-3.55712,-3.55712,0.947475,0.947215,0.947301,0.948434,0.947301,0.948434,0.946867,0.950151,0.950151,0.950151,0.950151,0.950151,0.950151,0.950151,-9999,-9999,-9999,-9999,-9999,-9999,-9999,-9999,-9999,-9999,-9999,-9999,-9999,-9999,-9999,-9999,-9999,-9999,-9999,-9999,-9999,-9999,-9999,-9999,-9999,-9999,-9999,-9999,-9999,-9999,-9999,-9999,-9999,-9999,-9999,-9999,-9999,-9999,-9999,-9999,-9999,-9999,-9999,-9999,936.691,936.691,936.691,1.82045e-14,936.691,936.691,936.691,936.691,936.691,936.691,936.691,921.71,941.482,927.731,2.33945,886.934,917.897,920.998,926.19,936.219,943.584,946.14,1351.77,1351.77,1351.77,0.0,1351.77,1351.77,1351.77,1351.77,1351.77,1351.77,1351.77,1292.29,1296.28,1291.4,2.44107,1265.9,1272.58,1284.87,1291.32,1298.41,1308.32,1317.71,-9999,-9999
