TIMESTAMP,TA_F_MDS,TA_F_MDS_QC,TA_F_MDS_NIGHT,TA_F_MDS_NIGHT_SD,TA_F_MDS_NIGHT_QC,TA_F_MDS_DAY,TA_F_MDS_DAY_SD,TA_F_MDS_DAY_QC,TA_ERA,TA_ERA_NIGHT,TA_ERA_NIGHT_SD,TA_ERA_DAY,TA_ERA_DAY_SD,TA_F,TA_F_QC,TA_F_NIGHT,TA_F_NIGHT_SD,TA_F_NIGHT_QC,TA_F_DAY,TA_F_DAY_SD,TA_F_DAY_QC,SW_IN_F_MDS,SW_IN_F_MDS_QC,SW_IN_ERA,SW_IN_F,SW_IN_F_QC,LW_IN_F_MDS,LW_IN_F_MDS_QC,LW_IN_ERA,LW_IN_F,LW_IN_F_QC,LW_IN_JSB,LW_IN_JSB_QC,LW_IN_JSB_ERA,LW_IN_JSB_F,LW_IN_JSB_F_QC,VPD_F_MDS,VPD_F_MDS_QC,VPD_ERA,VPD_F,VPD_F_QC,PA_ERA,PA_F,PA_F_QC,P_ERA,P_F,P_F_QC,WS_ERA,WS_F,WS_F_QC,USTAR,USTAR_QC,NETRAD,NETRAD_QC,PPFD_IN,PPFD_IN_QC,PPFD_OUT,PPFD_OUT_QC,SW_OUT,SW_OUT_QC,LW_OUT,LW_OUT_QC,CO2_F_MDS,CO2_F_MDS_QC,TS_F_MDS_1,TS_F_MDS_1_QC,SWC_F_MDS_1,SWC_F_MDS_1_QC,G_F_MDS,G_F_MDS_QC,LE_F_MDS,LE_F_MDS_QC,LE_CORR,LE_RANDUNC,H_F_MDS,H_F_MDS_QC,H_CORR,H_RANDUNC,EBC_CF_N,EBC_CF_METHOD,NIGHT_RANDUNC_N,DAY_RANDUNC_N,NEE_CUT_REF,NEE_VUT_REF,NEE_CUT_REF_QC,NEE_VUT_REF_QC,NEE_CUT_REF_RANDUNC,NEE_VUT_REF_RANDUNC,NEE_CUT_REF_JOINTUNC,NEE_VUT_REF_JOINTUNC,NEE_CUT_USTAR50,NEE_VUT_USTAR50,NEE_CUT_USTAR50_QC,NEE_VUT_USTAR50_QC,NEE_CUT_USTAR50_RANDUNC,NEE_VUT_USTAR50_RANDUNC,NEE_CUT_USTAR50_JOINTUNC,NEE_VUT_USTAR50_JOINTUNC,NEE_CUT_MEAN,NEE_VUT_MEAN,NEE_CUT_MEAN_QC,NEE_VUT_MEAN_QC,NEE_CUT_SE,NEE_VUT_SE,NEE_CUT_05,NEE_CUT_16,NEE_CUT_25,NEE_CUT_50,NEE_CUT_75,NEE_CUT_84,NEE_CUT_95,NEE_VUT_05,NEE_VUT_16,NEE_VUT_25,NEE_VUT_50,NEE_VUT_75,NEE_VUT_84,NEE_VUT_95,NEE_CUT_05_QC,NEE_CUT_16_QC,NEE_CUT_25_QC,NEE_CUT_50_QC,NEE_CUT_75_QC,NEE_CUT_84_QC,NEE_CUT_95_QC,NEE_VUT_05_QC,NEE_VUT_16_QC,NEE_VUT_25_QC,NEE_VUT_50_QC,NEE_VUT_75_QC,NEE_VUT_84_QC,NEE_VUT_95_QC,NEE_CUT_REF_NIGHT,NEE_VUT_REF_NIGHT,NEE_CUT_REF_NIGHT_SD,NEE_VUT_REF_NIGHT_SD,NEE_CUT_REF_NIGHT_QC,NEE_VUT_REF_NIGHT_QC,NEE_CUT_REF_NIGHT_RANDUNC,NEE_VUT_REF_NIGHT_RANDUNC,NEE_CUT_REF_NIGHT_JOINTUNC,NEE_VUT_REF_NIGHT_JOINTUNC,NEE_CUT_REF_DAY,NEE_VUT_REF_DAY,NEE_CUT_REF_DAY_SD,NEE_VUT_REF_DAY_SD,NEE_CUT_REF_DAY_QC,NEE_VUT_REF_DAY_QC,NEE_CUT_REF_DAY_RANDUNC,NEE_VUT_REF_DAY_RANDUNC,NEE_CUT_REF_DAY_JOINTUNC,NEE_VUT_REF_DAY_JOINTUNC,NEE_CUT_USTAR50_NIGHT,NEE_VUT_USTAR50_NIGHT,NEE_CUT_USTAR50_NIGHT_SD,NEE_VUT_USTAR50_NIGHT_SD,NEE_CUT_USTAR50_NIGHT_QC,NEE_VUT_USTAR50_NIGHT_QC,NEE_CUT_USTAR50_NIGHT_RANDUNC,NEE_VUT_USTAR50_NIGHT_RANDUNC,NEE_CUT_USTAR50_NIGHT_JOINTUNC,NEE_VUT_USTAR50_NIGHT_JOINTUNC,NEE_CUT_USTAR50_DAY,NEE_VUT_USTAR50_DAY,NEE_CUT_USTAR50_DAY_SD,NEE_VUT_USTAR50_DAY_SD,NEE_CUT_USTAR50_DAY_QC,NEE_VUT_USTAR50_DAY_QC,NEE_CUT_USTAR50_DAY_RANDUNC,NEE_VUT_USTAR50_DAY_RANDUNC,NEE_CUT_USTAR50_DAY_JOINTUNC,NEE_VUT_USTAR50_DAY_JOINTUNC,NEE_CUT_05_NIGHT,NEE_CUT_16_NIGHT,NEE_CUT_25_NIGHT,NEE_CUT_50_NIGHT,NEE_CUT_75_NIGHT,NEE_CUT_84_NIGHT,NEE_CUT_95_NIGHT,NEE_VUT_05_NIGHT,NEE_VUT_16_NIGHT,NEE_VUT_25_NIGHT,NEE_VUT_50_NIGHT,NEE_VUT_75_NIGHT,NEE_VUT_84_NIGHT,NEE_VUT_95_NIGHT,NEE_CUT_05_NIGHT_QC,NEE_CUT_16_NIGHT_QC,NEE_CUT_25_NIGHT_QC,NEE_CUT_50_NIGHT_QC,NEE_CUT_75_NIGHT_QC,NEE_CUT_84_NIGHT_QC,NEE_CUT_95_NIGHT_QC,NEE_VUT_05_NIGHT_QC,NEE_VUT_16_NIGHT_QC,NEE_VUT_25_NIGHT_QC,NEE_VUT_50_NIGHT_QC,NEE_VUT_75_NIGHT_QC,NEE_VUT_84_NIGHT_QC,NEE_VUT_95_NIGHT_QC,NEE_CUT_05_DAY,NEE_CUT_16_DAY,NEE_CUT_25_DAY,NEE_CUT_50_DAY,NEE_CUT_75_DAY,NEE_CUT_84_DAY,NEE_CUT_95_DAY,NEE_VUT_05_DAY,NEE_VUT_16_DAY,NEE_VUT_25_DAY,NEE_VUT_50_DAY,NEE_VUT_75_DAY,NEE_VUT_84_DAY,NEE_VUT_95_DAY,NEE_CUT_05_DAY_QC,NEE_CUT_16_DAY_QC,NEE_CUT_25_DAY_QC,NEE_CUT_50_DAY_QC,NEE_CUT_75_DAY_QC,NEE_CUT_84_DAY_QC,NEE_CUT_95_DAY_QC,NEE_VUT_05_DAY_QC,NEE_VUT_16_DAY_QC,NEE_VUT_25_DAY_QC,NEE_VUT_50_DAY_QC,NEE_VUT_75_DAY_QC,NEE_VUT_84_DAY_QC,NEE_VUT_95_DAY_QC,RECO_NT_VUT_REF,RECO_NT_VUT_USTAR50,RECO_NT_VUT_MEAN,RECO_NT_VUT_SE,RECO_NT_VUT_05,RECO_NT_VUT_16,RECO_NT_VUT_25,RECO_NT_VUT_50,RECO_NT_VUT_75,RECO_NT_VUT_84,RECO_NT_VUT_95,RECO_NT_CUT_REF,RECO_NT_CUT_USTAR50,RECO_NT_CUT_MEAN,RECO_NT_CUT_SE,RECO_NT_CUT_05,RECO_NT_CUT_16,RECO_NT_CUT_25,RECO_NT_CUT_50,RECO_NT_CUT_75,RECO_NT_CUT_84,RECO_NT_CUT_95,GPP_NT_VUT_REF,GPP_NT_VUT_USTAR50,GPP_NT_VUT_MEAN,GPP_NT_VUT_SE,GPP_NT_VUT_05,GPP_NT_VUT_16,GPP_NT_VUT_25,GPP_NT_VUT_50,GPP_NT_VUT_75,GPP_NT_VUT_84,GPP_NT_VUT_95,GPP_NT_CUT_REF,GPP_NT_CUT_USTAR50,GPP_NT_CUT_MEAN,GPP_NT_CUT_SE,GPP_NT_CUT_05,GPP_NT_CUT_16,GPP_NT_CUT_25,GPP_NT_CUT_50,GPP_NT_CUT_75,GPP_NT_CUT_84,GPP_NT_CUT_95,RECO_DT_VUT_REF,RECO_DT_VUT_USTAR50,RECO_DT_VUT_MEAN,RECO_DT_VUT_SE,RECO_DT_VUT_05,RECO_DT_VUT_16,RECO_DT_VUT_25,RECO_DT_VUT_50,RECO_DT_VUT_75,RECO_DT_VUT_84,RECO_DT_VUT_95,RECO_DT_CUT_REF,RECO_DT_CUT_USTAR50,RECO_DT_CUT_MEAN,RECO_DT_CUT_SE,RECO_DT_CUT_05,RECO_DT_CUT_16,RECO_DT_CUT_25,RECO_DT_CUT_50,RECO_DT_CUT_75,RECO_DT_CUT_84,RECO_DT_CUT_95,GPP_DT_VUT_REF,GPP_DT_VUT_USTAR50,GPP_DT_VUT_MEAN,GPP_DT_VUT_SE,GPP_DT_VUT_05,GPP_DT_VUT_16,GPP_DT_VUT_25,GPP_DT_VUT_50,GPP_DT_VUT_75,GPP_DT_VUT_84,GPP_DT_VUT_95,GPP_DT_CUT_REF,GPP_DT_CUT_USTAR50,GPP_DT_CUT_MEAN,GPP_DT_CUT_SE,GPP_DT_CUT_05,GPP_DT_CUT_16,GPP_DT_CUT_25,GPP_DT_CUT_50,GPP_DT_CUT_75,GPP_DT_CUT_84,GPP_DT_CUT_95,RECO_SR,RECO_SR_N
2004,-9999,-9999,-9999,-9999,-9999,-9999,-9999,-9999,13.228,11.631,1.966,14.682,1.926,12.578,0.373406,11.004,1.938,0.374469,14.01,2.157,0.372206,-9999,-9999,54.761,118.921,0.548668,-9999,-9999,327.873,321.995,0.549693,-9999,-9999,343.551,338.672,0.362705,-9999,-9999,6.513,7.121,0.373406,98.555,98.828,0.54918,1277.828,1030.56,0.554645,2.252,2.584,0.54918,-9999,-9999,99.12489635157546,0.5491803278688525,334.3339733208955,0.5491803278688525,12.90179927866495,0.5480988160291439,20.98557743198899,0.5491234061930784,384.08872305140966,0.5491803278688525,-9999,-9999,-9999,-9999,-9999,-9999,2.73597,0.549408,93.7222,0.540187,110.97,0.530822,26.6056,0.542065,31.5018,0.283897,1.0,2,6.06284,8.82787,-1554.72,-1523.79,0.290471,0.29827,21.0721,21.6852,140.564,104.38,-1542.25,-1505.41,0.29252,0.298782,20.8981,21.8981,140.538,104.425,-1569.68,-1559.78,0.292096,0.297187,17.2274,15.464,-1804.65,-1719.38,-1603.9,-1564.81,-1526.74,-1441.43,-1386.22,-1755.75,-1644.42,-1622.73,-1561.96,-1518.28,-1440.22,-1385.17,0.277835,0.282275,0.287568,0.296448,0.29918,0.303336,0.301457,0.274362,0.309199,0.309028,0.295423,0.299123,0.303449,0.3014,6.22469,6.17998,1.75073,1.99358,0.292777,0.30604,0.0683364,0.0747837,0.207081,0.767467,-12.9853,-12.7955,8.85081,8.87745,0.285251,0.289876,0.0808832,0.081456,0.614561,0.464333,6.23244,6.23283,1.79537,2.02318,0.295511,0.306268,0.068158,0.075454,0.207023,0.767532,-12.9272,-12.7545,8.84124,8.89172,0.286686,0.290552,0.0801428,0.0822355,0.614464,0.464471,5.15837,6.07569,6.13293,6.23011,6.38567,6.46665,6.70936,4.80353,4.85804,6.04114,6.18984,6.24622,6.38567,6.6755,0.309874,0.302907,0.308853,0.295943,0.289976,0.307902,0.307924,0.317228,0.317228,0.303135,0.30604,0.293351,0.289976,0.307924,-14.128,-13.8551,-13.3348,-12.9354,-12.77,-12.6367,-12.3232,-14.0921,-13.1848,-12.9869,-12.793,-12.3775,-12.2705,-12.2353,0.270033,0.275083,0.280945,0.286476,0.291189,0.293407,0.296428,0.268121,0.281764,0.284838,0.290087,0.295561,0.300166,0.300185,2197.39,2210.21,2221.29,39.7552,1825.74,1860.81,2175.86,2207.85,2272.42,2380.85,2721.51,2258.31,2213.37,2309.08,31.5394,1963.45,2188.52,2200.82,2247.73,2353.59,2552.09,2728.28,3724.26,3715.61,3781.06,32.7546,3407.77,3505.19,3710.25,3776.5,3829.43,4046.79,4160.2,3835.16,3755.62,3878.76,28.6744,3597.22,3724.13,3769.14,3801.83,4046.79,4111.25,4166.49,1850.54,1912.7,1960.35,39.7506,1614.74,1702.8,1758.68,2003.56,2117.67,2237.3,2282.67,1794.74,1714.99,1852.39,33.3411,1428.74,1639.0,1689.67,1835.13,2002.25,2028.59,2179.51,2023.86,1965.07,2036.73,22.4763,1840.76,1855.69,1882.78,2026.33,2146.15,2177.47,2238.36,2010.67,1844.36,2005.13,22.6436,1840.77,1849.04,1864.21,1970.82,2130.83,2184.02,2242.06,-9999,-9999
2005,13.527,0.992751,11.932,2.38,0.993103,14.852,3.012,0.992213,12.538,10.79,2.075,14.117,1.966,13.569,0.992751,11.967,2.388,0.993103,14.907,3.003,0.992213,184.001,0.999886,56.659,183.992,0.999886,319.23,1.0,323.023,319.23,1.0,337.65,0.992637,336.159,337.774,0.992637,7.2,0.992751,6.491,7.235,0.992751,98.559,98.974,0.999943,525.063,979.85,1.0,2.107,3.005,0.999943,0.3959632709657934,0.8699771689497716,104.53500194306811,0.9999429223744292,357.83487768361994,0.9999429223744292,14.834359307220462,0.9989155251141552,23.18352747630142,0.9986872146118723,374.7171779364617,0.9999429223744292,384.536,0.999543,13.441,1.0,27.499,0.999429,0.325888,0.999943,48.8419,0.988071,57.8301,0.197832,38.9692,0.988984,46.1406,0.218693,0.982705,1,22.9315,25.0575,-489.288,-476.574,0.944007,0.957477,6.1969,6.30838,12.0623,13.4142,-491.634,-475.808,0.94863,0.958619,6.24015,6.33456,12.0846,13.4265,-483.187,-485.645,0.944803,0.954887,1.55168,2.35542,-497.724,-491.839,-490.4,-484.122,-475.403,-471.141,-468.152,-526.688,-493.718,-490.985,-483.794,-476.574,-470.041,-468.152,0.911701,0.948573,0.915868,0.930537,0.958333,0.967237,0.966438,0.986416,0.947374,0.942295,0.930308,0.957477,0.967066,0.966438,2.91718,2.94879,0.787196,0.862925,0.939314,0.959009,0.0177902,0.0182627,0.0499488,0.11752,-4.48119,-4.44413,4.57412,4.64378,0.945413,0.954959,0.0267786,0.0271639,0.0541249,0.0760223,2.89719,2.94928,0.798025,0.872108,0.944508,0.960317,0.0177673,0.0185218,0.0499407,0.117561,-4.47676,-4.44025,4.59589,4.64894,0.949505,0.955878,0.0270395,0.0271728,0.0542545,0.0760254,2.75614,2.89923,2.9073,2.94614,2.96431,2.99257,3.00624,2.4528,2.73169,2.85923,2.929,2.94997,2.96387,2.99586,0.9854,0.944025,0.945503,0.93029,0.906169,0.917839,0.914168,0.994928,0.987913,0.974264,0.935769,0.960317,0.906169,0.911624,-4.53483,-4.4983,-4.49375,-4.48119,-4.42066,-4.40422,-4.37242,-4.54247,-4.49414,-4.48718,-4.44232,-4.40195,-4.35213,-4.31226,0.920019,0.936274,0.936983,0.945413,0.955859,0.960905,0.966964,0.914015,0.936983,0.941745,0.955525,0.964799,0.969467,0.976972,1208.3,1203.89,1169.02,12.5156,975.806,1065.52,1145.55,1203.63,1214.48,1218.38,1245.56,1205.76,1203.66,1200.38,7.84698,1076.17,1178.41,1194.93,1213.15,1220.23,1231.6,1251.23,1679.11,1679.7,1654.66,11.0907,1502.49,1553.59,1626.89,1680.02,1701.98,1707.48,1726.45,1702.22,1695.29,1683.56,7.60156,1562.3,1645.31,1668.06,1695.06,1710.38,1714.67,1731.14,1071.51,1262.9,1096.17,17.6548,855.598,981.516,1031.62,1103.77,1166.81,1217.94,1269.03,1147.18,1057.86,1129.95,15.9492,996.634,1023.65,1064.84,1104.66,1222.91,1250.93,1288.73,1610.3,1665.61,1576.51,9.87425,1434.34,1511.54,1547.13,1582.04,1610.3,1647.63,1662.69,1661.36,1552.27,1593.84,8.40199,1524.6,1551.44,1561.8,1583.21,1633.04,1659.5,1670.78,-9999,-9999
2006,14.349,1.0,12.771,2.567,1.0,15.691,3.115,1.0,13.822,12.234,1.965,15.233,1.93,14.349,1.0,12.771,2.567,1.0,15.691,3.115,1.0,179.634,0.999715,54.979,179.491,0.999715,319.171,1.0,331.666,319.171,1.0,343.544,0.999715,349.331,343.585,0.999715,7.699,1.0,6.584,7.699,1.0,98.556,98.589,1.0,858.39,696.85,1.0,2.278,3.03,1.0,0.40472279947119016,0.9715182648401827,98.37346270928464,0.9998287671232877,340.0131928767123,1.0,13.776940639269405,1.0,23.13818523131354,0.9948059360730592,376.6714661504864,0.9998858447488586,386.332,0.998459,13.456,1.0,28.339,1.0,-0.194877,1.0,50.5079,0.65605,63.4395,0.245116,27.8262,0.658562,34.9506,0.222335,0.655308,1,15.8219,17.7781,-596.437,-605.06,0.639669,0.643436,7.92334,8.16417,28.0813,21.0895,-600.312,-605.279,0.642409,0.644406,8.07388,8.28345,28.1241,21.136,-598.097,-604.024,0.638506,0.641869,4.62721,3.42194,-648.67,-621.938,-612.74,-600.786,-584.671,-568.058,-546.623,-640.146,-627.375,-614.327,-603.911,-596.459,-588.484,-567.394,0.654338,0.648916,0.647546,0.642009,0.634247,0.629566,0.616781,0.6504,0.648916,0.647032,0.645548,0.639669,0.634989,0.626941,3.20762,3.15621,0.813492,0.86622,0.646358,0.650603,0.0229617,0.0243666,0.172837,0.135549,-5.143,-5.14529,5.20622,5.18663,0.632694,0.636661,0.0338512,0.0344843,0.0360095,0.0361407,3.18748,3.15575,0.828785,0.902677,0.648937,0.650603,0.024012,0.0251407,0.17298,0.13569,-5.14572,-5.14527,5.20689,5.18343,0.63595,0.638379,0.0341518,0.0347514,0.0362921,0.0363957,2.86579,3.02736,3.10047,3.18397,3.27028,3.36997,3.4728,2.93076,2.99697,3.09479,3.1589,3.21439,3.26365,3.38846,0.656705,0.652362,0.651295,0.648633,0.640444,0.636561,0.618238,0.655228,0.652362,0.651295,0.649991,0.645749,0.640444,0.633455,-5.16204,-5.15511,-5.14418,-5.14001,-5.13297,-5.13055,-5.10063,-5.16232,-5.15396,-5.14865,-5.14273,-5.1393,-5.13233,-5.11644,0.630632,0.628549,0.646406,0.642161,0.625746,0.645002,0.612727,0.630632,0.634036,0.63595,0.637095,0.643525,0.626014,0.652794,1461.67,1444.34,1450.71,8.57402,1339.55,1386.09,1417.75,1460.17,1468.69,1490.34,1544.49,1447.12,1447.51,1452.86,11.511,1302.21,1394.4,1441.4,1460.91,1475.47,1530.41,1549.33,2065.59,2049.62,2054.73,5.79707,1977.24,2019.57,2034.11,2055.82,2077.74,2089.1,2095.92,2047.68,2047.82,2050.96,7.68313,1950.88,2016.34,2030.96,2053.1,2075.16,2088.34,2110.46,1457.4,1464.64,1411.45,15.6116,1237.33,1296.02,1341.89,1438.05,1462.53,1483.77,1569.69,1478.19,1456.99,1432.45,17.8186,1235.72,1295.99,1341.89,1453.77,1498.44,1569.11,1608.98,2295.44,2347.94,2315.31,6.14745,2238.88,2272.93,2287.77,2328.37,2343.96,2346.55,2367.96,2311.26,2345.82,2318.15,6.74208,2233.06,2279.76,2292.6,2334.98,2343.47,2346.7,2374.35,-9999,-9999
2007,13.993,1.0,12.493,2.432,1.0,15.268,2.952,1.0,12.844,11.281,1.954,14.261,1.876,13.993,1.0,12.493,2.432,1.0,15.268,2.952,1.0,182.42,0.99726,54.541,182.178,0.99726,323.93,0.998858,327.365,323.887,0.998858,342.865,0.99726,342.775,342.967,0.99726,7.511,1.0,6.389,7.511,1.0,98.56,98.58,0.99766,1262.634,658.75,0.997146,2.333,2.844,0.957648,0.40555458695927543,0.9447488584474887,102.96470716783217,0.9970319634703195,351.8304161290446,0.9970890410958904,17.18373015873016,0.9970890410958904,23.951560009779435,0.9912100456621004,379.61582167832165,0.9970319634703195,386.772,0.996861,13.549,1.0,31.452,0.999658,0.00322393,0.999658,38.8422,0.989384,50.187,0.178428,39.7699,0.991381,51.3856,0.211192,0.977683,1,22.9233,25.0247,-467.018,-458.067,0.959189,0.964954,5.75544,5.92264,22.4243,12.8911,-459.612,-457.88,0.961986,0.965411,5.7885,5.92085,22.4328,12.8903,-473.064,-464.549,0.961169,0.964862,4.83149,2.93198,-543.265,-498.188,-477.356,-463.031,-456.246,-454.842,-450.057,-514.266,-476.631,-467.176,-459.539,-455.315,-453.731,-448.334,0.931279,0.95097,0.954966,0.988356,0.972546,0.967808,0.974943,0.942009,0.954737,0.960502,0.9621,0.973687,0.978995,0.976826,2.29742,2.27617,0.744767,0.802421,0.962253,0.968282,0.0160178,0.0170999,0.05056,0.0477417,-3.79113,-3.73786,3.75281,3.78152,0.952972,0.958948,0.0251449,0.0255383,0.117975,0.0834639,2.30029,2.26904,0.783988,0.80889,0.964465,0.968419,0.0163477,0.0170497,0.0506655,0.0477237,-3.76015,-3.73306,3.77552,3.78392,0.956313,0.959656,0.0251626,0.0255559,0.117979,0.0834692,1.98226,2.19761,2.21568,2.25904,2.28275,2.29353,2.30981,2.13805,2.20167,2.21949,2.25998,2.28198,2.29082,2.30708,0.993375,0.984953,0.980146,0.956348,0.958155,0.964787,0.959595,0.927,0.98593,0.98309,0.971494,0.962945,0.964787,0.961121,-4.01703,-3.90237,-3.82904,-3.7639,-3.71198,-3.67184,-3.61836,-3.95913,-3.82764,-3.79576,-3.73781,-3.70044,-3.66872,-3.63174,0.929107,0.94267,0.948293,0.955837,0.963149,0.965176,0.971388,0.935363,0.947752,0.950928,0.958299,0.964215,0.965333,0.971032,858.916,869.8,865.564,2.55929,834.451,856.13,859.765,866.095,871.897,879.199,887.001,879.124,883.352,863.336,3.36117,827.878,845.839,858.357,866.736,873.243,879.124,888.32,1314.67,1327.68,1330.11,4.11993,1295.12,1314.67,1316.48,1324.06,1345.1,1348.52,1355.29,1329.25,1342.96,1336.4,6.02436,1279.78,1314.15,1318.07,1333.45,1348.09,1351.11,1357.21,751.333,818.347,796.336,6.39274,733.265,753.042,762.189,784.986,824.297,839.613,862.378,837.765,766.381,803.832,6.67006,731.567,752.21,773.068,804.166,837.829,842.325,857.25,1292.57,1295.08,1282.35,5.15005,1219.97,1237.71,1261.96,1286.42,1310.94,1314.4,1327.42,1291.6,1279.54,1290.71,6.20661,1214.84,1240.57,1262.98,1299.31,1313.46,1318.8,1346.54,-9999,-9999
2008,12.162,1.0,10.748,2.598,1.0,13.404,2.861,1.0,12.844,11.263,1.957,14.275,1.841,12.162,1.0,10.748,2.598,1.0,13.404,2.861,1.0,172.53,0.997723,54.883,172.089,0.997723,318.115,0.998691,327.636,318.105,0.998691,333.93,0.997723,343.189,333.908,0.997723,5.349,1.0,6.417,5.349,1.0,98.555,98.492,0.997495,1097.826,1350.557,0.999886,2.326,2.986,0.999488,0.4327774009660149,0.9677254098360656,98.0683813968916,0.9951616575591986,330.8452782033967,0.9951616575591986,15.35018073296742,0.9951616575591986,21.833300485127992,0.9893556466302367,370.4862570469169,0.9951616575591986,387.592,0.975694,12.324,1.0,43.014,0.998691,-0.760702,0.989128,49.3581,0.996186,64.0756,0.208746,26.0989,0.998577,33.8811,0.193283,0.888547,1,22.9372,25.0301,-536.977,-531.724,0.954406,0.957992,6.3235,6.40083,23.7479,22.2405,-529.665,-532.262,0.957878,0.958618,6.39925,6.47007,23.7681,22.2605,-534.036,-530.345,0.952912,0.956091,3.47393,3.03641,-589.625,-556.38,-549.659,-531.882,-513.435,-510.599,-509.101,-557.787,-553.232,-546.622,-530.762,-512.706,-510.633,-508.475,0.911031,0.936305,0.952015,0.958618,0.969661,0.965221,0.963627,0.943477,0.949909,0.927539,0.957593,0.969661,0.966416,0.962602,2.50011,2.48258,0.987918,0.992693,0.960395,0.965727,0.017636,0.0181222,0.0434189,0.0378622,-4.28238,-4.24767,4.23522,4.23994,0.947726,0.949842,0.0275095,0.0276998,0.0956755,0.0885801,2.49049,2.4636,0.993145,1.00716,0.965727,0.966547,0.0181047,0.0183955,0.0436114,0.0379937,-4.24486,-4.2379,4.24295,4.23358,0.949614,0.950393,0.0277001,0.0279568,0.0957305,0.0886608,2.29565,2.42884,2.44378,2.48406,2.50011,2.50819,2.51626,2.42796,2.44048,2.45594,2.48897,2.50115,2.50697,2.51446,0.898635,0.97712,0.958293,0.965727,0.960395,0.972237,0.920095,0.953932,0.94278,0.934704,0.970068,0.969795,0.968991,0.970236,-4.37834,-4.33752,-4.32542,-4.24763,-4.1601,-4.15425,-4.12695,-4.34515,-4.32664,-4.31027,-4.24297,-4.1642,-4.15836,-4.14866,0.925886,0.937163,0.943389,0.949754,0.957487,0.959064,0.961883,0.931163,0.943053,0.94509,0.950061,0.954674,0.955484,0.958277,1037.6,1034.55,1043.35,4.53049,984.851,1021.99,1029.37,1039.3,1054.47,1065.53,1094.61,1048.5,1047.53,1042.98,6.62581,970.952,1000.87,1026.85,1041.97,1061.74,1078.98,1110.05,1556.83,1566.81,1573.69,6.64605,1500.91,1532.93,1541.6,1567.21,1596.68,1618.77,1651.86,1566.03,1577.2,1577.02,8.84178,1480.34,1529.3,1536.39,1576.61,1618.71,1642.09,1658.68,964.077,947.569,983.111,7.58695,901.715,933.871,947.384,976.772,1002.56,1034.12,1059.0,1008.26,967.737,986.288,10.2621,870.001,913.886,947.696,977.492,1025.71,1055.08,1107.89,1446.16,1454.02,1480.46,6.52934,1419.23,1443.52,1451.07,1465.91,1520.23,1526.72,1544.18,1465.34,1465.4,1483.81,8.58379,1400.88,1428.19,1449.03,1465.34,1525.43,1545.32,1563.05,-9999,-9999
2009,12.2,1.0,10.849,2.416,1.0,13.34,2.801,1.0,13.524,11.869,2.039,15.006,1.92,12.2,1.0,10.849,2.416,1.0,13.34,2.801,1.0,171.318,0.997546,55.858,170.479,0.997546,319.724,1.0,327.874,319.724,1.0,336.197,0.997546,343.551,335.997,0.997546,5.094,1.0,6.599,5.094,1.0,98.548,98.373,0.999087,1043.018,1213.2,1.0,2.312,2.958,1.0,0.4103977060703072,0.9935502283105024,96.85312591081319,0.9999429223744293,324.65713700913244,1.0,14.325057077625573,1.0,21.946668784622318,0.996175799086758,371.9751542310308,0.9999429223744293,390.783,0.999486,12.39,0.999715,43.653,0.998116,0.0884245,0.971005,48.9578,0.997945,61.7242,0.20156,27.0259,0.999315,34.0733,0.19482,0.866781,1,22.9233,25.0329,-485.533,-485.068,0.983676,0.987614,6.90497,6.9737,19.9243,10.6536,-488.314,-480.463,0.985731,0.988128,6.97137,7.02967,19.9474,10.6903,-488.83,-484.265,0.981107,0.985447,2.43813,1.89044,-530.795,-513.531,-491.059,-485.596,-479.721,-476.152,-473.87,-515.586,-490.665,-488.191,-481.504,-477.097,-474.557,-472.382,0.9246,0.962329,0.985445,0.987614,0.988584,0.989326,0.993721,0.957877,0.985559,0.978311,0.988014,0.991895,0.989954,0.994977,2.77516,2.7384,1.0103,1.03819,0.99136,0.994926,0.0224766,0.0229811,0.0593911,0.069928,-4.15332,-4.12703,4.25993,4.26597,0.977343,0.981819,0.0282152,0.028305,0.0947851,0.0866695,2.73664,2.74242,1.03908,1.05329,0.993229,0.995034,0.0228215,0.0231542,0.0595225,0.0699851,-4.14148,-4.10909,4.25427,4.268,0.979748,0.982615,0.028399,0.0285398,0.0948399,0.0867464,2.52635,2.66771,2.67911,2.73428,2.76393,2.77766,2.81111,2.55643,2.64647,2.67365,2.73504,2.76237,2.77856,2.81135,0.997909,0.998094,0.998398,0.99262,0.995587,0.990361,0.976651,0.997909,0.997981,0.998398,0.993229,0.995587,0.99136,0.987193,-4.2861,-4.22954,-4.19222,-4.14422,-4.0835,-4.04857,-3.97429,-4.24244,-4.19122,-4.16917,-4.11843,-4.06286,-4.02739,-3.97038,0.944903,0.961737,0.971913,0.979748,0.985999,0.989102,0.99343,0.956096,0.970908,0.975075,0.982498,0.987693,0.990237,0.993336,1104.91,1102.38,1083.41,6.90273,1000.86,1041.0,1056.78,1091.12,1106.41,1111.99,1159.72,1105.85,1102.83,1083.24,7.75056,993.362,1037.09,1052.92,1091.12,1108.18,1112.33,1157.82,1579.46,1582.85,1567.68,7.15546,1482.05,1518.53,1537.02,1577.83,1591.14,1595.12,1646.44,1593.54,1591.14,1572.07,7.60051,1470.53,1534.52,1542.81,1580.54,1594.46,1611.05,1646.22,1030.58,989.978,1012.33,9.53625,890.235,961.746,983.172,993.422,1056.5,1067.55,1115.65,1113.86,993.361,1014.05,10.9328,870.438,962.826,976.665,993.024,1062.19,1105.36,1118.76,1459.46,1470.8,1477.26,5.73619,1417.11,1438.38,1445.4,1471.38,1507.75,1512.39,1536.86,1468.54,1473.88,1481.32,6.35982,1415.52,1443.08,1453.39,1473.18,1506.38,1528.44,1536.63,-9999,-9999
2010,13.268,1.0,11.82,2.342,1.0,14.526,2.872,1.0,12.598,11.058,1.877,13.992,1.773,13.268,1.0,11.82,2.342,1.0,14.526,2.872,1.0,179.97,0.959532,55.523,177.301,0.959532,322.432,0.959361,326.027,323.475,0.959361,342.446,0.959532,340.737,342.568,0.959532,6.155,1.0,6.528,6.155,1.0,98.541,98.301,0.998288,990.636,1054.45,1.0,2.245,2.752,0.996861,0.3868844502302974,0.986986301369863,108.08679814668047,0.9561073059360731,350.32280144752485,0.9561073059360731,14.49128970310309,0.9561073059360731,23.140290592559296,0.953310502283105,377.4072679794347,0.9561073059360731,396.87,0.992352,13.321,1.0,46.475,0.957934,-0.185828,0.957934,53.3794,0.985559,69.8539,0.222949,26.3605,0.996233,34.4961,0.181169,0.930822,1,22.9123,25.0356,-366.573,-363.684,0.953196,0.967979,7.97035,8.30946,15.8211,17.1348,-349.5,-367.547,0.959304,0.969064,8.05243,8.32896,15.8626,17.1443,-364.856,-374.09,0.956787,0.967041,2.46197,2.23525,-393.271,-381.96,-369.192,-363.993,-359.341,-354.627,-350.961,-400.392,-390.979,-385.547,-370.826,-363.684,-361.008,-354.9,0.982763,0.980765,0.941952,0.957135,0.967637,0.963927,0.961644,0.985046,0.979452,0.976941,0.952283,0.967979,0.96718,0.958162,2.81031,2.79551,1.35512,1.39778,0.951947,0.972068,0.0291002,0.0300421,0.0921505,0.124019,-3.64281,-3.61601,4.37672,4.44829,0.954575,0.965926,0.0302476,0.0317735,0.0424591,0.0403096,2.87884,2.75998,1.38104,1.4103,0.961528,0.972397,0.0292395,0.0300618,0.0921946,0.124024,-3.61177,-3.61027,4.41666,4.45053,0.958261,0.967534,0.0306872,0.031888,0.0427734,0.0403999,2.61224,2.71171,2.75998,2.81944,2.87728,2.88658,2.9457,2.56522,2.62938,2.6781,2.75838,2.82905,2.87003,2.88246,0.986168,0.980355,0.972397,0.971665,0.947328,0.94723,0.938298,0.990059,0.986125,0.983815,0.97696,0.969828,0.966685,0.935009,-3.68336,-3.67197,-3.66551,-3.63781,-3.61648,-3.61237,-3.60944,-3.67527,-3.66366,-3.65209,-3.62792,-3.61595,-3.61405,-3.60869,0.93268,0.948719,0.92806,0.955229,0.963737,0.960908,0.966683,0.946221,0.952761,0.952194,0.976722,0.961249,0.967702,0.964821,1120.24,1107.26,1107.05,6.89473,1021.95,1053.1,1074.79,1119.26,1144.4,1145.41,1152.33,1145.44,1145.9,1132.26,5.88386,1049.22,1093.81,1114.68,1137.42,1148.47,1158.38,1175.11,1489.16,1474.8,1481.14,4.83247,1421.83,1442.16,1458.86,1487.73,1506.08,1507.81,1516.02,1495.45,1495.4,1497.12,3.90169,1442.49,1474.8,1486.76,1497.77,1510.99,1519.56,1528.02,1025.66,1018.2,1057.11,11.0646,985.42,998.862,1007.32,1027.64,1089.22,1124.16,1200.29,1131.05,1002.76,1093.28,14.9876,982.249,1016.85,1030.7,1052.88,1126.37,1181.94,1280.99,1395.68,1403.58,1427.8,7.31593,1376.97,1392.96,1396.5,1408.44,1454.09,1476.54,1524.34,1404.37,1408.7,1452.8,9.39451,1382.9,1403.49,1410.08,1429.27,1481.41,1518.49,1562.51,-9999,-9999
2011,13.253,0.874658,11.887,2.298,0.875241,14.416,2.95,0.874187,13.698,12.099,1.912,15.152,1.853,13.406,0.874658,12.087,2.329,0.875241,14.533,2.837,0.874187,105.19,0.165126,55.287,66.866,0.165126,266.068,0.164326,330.837,327.009,0.164326,354.07,0.165126,348.066,341.372,0.165126,6.431,0.874658,6.519,6.61,0.874658,98.56,97.854,0.984418,875.008,884.257,0.855993,2.212,2.9,0.981507,0.41885151487592986,0.9621575342465754,-9999,-9999,-9999,-9999,-9999,-9999,-9999,-9999,-9999,-9999,394.769,0.967523,14.135,0.773116,48.693,0.164326,-6.90089,0.172374,42.6695,0.89532,54.5068,0.0888619,28.4732,0.977283,36.3722,0.399437,2.0,2,6.90411,5.6274,-341.124,-345.987,0.697432,0.76113,3.77153,3.88179,8.8938,6.21971,-341.823,-347.516,0.711587,0.767237,3.7784,3.88725,8.89672,6.22312,-348.901,-348.167,0.711836,0.758525,1.44449,1.03378,-371.78,-358.568,-349.308,-346.611,-343.836,-342.459,-340.975,-365.291,-353.18,-349.298,-346.376,-344.664,-343.461,-341.221,0.585388,0.631507,0.648916,0.76484,0.723231,0.726769,0.701541,0.606735,0.666553,0.797032,0.82911,0.718721,0.757192,0.729852,2.57374,2.45919,1.23445,1.38435,0.546925,0.6331,0.0124681,0.012969,0.107456,0.130195,-3.30066,-3.23902,3.65058,3.71895,0.820113,0.865172,0.0160534,0.0163582,0.099725,0.116023,2.54842,2.44344,1.2764,1.42063,0.565576,0.640667,0.0125064,0.0130081,0.10746,0.130199,-3.28699,-3.23239,3.66825,3.72263,0.830715,0.870063,0.0160635,0.0163574,0.0997267,0.116023,2.34712,2.44951,2.49149,2.54675,2.6067,2.66297,2.68179,2.25503,2.34542,2.38445,2.44992,2.54823,2.60451,2.68114,0.75888,0.670958,0.623252,0.563581,0.525457,0.488018,0.480716,0.811927,0.765532,0.724441,0.638678,0.563955,0.527823,0.474702,-3.50666,-3.4346,-3.3703,-3.28496,-3.26081,-3.23775,-3.17743,-3.48486,-3.38281,-3.29154,-3.24457,-3.18543,-3.15308,-3.10769,0.717158,0.774161,0.798644,0.832377,0.858091,0.868024,0.897561,0.74,0.785561,0.824302,0.875109,0.893352,0.9046,0.922983,917.086,916.952,928.967,7.2819,858.677,882.131,899.061,917.086,958.022,986.613,1014.23,957.943,958.533,956.415,6.64075,882.107,914.607,928.857,948.453,991.527,1005.62,1012.08,1263.04,1264.47,1277.13,7.65876,1210.07,1226.04,1244.53,1264.02,1299.17,1334.44,1368.94,1280.61,1300.36,1305.32,7.21681,1224.83,1261.65,1273.33,1289.2,1343.88,1360.69,1371.96,514.015,468.803,559.019,30.3604,435.993,456.352,462.559,476.268,565.499,582.629,1000.98,618.962,518.913,619.464,35.4378,456.352,468.753,473.009,534.517,613.567,788.995,1096.05,165.265,164.882,167.125,0.977423,161.899,162.356,163.453,165.233,167.995,168.229,182.73,166.551,166.887,169.466,1.04687,162.312,164.898,165.509,167.437,170.725,173.113,184.338,-9999,-9999
2012,15.564,0.991006,14.099,2.681,0.997268,16.803,3.387,0.986427,13.596,11.864,2.066,15.154,1.948,15.53,0.991006,14.087,2.685,0.997268,16.752,3.363,0.986427,185.912,0.990608,58.273,183.241,0.990608,336.428,0.990153,324.467,336.196,0.990153,350.978,0.990153,338.36,350.82,0.990153,9.303,0.991006,6.728,9.203,0.991006,98.555,98.493,0.987648,792.075,579.33,0.98503,2.269,2.862,0.963912,0.39347244736487547,0.9564549180327869,101.58145030220592,0.982695810564663,364.72194707704244,0.9832650273224044,20.82677558277426,0.9832650273224044,24.611683721588456,0.9832081056466303,394.12213507811157,0.9832650273224044,396.028,0.989754,14.222,0.98964,32.552,0.991006,0.0899292,0.991006,34.6144,0.980817,43.1367,0.166141,46.7676,0.984745,58.2822,0.230946,0.969945,1,22.929,25.0328,-126.083,-133.557,0.953438,0.959472,4.95886,5.06907,9.85367,16.0385,-129.097,-135.234,0.95526,0.960041,5.03962,5.11051,9.89456,16.0516,-135.122,-139.842,0.952419,0.957713,2.15234,2.41445,-166.899,-143.083,-135.477,-132.354,-129.037,-126.053,-124.428,-174.683,-157.188,-145.692,-134.977,-130.217,-126.756,-124.075,0.976548,0.969376,0.960041,0.959472,0.954406,0.911088,0.944615,0.979964,0.974328,0.971141,0.929702,0.95526,0.948941,0.903575,2.43572,2.40208,0.89385,0.916545,0.961268,0.970747,0.0149752,0.0153598,0.0392239,0.0764437,-2.33668,-2.34723,3.29362,3.31553,0.945953,0.949894,0.0209193,0.0213513,0.0287789,0.0276162,2.4241,2.39659,0.905705,0.93199,0.963886,0.971408,0.0153231,0.0156745,0.0393581,0.0765075,-2.34255,-2.35171,3.30567,3.31367,0.947242,0.950409,0.0211972,0.0214108,0.0289815,0.0276622,2.20708,2.35235,2.36769,2.40651,2.42035,2.42485,2.43572,2.11413,2.273,2.34508,2.38335,2.41651,2.42277,2.43599,0.988847,0.909817,0.927545,0.972812,0.955442,0.959045,0.961268,0.989892,0.986965,0.983631,0.976682,0.954729,0.956879,0.958959,-2.36034,-2.35855,-2.3553,-2.34461,-2.32881,-2.31903,-2.31267,-2.36146,-2.35913,-2.35706,-2.34723,-2.33616,-2.3241,-2.31223,0.9621,0.955194,0.966679,0.950308,0.975128,0.929472,0.92316,0.959829,0.950506,0.958596,0.949894,0.945944,0.972037,0.934882,951.779,935.599,928.063,5.94724,832.812,882.981,921.704,940.549,949.223,950.982,964.748,945.075,945.679,937.225,5.14232,866.27,922.994,933.783,945.075,949.414,953.253,977.943,1086.43,1070.83,1067.9,3.72458,1007.49,1042.22,1056.68,1075.29,1080.73,1083.32,1087.78,1074.93,1074.78,1072.35,3.51272,1008.02,1057.15,1071.2,1075.98,1082.78,1086.22,1102.41,909.051,874.572,870.38,7.94247,799.877,815.354,819.125,862.415,911.545,919.23,941.316,874.063,887.684,865.0,6.58318,787.284,817.987,834.283,874.063,888.355,896.621,930.512,1015.01,1031.12,1021.69,4.57331,973.96,989.335,996.884,1023.58,1047.74,1051.07,1057.2,1019.98,1040.26,1027.23,3.58168,978.712,998.329,1014.38,1031.32,1042.55,1044.97,1054.93,-9999,-9999
2013,12.515,0.995377,11.25,2.568,0.999055,13.591,3.056,0.991204,13.525,11.764,2.134,15.132,1.98,12.523,0.995377,11.256,2.578,0.999055,13.604,3.031,0.991204,172.871,0.970491,55.659,166.337,0.970491,329.56,0.969235,324.907,329.167,0.969235,337.932,0.969977,339.03,338.226,0.969977,5.966,0.995377,6.735,5.964,0.995377,98.551,98.634,0.988128,693.634,849.503,0.988071,2.38,2.821,0.965011,0.3847909025168017,0.9598173515981735,99.0556356920549,0.9542808219178082,335.17344532821835,0.9547945205479452,19.691687926259757,0.9547945205479452,22.258221807651868,0.9547945205479452,378.12314461180694,0.9547945205479452,401.424,0.992409,12.002,0.991895,33.035,0.991895,-0.389892,0.991895,38.7039,0.976769,53.5419,0.165193,33.2907,0.985731,46.0534,0.201544,0.932249,1,22.9233,25.0192,-356.443,-355.824,0.931336,0.932135,6.66606,6.60987,13.3022,14.3251,-353.324,-358.041,0.937728,0.93516,6.55562,6.59136,13.2472,14.3166,-367.749,-367.747,0.935148,0.934361,2.18727,1.88022,-388.599,-379.466,-373.897,-364.22,-357.628,-356.443,-353.446,-391.959,-381.242,-374.492,-364.839,-358.827,-355.824,-353.538,0.972374,0.859817,0.965297,0.954167,0.933562,0.931336,0.927226,0.908219,0.965925,0.893779,0.959132,0.940468,0.932135,0.927226,2.63098,2.63334,0.957346,0.969958,0.916525,0.918442,0.0211713,0.0210855,0.0597678,0.0585083,-3.46154,-3.46047,4.01939,4.01751,0.939299,0.939404,0.027582,0.0272961,0.0460097,0.0438032,2.63844,2.62452,1.00631,0.971805,0.93004,0.924826,0.0206207,0.02085,0.059575,0.0584238,-3.45454,-3.46349,4.02718,4.01903,0.940673,0.939991,0.0272579,0.0273334,0.0458161,0.0438264,2.41814,2.53231,2.58383,2.60944,2.63104,2.64409,2.64991,2.45456,2.5317,2.57103,2.60876,2.6313,2.64086,2.64999,0.976224,0.895013,0.944185,0.895738,0.908023,0.876886,0.924921,0.96802,0.964731,0.895341,0.955137,0.908023,0.930358,0.925075,-3.54658,-3.52842,-3.50162,-3.4717,-3.46006,-3.45477,-3.44877,-3.5568,-3.52737,-3.51171,-3.47587,-3.46047,-3.45885,-3.45195,0.920073,0.925149,0.931054,0.956394,0.939801,0.941096,0.96598,0.919578,0.924692,0.929052,0.935325,0.939404,0.943211,0.957711,979.772,970.379,970.393,3.71472,922.236,946.578,954.452,973.971,985.368,987.85,1000.06,979.655,980.2,968.168,4.5521,922.259,943.821,951.583,973.684,982.86,985.444,1001.58,1338.6,1328.42,1338.14,3.18133,1311.02,1318.84,1320.56,1337.12,1349.13,1355.0,1360.71,1340.97,1333.52,1335.92,3.4244,1308.86,1315.13,1319.72,1337.15,1344.29,1355.71,1359.7,1034.73,975.422,1006.33,13.1534,892.877,924.273,941.352,989.595,1047.99,1085.43,1156.4,1044.37,982.012,999.073,12.0519,901.852,915.155,940.852,986.151,1042.99,1061.94,1151.34,1346.04,1341.31,1362.58,7.90937,1290.16,1314.42,1326.63,1348.28,1390.67,1409.03,1436.13,1331.39,1341.59,1354.29,7.31685,1288.79,1310.41,1325.61,1344.54,1381.51,1397.19,1436.66,-9999,-9999
2014,12.18,1.0,10.879,2.635,1.0,13.286,3.006,1.0,14.531,12.804,2.057,16.109,1.876,12.18,1.0,10.879,2.635,1.0,13.286,3.006,1.0,173.736,0.998744,58.408,173.373,0.998744,328.042,0.99863,330.237,328.1,0.99863,336.638,0.998744,347.153,336.729,0.998744,5.895,1.0,6.733,5.895,1.0,98.547,98.578,0.999943,555.978,850.8,1.0,2.288,2.888,0.981792,0.4077998747823537,0.979851598173516,101.22753795858108,0.9962899543378997,334.9177577705083,0.9969178082191781,18.788524544677173,0.9969178082191781,21.774369510070493,0.9969178082191781,377.75295226248994,0.9969178082191781,406.139,0.999486,12.012,0.999943,35.124,1.0,-0.813233,1.0,37.4854,0.998744,52.5222,0.226569,35.3597,0.999201,49.5438,0.227283,0.992009,1,22.9288,25.0548,-289.918,-292.011,0.984247,0.983562,8.04092,7.88816,16.4872,15.5216,-294.136,-294.158,0.985559,0.983676,8.11945,7.92717,16.5256,15.5415,-296.541,-292.749,0.98387,0.979709,2.50579,1.81442,-331.033,-309.02,-304.898,-294.68,-284.625,-280.234,-277.813,-310.378,-306.158,-304.023,-293.803,-282.95,-279.423,-276.329,0.996404,0.991781,0.992066,0.985731,0.984418,0.98282,0.973973,0.993607,0.991381,0.989212,0.984361,0.981564,0.979053,0.973116,2.74245,2.74415,1.14227,1.13438,0.990055,0.990568,0.0217542,0.021507,0.124067,0.121382,-3.20736,-3.21931,4.24854,4.24065,0.979376,0.977909,0.0354502,0.0346921,0.0410003,0.050374,2.70874,2.72439,1.15438,1.13569,0.99126,0.989751,0.0222887,0.0216485,0.124162,0.121407,-3.20224,-3.21437,4.2695,4.24093,0.980661,0.978701,0.0356281,0.0348454,0.0411542,0.0504797,2.40142,2.603,2.63227,2.70681,2.80312,2.84729,2.89223,2.57375,2.62954,2.63967,2.73554,2.84728,2.86847,2.90354,0.999487,0.996141,0.997054,0.991613,0.991805,0.959555,0.98077,0.99893,0.997054,0.994065,0.99075,0.96573,0.982166,0.97706,-3.30731,-3.23165,-3.21863,-3.20492,-3.19508,-3.19045,-3.15779,-3.31687,-3.26697,-3.23121,-3.21066,-3.20044,-3.19392,-3.18203,0.951405,0.972796,0.974792,0.977685,0.984811,0.987123,0.991721,0.94227,0.962765,0.970258,0.979579,0.981947,0.985024,0.988137,1090.28,1073.69,1095.73,7.7256,1014.48,1047.94,1057.48,1089.5,1118.86,1147.81,1182.69,1089.16,1091.22,1076.7,8.99058,953.96,1030.01,1050.56,1079.31,1097.36,1123.04,1158.87,1384.59,1367.84,1388.47,6.46921,1324.86,1352.66,1363.03,1378.27,1398.28,1424.14,1476.03,1374.12,1385.36,1373.24,6.78349,1284.99,1339.04,1357.55,1375.16,1384.72,1401.1,1452.07,1088.54,1032.55,1024.45,8.29885,937.406,962.196,976.314,1024.81,1053.92,1075.11,1102.51,1081.01,1028.07,1009.3,9.16737,896.04,948.43,969.855,1015.82,1037.59,1053.52,1097.08,1323.19,1333.97,1333.07,5.50706,1274.78,1290.48,1306.34,1331.63,1353.57,1364.57,1385.09,1317.86,1333.09,1322.69,6.10759,1250.39,1283.83,1296.44,1327.46,1343.89,1360.18,1381.66,-9999,-9999
2015,13.878,1.0,12.668,2.479,1.0,14.92,2.944,1.0,14.153,12.504,2.051,15.674,1.985,13.878,1.0,12.668,2.479,1.0,14.92,2.944,1.0,170.955,0.997888,56.303,170.477,0.997888,335.552,0.997888,331.111,335.491,0.997888,349.089,0.997888,348.485,349.036,0.997888,5.854,1.0,6.632,5.854,1.0,98.565,98.66,1.0,795.467,1013.574,0.994635,2.135,2.83,0.994977,0.3928263560374161,0.9942351598173517,100.1340910672817,0.9934931506849315,324.8128983719859,0.9945205479452055,17.419955572258853,0.9945205479452055,20.014442161108875,0.9945205479452055,385.3683722748336,0.9945205479452055,408.143,0.999429,13.114,1.0,37.384,1.0,0.154791,1.0,22.9646,0.998231,31.9453,0.222822,30.6894,0.999543,42.6911,0.21923,2.0,2,22.9288,25.0521,-192.612,-200.99,0.974486,0.970662,7.43172,7.38376,16.073,19.4353,-183.689,-192.0,0.978311,0.97363,7.38958,7.42081,16.0535,19.4494,-192.415,-197.054,0.974202,0.967928,2.11912,2.67981,-219.165,-209.067,-207.345,-185.41,-181.775,-180.564,-178.823,-232.664,-216.959,-209.437,-194.131,-181.545,-181.003,-178.897,0.911644,0.965126,0.966324,0.997717,0.984646,0.982021,0.984475,0.9379,0.953139,0.960959,0.973916,0.988014,0.979909,0.983904,1.81314,1.78334,1.07061,1.02026,0.983362,0.978137,0.0223723,0.0221768,0.0381737,0.037751,-2.28302,-2.29841,3.57454,3.54141,0.966938,0.964233,0.0315088,0.0313358,0.0661285,0.0722323,1.8369,1.83217,1.09723,1.05053,0.989317,0.983037,0.0220941,0.0222531,0.0380113,0.0377959,-2.2573,-2.29374,3.60633,3.55664,0.969161,0.965707,0.0314207,0.0315138,0.0660866,0.0723096,1.73212,1.76408,1.76974,1.79221,1.81677,1.82594,1.84116,1.72336,1.76041,1.76928,1.78755,1.81566,1.82151,1.83574,0.953757,0.961593,0.968201,0.99494,0.990325,0.990006,0.989909,0.958579,0.97061,0.972012,0.967632,0.991777,0.987103,0.989423,-2.3518,-2.3347,-2.31945,-2.27022,-2.22398,-2.21843,-2.1826,-2.36838,-2.35115,-2.33605,-2.29457,-2.23188,-2.22099,-2.21514,0.937103,0.950925,0.961036,0.968052,0.979186,0.977722,0.986386,0.931287,0.949554,0.954892,0.965473,0.974932,0.977391,0.977159,743.758,752.277,736.613,1.88539,709.852,721.571,730.419,738.678,743.758,747.222,752.388,751.215,744.529,733.947,3.15513,681.383,719.813,727.194,739.547,745.485,748.753,753.748,926.969,944.277,933.667,3.82793,891.397,905.347,911.861,938.817,949.332,951.24,969.468,928.026,928.219,926.361,4.53546,861.455,903.258,908.056,928.026,947.363,950.324,956.935,866.137,788.231,839.426,13.6439,719.968,764.638,775.302,808.44,886.6,911.76,968.493,866.141,784.693,813.243,12.3446,702.369,750.089,767.987,799.568,864.587,884.22,913.877,950.665,961.278,991.748,9.34165,905.284,940.307,946.167,960.179,1041.19,1062.19,1088.4,963.215,949.691,972.286,8.66233,896.151,928.913,941.0,959.649,1008.32,1037.59,1051.59,-9999,-9999
2016,14.971,1.0,13.626,2.478,1.0,16.111,3.014,1.0,14.321,12.654,1.861,15.818,1.82,14.971,1.0,13.626,2.478,1.0,16.111,3.014,1.0,178.159,0.998918,55.705,177.795,0.998918,336.887,0.998805,332.386,336.937,0.998805,352.986,0.998918,350.428,353.037,0.998918,6.741,1.0,6.669,6.741,1.0,98.558,98.619,0.999829,716.877,871.5,1.0,2.208,2.765,0.991462,0.38195355399650405,0.9913479052823316,104.62051318633091,0.9970969945355191,335.25073464756366,0.9972677595628415,17.183164054186598,0.9972677595628415,21.013595380516897,0.9972677595628415,388.5172715512843,0.9972677595628415,412.76,0.998292,13.801,1.0,34.465,1.0,-0.176962,1.0,48.2634,0.998634,66.6517,0.206242,27.4587,0.999772,37.9204,0.194193,0.996186,1,22.929,25.0082,-371.147,-369.174,0.971596,0.969092,8.68106,8.65728,10.9584,16.405,-378.413,-368.861,0.974613,0.969832,8.72036,8.66149,10.9896,16.4073,-377.826,-379.775,0.972077,0.963459,2.13579,2.50623,-414.111,-383.036,-379.165,-375.442,-370.766,-369.661,-362.216,-414.15,-398.012,-379.725,-376.367,-371.583,-370.143,-361.784,0.907901,0.948714,0.974442,0.978768,0.971255,0.969092,0.964139,0.907388,0.932377,0.976036,0.980647,0.988331,0.969376,0.96653,3.31297,3.34267,1.17027,1.15757,0.974457,0.970959,0.0223854,0.0225206,0.0904536,0.0786955,-4.05346,-4.06786,5.1168,5.06978,0.967259,0.965277,0.0387065,0.0385044,0.0619219,0.0928203,3.2434,3.33068,1.18444,1.15589,0.977578,0.97218,0.0223583,0.0223024,0.0904469,0.0786334,-4.03581,-4.05623,5.14134,5.07422,0.970078,0.965826,0.0389454,0.0386351,0.0620715,0.0928745,3.02529,3.16593,3.18331,3.24695,3.3307,3.34121,3.36967,3.11228,3.18001,3.22667,3.27065,3.32637,3.33082,3.37428,0.998944,0.995022,0.987214,0.977427,0.97218,0.964863,0.969161,0.866939,0.987388,0.984257,0.939562,0.969123,0.97143,0.966356,-4.16677,-4.07941,-4.07,-4.03908,-3.99089,-3.98274,-3.94702,-4.24919,-4.16223,-4.09537,-4.05774,-4.01308,-3.99332,-3.96843,0.934102,0.9555,0.957748,0.970357,0.97737,0.981333,0.987313,0.877004,0.94243,0.953082,0.959455,0.974494,0.977276,0.982269,1336.57,1382.53,1340.12,6.17096,1282.69,1301.8,1325.74,1336.57,1366.77,1380.66,1390.6,1336.75,1336.52,1331.43,8.88511,1223.09,1294.58,1305.63,1336.48,1367.64,1382.48,1395.72,1714.85,1751.39,1719.9,4.88696,1662.93,1685.61,1701.99,1718.4,1742.15,1750.83,1760.75,1718.34,1714.93,1709.25,7.38027,1612.77,1673.74,1695.37,1715.07,1738.79,1749.9,1759.09,1188.71,1138.83,1166.06,9.26278,1087.9,1103.25,1122.62,1151.22,1188.71,1215.47,1273.71,1218.19,1161.34,1138.32,6.72601,1072.89,1091.16,1101.2,1135.98,1173.95,1183.32,1195.74,1628.64,1584.65,1623.91,7.65003,1559.76,1572.18,1592.89,1621.77,1645.34,1657.83,1734.8,1552.35,1621.44,1600.81,6.43354,1530.61,1559.92,1571.46,1600.82,1634.09,1643.84,1650.44,-9999,-9999
2017,14.717,1.0,12.995,2.668,1.0,16.173,3.237,1.0,14.229,12.39,2.095,15.905,1.968,14.717,1.0,12.995,2.668,1.0,16.173,3.237,1.0,177.063,0.999886,56.597,177.032,0.999886,336.805,0.999886,328.582,336.799,0.999886,352.582,0.999886,344.63,352.573,0.999886,6.796,1.0,6.658,6.796,1.0,98.563,98.548,1.0,595.882,909.8,0.999486,2.181,2.722,0.994635,0.39414154979969873,0.9943493150684931,102.7430136455756,0.9990867579908677,330.9877825571666,0.999771689497717,16.780309732029547,0.999771689497717,21.38071066029317,0.999771689497717,388.481173159147,0.999771689497717,409.868,0.998402,13.913,0.999943,31.415,1.0,-0.208815,1.0,44.8742,0.998858,61.556,0.194705,30.4158,0.999543,41.7227,0.217589,0.997603,1,22.9288,25.0548,-426.741,-435.464,0.972317,0.969178,8.15827,8.15343,15.5865,16.6257,-434.495,-433.38,0.977055,0.969463,8.18369,8.19496,15.5998,16.6461,-435.586,-440.083,0.973923,0.966905,2.19266,2.73372,-468.769,-448.742,-440.611,-434.029,-427.031,-422.18,-418.762,-479.442,-455.395,-448.45,-435.603,-430.615,-426.417,-421.885,0.938699,0.998916,0.979909,0.967523,0.987386,0.993265,0.985502,0.926084,0.951142,0.953767,0.97871,0.982021,0.971689,0.990982,3.13321,3.10749,1.0636,1.04262,0.97515,0.970705,0.0187433,0.0189055,0.0451004,0.0377185,-4.17449,-4.19218,4.82165,4.79273,0.96987,0.967583,0.0375113,0.0374178,0.0682061,0.0600328,3.08423,3.10588,1.10014,1.0378,0.981953,0.97161,0.0192934,0.0189943,0.0453318,0.0377631,-4.17521,-4.1833,4.81689,4.80233,0.973004,0.967495,0.0374225,0.0376133,0.0681573,0.0601548,2.93767,3.03209,3.04746,3.08935,3.10879,3.11414,3.1276,2.95917,3.05034,3.06873,3.09463,3.10749,3.11561,3.12789,0.915864,0.99452,0.942769,0.984622,0.968366,0.964196,0.988209,0.918663,0.98452,0.983498,0.961852,0.970705,0.964196,0.988209,-4.27088,-4.24299,-4.20114,-4.17348,-4.1375,-4.12906,-4.06574,-4.29495,-4.25177,-4.24327,-4.18331,-4.17175,-4.15788,-4.12819,0.945105,0.95915,0.965178,0.975049,0.984728,0.985446,0.990157,0.929973,0.95014,0.961479,0.9674,0.976505,0.978903,0.985436,1286.26,1276.92,1270.69,3.7726,1219.08,1242.85,1253.95,1275.0,1289.81,1291.81,1295.09,1294.54,1293.49,1256.76,6.845,1178.85,1221.06,1242.14,1262.82,1286.76,1290.77,1294.54,1712.68,1710.3,1710.78,4.57623,1648.93,1680.31,1693.32,1716.57,1728.25,1735.53,1742.78,1701.9,1727.98,1692.34,7.21976,1596.74,1649.62,1668.04,1701.9,1723.98,1727.53,1739.62,1079.83,1020.26,1049.96,7.74087,971.863,998.593,1007.52,1050.13,1079.83,1088.57,1117.59,1049.96,1016.53,1022.01,7.81983,916.335,973.717,986.841,1020.79,1049.96,1065.49,1100.19,1588.41,1589.66,1606.18,6.93377,1530.48,1557.91,1569.63,1598.71,1637.25,1640.85,1671.96,1579.66,1574.57,1580.88,7.42645,1492.82,1531.88,1557.88,1576.79,1609.06,1632.46,1646.74,-9999,-9999
2018,13.571,1.0,12.33,2.541,1.0,14.614,3.032,1.0,14.063,12.367,1.902,15.619,1.878,13.571,1.0,12.33,2.541,1.0,14.614,3.032,1.0,168.145,1.0,54.523,168.145,1.0,337.102,1.0,331.785,337.102,1.0,347.638,1.0,349.511,347.638,1.0,6.77,1.0,6.593,6.77,1.0,98.549,98.662,1.0,1186.207,763.421,0.993379,2.144,2.69,0.986358,0.3925842624066314,0.9818493150684932,99.29876147467374,0.9995433789954338,312.9003413109018,1.0,16.71628862111872,1.0,20.294231542294522,1.0,384.6471495000571,1.0,414.206,0.998059,13.122,1.0,31.569,1.0,-0.227525,1.0,33.9289,0.997374,47.8654,0.17944,36.5812,0.997717,51.6072,0.232791,0.994692,1,22.926,25.0411,-317.976,-312.529,0.982249,0.980365,7.18816,7.18321,11.0413,14.1772,-318.869,-311.188,0.984132,0.98105,7.22339,7.16493,11.0643,14.1679,-319.413,-322.458,0.981855,0.976635,2.64164,2.76313,-357.964,-326.301,-319.113,-316.601,-311.775,-309.539,-306.807,-374.009,-336.031,-322.544,-317.175,-312.529,-311.585,-307.831,0.952397,0.997945,0.982934,0.983048,0.988242,0.988413,0.992979,0.911929,0.966781,0.985046,0.979909,0.980365,0.987386,0.991438,2.59103,2.62139,0.930559,0.914828,0.982762,0.981433,0.0174418,0.0171827,0.0507205,0.0398061,-3.28533,-3.27988,4.13777,4.13795,0.980131,0.977815,0.0326561,0.0327432,0.0511292,0.0444187,2.57454,2.62351,0.94926,0.919164,0.985025,0.982083,0.0175525,0.0170581,0.0507587,0.0397524,-3.27907,-3.27509,4.15902,4.13856,0.981766,0.978544,0.0328061,0.0326954,0.0512251,0.0443835,2.29684,2.5121,2.55892,2.58031,2.59468,2.60736,2.62177,2.39271,2.53769,2.56347,2.58306,2.60633,2.6095,2.6218,0.930185,0.998295,0.997991,0.984016,0.978975,0.989269,0.982083,0.941884,0.96539,0.994219,0.982762,0.981433,0.975678,0.982083,-3.37635,-3.29875,-3.28641,-3.27788,-3.26058,-3.22007,-3.17894,-3.38692,-3.32723,-3.29566,-3.28353,-3.27483,-3.2672,-3.23413,0.949787,0.967289,0.982515,0.972933,0.987213,0.990028,0.993476,0.949474,0.963651,0.968416,0.98214,0.970621,0.980239,0.989369,1057.56,1066.38,1056.24,2.67701,1024.67,1031.51,1043.46,1058.69,1067.75,1070.91,1075.47,1050.53,1045.94,1048.42,5.76659,969.815,1028.32,1036.78,1058.7,1067.41,1069.78,1076.79,1376.47,1377.56,1378.69,1.95405,1360.69,1366.16,1369.19,1378.33,1384.03,1391.1,1397.92,1386.35,1364.81,1367.84,5.69201,1280.8,1353.75,1367.0,1376.4,1382.84,1386.28,1398.23,937.105,944.767,930.725,4.81976,880.278,899.879,904.972,926.606,944.366,961.114,977.862,936.863,916.542,917.691,5.42746,864.476,888.102,892.458,919.219,936.863,942.73,972.444,1271.53,1275.9,1269.48,2.82275,1241.1,1247.42,1251.09,1271.95,1280.58,1287.55,1297.67,1257.09,1274.81,1261.24,4.33507,1207.94,1236.75,1245.62,1265.06,1279.66,1285.02,1296.5,-9999,-9999
2019,13.201,0.999429,12.058,2.433,1.0,14.17,2.881,0.99863,13.841,12.153,2.009,15.391,2.0,13.203,0.999429,12.058,2.433,1.0,14.174,2.886,0.99863,167.472,0.998973,56.692,167.435,0.998973,335.742,0.998744,327.9,335.698,0.998744,345.743,0.998801,343.591,345.741,0.998801,5.716,0.999429,6.602,5.72,0.999429,98.554,98.583,0.999886,1152.07,852.185,0.91758,2.27,2.588,0.887785,0.37913814902901083,0.8818493150684932,100.93261624480554,0.9930365296803654,311.00956885533,0.9937214611872147,16.951763147791162,0.9960045662100455,19.83431703972677,0.9937214611872147,381.88230236701503,0.9937214611872147,415.921,0.998002,12.905,1.0,37.211,1.0,0.0465044,0.999258,47.269,0.926427,65.4504,0.204343,25.1138,0.927854,34.7735,0.204414,0.912329,1,22.1753,24.2986,-417.943,-418.005,0.907363,0.899372,7.6972,7.65052,21.1883,19.707,-411.564,-418.052,0.909018,0.905194,7.65592,7.67457,21.1733,19.7164,-416.258,-422.202,0.904161,0.899953,3.53915,3.1126,-471.653,-437.942,-429.866,-410.002,-400.111,-398.461,-391.666,-462.163,-438.216,-436.065,-420.145,-406.309,-401.893,-400.512,0.872089,0.891381,0.89492,0.908733,0.914669,0.917979,0.920091,0.876313,0.8871,0.891895,0.907078,0.910331,0.917865,0.914612,2.78273,2.80691,0.972867,0.970889,0.918679,0.907304,0.0185541,0.018472,0.028833,0.0260958,-3.88185,-3.89679,4.70258,4.68197,0.896448,0.892127,0.0349483,0.0347216,0.103568,0.0926587,2.79568,2.80113,0.995134,0.97856,0.920344,0.915566,0.0186006,0.018508,0.028863,0.0261213,-3.85807,-3.89428,4.72169,4.68537,0.898262,0.894775,0.0347327,0.0348404,0.103495,0.0927033,2.72691,2.76755,2.77508,2.79637,2.80892,2.81169,2.81815,2.76778,2.77557,2.77876,2.80287,2.81006,2.81244,2.81556,0.928503,0.897051,0.927069,0.922845,0.920732,0.921164,0.921164,0.918698,0.922845,0.887236,0.920625,0.891766,0.920786,0.891312,-4.09627,-3.97345,-3.93687,-3.86074,-3.81105,-3.77847,-3.70988,-4.08152,-3.99111,-3.95561,-3.89586,-3.83982,-3.8193,-3.798,0.866548,0.882219,0.887721,0.897747,0.904862,0.908677,0.914896,0.869084,0.881469,0.885071,0.89545,0.899781,0.902452,0.907816,1153.89,1184.5,1174.93,2.46135,1142.19,1155.55,1162.99,1179.24,1185.32,1189.03,1192.85,1166.01,1161.43,1164.82,4.84643,1103.98,1141.59,1153.85,1174.7,1182.01,1183.88,1192.59,1571.58,1602.55,1597.13,5.10073,1544.08,1567.8,1571.85,1588.81,1617.72,1625.88,1645.6,1580.91,1573.0,1581.08,7.40919,1493.9,1536.37,1559.11,1576.94,1610.7,1620.17,1644.19,1206.64,1239.27,1170.99,6.74681,1105.02,1125.09,1141.35,1166.12,1193.82,1206.64,1227.62,1187.87,1122.09,1125.1,8.37193,1053.81,1088.78,1101.88,1117.01,1145.79,1155.81,1192.26,1532.67,1557.07,1546.4,4.90107,1515.57,1523.12,1530.48,1538.71,1552.75,1558.75,1618.66,1495.13,1477.52,1489.79,6.40764,1417.74,1472.07,1474.95,1483.2,1497.37,1522.3,1535.83,-9999,-9999
2020,13.598,1.0,12.396,2.41,1.0,14.62,2.89,1.0,14.217,12.49,2.008,15.811,2.025,13.598,1.0,12.396,2.41,1.0,14.62,2.89,1.0,171.459,0.934312,57.768,164.284,0.934312,334.893,0.9338,332.44,335.12,0.9338,345.351,0.934312,350.51,346.879,0.934312,5.778,1.0,6.719,5.778,1.0,98.56,98.619,1.0,735.887,807.295,0.904429,2.142,2.651,0.980248,0.3766902012551026,0.9787682149362478,102.83179073124114,0.9275387067395263,317.513229638444,0.9280510018214935,16.626322085133236,0.9280510018214935,20.108723911548047,0.9280510018214935,383.3681767993778,0.9280510018214935,421.161,0.993454,13.18,1.0,37.067,1.0,-0.0531876,1.0,45.9105,0.976605,65.402,0.19459,26.5639,0.981671,37.8417,0.201193,0.925376,1,22.9126,25.0301,-347.932,-345.355,0.945071,0.94564,7.12252,7.13659,14.3613,14.816,-335.954,-344.223,0.948827,0.947063,7.11972,7.12727,14.36,14.8115,-347.929,-347.22,0.944151,0.942976,1.83813,1.64413,-365.122,-362.741,-360.1,-344.216,-340.231,-337.8,-333.38,-364.694,-362.388,-356.204,-345.355,-339.563,-336.42,-333.698,0.933686,0.939037,0.923953,0.952812,0.950877,0.956796,0.957707,0.937842,0.932491,0.917805,0.94564,0.951161,0.948827,0.961236,2.87214,2.87482,1.13061,1.13814,0.947759,0.948683,0.0183959,0.0184459,0.0410894,0.0395375,-3.59187,-3.58396,4.62925,4.63283,0.943761,0.943963,0.031726,0.0317834,0.0659658,0.050161,2.8954,2.87612,1.17005,1.15758,0.949469,0.949277,0.0183497,0.0184877,0.0410688,0.039557,-3.55813,-3.58083,4.64989,4.6371,0.949243,0.946117,0.031734,0.0317073,0.0659697,0.0501128,2.71317,2.81346,2.82714,2.86477,2.87665,2.88694,2.89246,2.81322,2.82133,2.84092,2.86809,2.88442,2.89127,2.89431,0.971796,0.942981,0.942881,0.950237,0.949396,0.912598,0.949645,0.94236,0.942881,0.955499,0.952507,0.924576,0.950237,0.949469,-3.64612,-3.6248,-3.62017,-3.56379,-3.54618,-3.50913,-3.48315,-3.63988,-3.62441,-3.61944,-3.58176,-3.55194,-3.5468,-3.52645,0.923518,0.91241,0.930101,0.94848,0.952788,0.958619,0.963535,0.922174,0.935443,0.932697,0.945601,0.950757,0.954689,0.955936,1184.6,1172.69,1169.72,3.26656,1138.6,1143.89,1153.88,1172.24,1180.88,1184.32,1198.34,1178.35,1185.3,1158.39,7.03258,1082.39,1128.47,1140.28,1168.41,1178.7,1183.49,1214.31,1521.02,1516.92,1516.94,4.2679,1474.05,1485.88,1495.1,1518.97,1528.81,1545.66,1550.86,1499.42,1521.26,1506.32,7.81533,1423.39,1460.77,1482.07,1515.57,1530.75,1543.37,1568.52,1118.08,1048.95,1117.1,6.16935,1055.36,1078.32,1088.26,1112.68,1145.89,1150.39,1180.37,1152.77,1086.78,1112.2,9.53695,973.543,1065.55,1092.76,1114.46,1147.89,1153.46,1174.35,1415.72,1404.53,1443.82,3.9676,1409.97,1415.72,1422.61,1442.06,1456.05,1463.54,1479.83,1434.05,1414.84,1439.92,6.13166,1342.39,1412.51,1422.75,1442.99,1462.7,1463.31,1474.92,-9999,-9999
2021,15.043,0.89903,13.724,2.075,0.90204,16.195,2.877,0.895948,13.687,12.072,1.866,15.135,1.87,15.426,0.89903,14.037,2.272,0.90204,16.67,2.932,0.895948,172.265,0.998687,54.156,171.711,0.998687,336.369,0.999087,333.708,336.307,0.999087,354.397,0.897831,352.442,356.901,0.897831,6.518,0.89903,6.52,6.869,0.89903,98.557,98.603,1.0,1366.405,1116.274,0.704623,2.289,2.688,0.973402,0.38598419323328287,0.9695205479452055,101.36031225909386,0.997488584474886,317.5789640544455,0.9980593607305935,17.059061287267237,0.9980593607305935,20.390598332480806,0.9980593607305935,386.0816508161325,0.9980593607305935,423.888,0.997432,13.51,1.0,35.785,1.0,0.272306,0.999372,45.5901,0.996918,63.987,0.188549,26.5486,0.997774,37.2617,0.228925,0.988584,1,21.3397,23.7534,-324.088,-327.421,0.977397,0.976313,7.86664,7.83423,19.1643,17.9099,-323.737,-324.748,0.980651,0.976769,7.67614,7.8645,19.0869,17.9231,-329.714,-329.719,0.975535,0.972506,2.71824,2.42699,-368.276,-350.132,-336.802,-324.554,-318.28,-315.181,-312.68,-363.16,-348.43,-340.261,-325.347,-317.956,-316.219,-314.399,0.951027,0.955765,0.9629,0.976884,0.986301,0.985674,0.988242,0.9371,0.955936,0.962329,0.980365,0.990354,0.984874,0.982991,3.08852,3.09271,0.847724,0.841201,0.984101,0.983332,0.0213884,0.0218053,0.0697417,0.0336365,-3.67419,-3.69082,4.65817,4.65689,0.971745,0.970577,0.0344255,0.0340381,0.094247,0.0666972,3.0995,3.08645,0.87145,0.846663,0.987966,0.98353,0.0195733,0.021415,0.0692066,0.0333848,-3.67937,-3.67516,4.67038,4.65652,0.97454,0.971129,0.0342189,0.0343999,0.0941717,0.0668826,2.78138,2.98048,3.0413,3.08828,3.10699,3.11324,3.1263,3.0389,3.06681,3.07417,3.09463,3.11323,3.11803,3.12102,0.998706,0.996774,0.99586,0.956039,0.967239,0.96513,0.991018,0.951909,0.961357,0.928032,0.984101,0.967048,0.98972,0.991018,-3.83432,-3.76095,-3.71735,-3.67312,-3.63378,-3.58548,-3.53814,-3.83309,-3.76667,-3.74424,-3.6797,-3.66098,-3.65196,-3.61657,0.948253,0.957535,0.964787,0.975326,0.97992,0.985174,0.989003,0.948458,0.954742,0.960777,0.97421,0.976191,0.976863,0.98102,1239.61,1249.85,1246.71,3.41783,1207.45,1217.57,1227.99,1248.52,1262.79,1272.69,1277.41,1253.74,1263.56,1233.18,6.9906,1148.94,1206.07,1217.21,1243.06,1257.35,1267.65,1277.58,1564.95,1574.6,1576.42,2.11301,1553.02,1564.95,1568.13,1574.43,1588.24,1591.81,1594.65,1594.62,1587.29,1562.89,6.00836,1483.79,1531.84,1558.28,1571.76,1584.76,1592.01,1595.74,1205.4,1152.33,1215.36,6.88109,1140.45,1151.93,1185.51,1216.44,1246.02,1252.95,1267.22,1263.98,1233.67,1224.31,10.7826,1064.51,1158.69,1181.02,1228.39,1267.05,1292.91,1312.31,1557.75,1514.93,1555.6,4.36863,1511.26,1530.2,1538.79,1553.14,1564.08,1575.7,1599.9,1554.82,1552.8,1544.82,7.72701,1427.17,1507.95,1516.52,1547.54,1570.45,1577.0,1592.2,-9999,-9999
