TIMESTAMP,TA_F_MDS,TA_F_MDS_QC,TA_F_MDS_NIGHT,TA_F_MDS_NIGHT_SD,TA_F_MDS_NIGHT_QC,TA_F_MDS_DAY,TA_F_MDS_DAY_SD,TA_F_MDS_DAY_QC,TA_ERA,TA_ERA_NIGHT,TA_ERA_NIGHT_SD,TA_ERA_DAY,TA_ERA_DAY_SD,TA_F,TA_F_QC,TA_F_NIGHT,TA_F_NIGHT_SD,TA_F_NIGHT_QC,TA_F_DAY,TA_F_DAY_SD,TA_F_DAY_QC,SW_IN_F_MDS,SW_IN_F_MDS_QC,SW_IN_ERA,SW_IN_F,SW_IN_F_QC,LW_IN_F_MDS,LW_IN_F_MDS_QC,LW_IN_ERA,LW_IN_F,LW_IN_F_QC,LW_IN_JSB,LW_IN_JSB_QC,LW_IN_JSB_ERA,LW_IN_JSB_F,LW_IN_JSB_F_QC,VPD_F_MDS,VPD_F_MDS_QC,VPD_ERA,VPD_F,VPD_F_QC,PA_ERA,PA_F,PA_F_QC,P_ERA,P_F,P_F_QC,WS_ERA,WS_F,WS_F_QC,USTAR,USTAR_QC,NETRAD,NETRAD_QC,PPFD_IN,PPFD_IN_QC,PPFD_DIF,PPFD_DIF_QC,PPFD_OUT,PPFD_OUT_QC,SW_OUT,SW_OUT_QC,LW_OUT,LW_OUT_QC,CO2_F_MDS,CO2_F_MDS_QC,TS_F_MDS_1,TS_F_MDS_2,TS_F_MDS_3,TS_F_MDS_4,TS_F_MDS_5,TS_F_MDS_1_QC,TS_F_MDS_2_QC,TS_F_MDS_3_QC,TS_F_MDS_4_QC,TS_F_MDS_5_QC,SWC_F_MDS_1,SWC_F_MDS_2,SWC_F_MDS_3,SWC_F_MDS_1_QC,SWC_F_MDS_2_QC,SWC_F_MDS_3_QC,G_F_MDS,G_F_MDS_QC,LE_F_MDS,LE_F_MDS_QC,LE_CORR,LE_RANDUNC,H_F_MDS,H_F_MDS_QC,H_CORR,H_RANDUNC,EBC_CF_N,EBC_CF_METHOD,NIGHT_RANDUNC_N,DAY_RANDUNC_N,NEE_CUT_REF,NEE_VUT_REF,NEE_CUT_REF_QC,NEE_VUT_REF_QC,NEE_CUT_REF_RANDUNC,NEE_VUT_REF_RANDUNC,NEE_CUT_REF_JOINTUNC,NEE_VUT_REF_JOINTUNC,NEE_CUT_USTAR50,NEE_VUT_USTAR50,NEE_CUT_USTAR50_QC,NEE_VUT_USTAR50_QC,NEE_CUT_USTAR50_RANDUNC,NEE_VUT_USTAR50_RANDUNC,NEE_CUT_USTAR50_JOINTUNC,NEE_VUT_USTAR50_JOINTUNC,NEE_CUT_MEAN,NEE_VUT_MEAN,NEE_CUT_MEAN_QC,NEE_VUT_MEAN_QC,NEE_CUT_SE,NEE_VUT_SE,NEE_CUT_05,NEE_CUT_16,NEE_CUT_25,NEE_CUT_50,NEE_CUT_75,NEE_CUT_84,NEE_CUT_95,NEE_VUT_05,NEE_VUT_16,NEE_VUT_25,NEE_VUT_50,NEE_VUT_75,NEE_VUT_84,NEE_VUT_95,NEE_CUT_05_QC,NEE_CUT_16_QC,NEE_CUT_25_QC,NEE_CUT_50_QC,NEE_CUT_75_QC,NEE_CUT_84_QC,NEE_CUT_95_QC,NEE_VUT_05_QC,NEE_VUT_16_QC,NEE_VUT_25_QC,NEE_VUT_50_QC,NEE_VUT_75_QC,NEE_VUT_84_QC,NEE_VUT_95_QC,NEE_CUT_REF_NIGHT,NEE_VUT_REF_NIGHT,NEE_CUT_REF_NIGHT_SD,NEE_VUT_REF_NIGHT_SD,NEE_CUT_REF_NIGHT_QC,NEE_VUT_REF_NIGHT_QC,NEE_CUT_REF_NIGHT_RANDUNC,NEE_VUT_REF_NIGHT_RANDUNC,NEE_CUT_REF_NIGHT_JOINTUNC,NEE_VUT_REF_NIGHT_JOINTUNC,NEE_CUT_REF_DAY,NEE_VUT_REF_DAY,NEE_CUT_REF_DAY_SD,NEE_VUT_REF_DAY_SD,NEE_CUT_REF_DAY_QC,NEE_VUT_REF_DAY_QC,NEE_CUT_REF_DAY_RANDUNC,NEE_VUT_REF_DAY_RANDUNC,NEE_CUT_REF_DAY_JOINTUNC,NEE_VUT_REF_DAY_JOINTUNC,NEE_CUT_USTAR50_NIGHT,NEE_VUT_USTAR50_NIGHT,NEE_CUT_USTAR50_NIGHT_SD,NEE_VUT_USTAR50_NIGHT_SD,NEE_CUT_USTAR50_NIGHT_QC,NEE_VUT_USTAR50_NIGHT_QC,NEE_CUT_USTAR50_NIGHT_RANDUNC,NEE_VUT_USTAR50_NIGHT_RANDUNC,NEE_CUT_USTAR50_NIGHT_JOINTUNC,NEE_VUT_USTAR50_NIGHT_JOINTUNC,NEE_CUT_USTAR50_DAY,NEE_VUT_USTAR50_DAY,NEE_CUT_USTAR50_DAY_SD,NEE_VUT_USTAR50_DAY_SD,NEE_CUT_USTAR50_DAY_QC,NEE_VUT_USTAR50_DAY_QC,NEE_CUT_USTAR50_DAY_RANDUNC,NEE_VUT_USTAR50_DAY_RANDUNC,NEE_CUT_USTAR50_DAY_JOINTUNC,NEE_VUT_USTAR50_DAY_JOINTUNC,NEE_CUT_05_NIGHT,NEE_CUT_16_NIGHT,NEE_CUT_25_NIGHT,NEE_CUT_50_NIGHT,NEE_CUT_75_NIGHT,NEE_CUT_84_NIGHT,NEE_CUT_95_NIGHT,NEE_VUT_05_NIGHT,NEE_VUT_16_NIGHT,NEE_VUT_25_NIGHT,NEE_VUT_50_NIGHT,NEE_VUT_75_NIGHT,NEE_VUT_84_NIGHT,NEE_VUT_95_NIGHT,NEE_CUT_05_NIGHT_QC,NEE_CUT_16_NIGHT_QC,NEE_CUT_25_NIGHT_QC,NEE_CUT_50_NIGHT_QC,NEE_CUT_75_NIGHT_QC,NEE_CUT_84_NIGHT_QC,NEE_CUT_95_NIGHT_QC,NEE_VUT_05_NIGHT_QC,NEE_VUT_16_NIGHT_QC,NEE_VUT_25_NIGHT_QC,NEE_VUT_50_NIGHT_QC,NEE_VUT_75_NIGHT_QC,NEE_VUT_84_NIGHT_QC,NEE_VUT_95_NIGHT_QC,NEE_CUT_05_DAY,NEE_CUT_16_DAY,NEE_CUT_25_DAY,NEE_CUT_50_DAY,NEE_CUT_75_DAY,NEE_CUT_84_DAY,NEE_CUT_95_DAY,NEE_VUT_05_DAY,NEE_VUT_16_DAY,NEE_VUT_25_DAY,NEE_VUT_50_DAY,NEE_VUT_75_DAY,NEE_VUT_84_DAY,NEE_VUT_95_DAY,NEE_CUT_05_DAY_QC,NEE_CUT_16_DAY_QC,NEE_CUT_25_DAY_QC,NEE_CUT_50_DAY_QC,NEE_CUT_75_DAY_QC,NEE_CUT_84_DAY_QC,NEE_CUT_95_DAY_QC,NEE_VUT_05_DAY_QC,NEE_VUT_16_DAY_QC,NEE_VUT_25_DAY_QC,NEE_VUT_50_DAY_QC,NEE_VUT_75_DAY_QC,NEE_VUT_84_DAY_QC,NEE_VUT_95_DAY_QC,RECO_NT_VUT_REF,RECO_NT_VUT_USTAR50,RECO_NT_VUT_MEAN,RECO_NT_VUT_SE,RECO_NT_VUT_05,RECO_NT_VUT_16,RECO_NT_VUT_25,RECO_NT_VUT_50,RECO_NT_VUT_75,RECO_NT_VUT_84,RECO_NT_VUT_95,RECO_NT_CUT_REF,RECO_NT_CUT_USTAR50,RECO_NT_CUT_MEAN,RECO_NT_CUT_SE,RECO_NT_CUT_05,RECO_NT_CUT_16,RECO_NT_CUT_25,RECO_NT_CUT_50,RECO_NT_CUT_75,RECO_NT_CUT_84,RECO_NT_CUT_95,GPP_NT_VUT_REF,GPP_NT_VUT_USTAR50,GPP_NT_VUT_MEAN,GPP_NT_VUT_SE,GPP_NT_VUT_05,GPP_NT_VUT_16,GPP_NT_VUT_25,GPP_NT_VUT_50,GPP_NT_VUT_75,GPP_NT_VUT_84,GPP_NT_VUT_95,GPP_NT_CUT_REF,GPP_NT_CUT_USTAR50,GPP_NT_CUT_MEAN,GPP_NT_CUT_SE,GPP_NT_CUT_05,GPP_NT_CUT_16,GPP_NT_CUT_25,GPP_NT_CUT_50,GPP_NT_CUT_75,GPP_NT_CUT_84,GPP_NT_CUT_95,RECO_DT_VUT_REF,RECO_DT_VUT_USTAR50,RECO_DT_VUT_MEAN,RECO_DT_VUT_SE,RECO_DT_VUT_05,RECO_DT_VUT_16,RECO_DT_VUT_25,RECO_DT_VUT_50,RECO_DT_VUT_75,RECO_DT_VUT_84,RECO_DT_VUT_95,RECO_DT_CUT_REF,RECO_DT_CUT_USTAR50,RECO_DT_CUT_MEAN,RECO_DT_CUT_SE,RECO_DT_CUT_05,RECO_DT_CUT_16,RECO_DT_CUT_25,RECO_DT_CUT_50,RECO_DT_CUT_75,RECO_DT_CUT_84,RECO_DT_CUT_95,GPP_DT_VUT_REF,GPP_DT_VUT_USTAR50,GPP_DT_VUT_MEAN,GPP_DT_VUT_SE,GPP_DT_VUT_05,GPP_DT_VUT_16,GPP_DT_VUT_25,GPP_DT_VUT_50,GPP_DT_VUT_75,GPP_DT_VUT_84,GPP_DT_VUT_95,GPP_DT_CUT_REF,GPP_DT_CUT_USTAR50,GPP_DT_CUT_MEAN,GPP_DT_CUT_SE,GPP_DT_CUT_05,GPP_DT_CUT_16,GPP_DT_CUT_25,GPP_DT_CUT_50,GPP_DT_CUT_75,GPP_DT_CUT_84,GPP_DT_CUT_95,RECO_SR,RECO_SR_N
2000,-9999,-9999,-9999,-9999,-9999,-9999,-9999,-9999,15.728,12.767,2.444,18.257,3.492,15.717,0.194729,12.696,2.29,0.19541,18.321,3.681,0.193989,-9999,-9999,213.121,210.188,0.194786,-9999,-9999,323.563,323.563,0.0,-9999,-9999,337.946,340.657,0.194729,-9999,-9999,9.407,9.323,0.194729,99.518,99.553,0.155795,673.935,134.78,1.0,1.203,1.226,0.168887,-9999,-9999,-9999,-9999,-9999,-9999,-9999,-9999,-9999,-9999,-9999,-9999,-9999,-9999,-9999,-9999,-9999,-9999,-9999,-9999,-9999,-9999,-9999,-9999,-9999,-9999,-9999,-9999,-9999,-9999,-9999,-9999,-8.22951,0.194331,23.6574,0.166097,25.5979,0.165058,16.395,0.172302,17.7398,0.247398,1.0,2,5.19672,3.9153,77.8569,34.1476,0.152892,0.154429,10.6878,10.5712,46.7322,68.2459,89.716,78.587,0.147143,0.152949,9.8213,10.5649,46.5417,68.245,55.1211,44.8043,0.14327,0.151773,8.94387,10.014,-105.729,1.17742,34.5554,69.7807,88.9318,92.1647,115.252,-91.7545,-42.6254,-21.1719,70.9369,89.4725,92.2191,115.25,0.0852687,0.161885,0.153859,0.130749,0.140084,0.14885,0.141223,0.163422,0.162853,0.162227,0.155908,0.13758,0.139344,0.141223,2.22262,2.32045,0.595237,0.442023,0.157608,0.158613,0.0300176,0.02941,0.230407,0.167109,-1.81081,-2.1067,2.52843,2.68271,0.146485,0.148775,0.0519646,0.0514511,0.297243,0.375187,2.12703,2.22494,0.506826,0.594935,0.153464,0.157608,0.02448,0.0291413,0.229751,0.167062,-1.65465,-1.80948,2.41538,2.52946,0.138422,0.146615,0.0506554,0.0518993,0.297017,0.375249,1.74685,1.87991,1.95354,2.10416,2.26015,2.3368,2.36102,1.8531,2.01043,2.08544,2.10533,2.26171,2.33944,2.39728,0.11714,0.144988,0.144891,0.146634,0.155716,0.158028,0.16696,0.168506,0.171966,0.146634,0.146634,0.155716,0.158028,0.166753,-2.35194,-2.1674,-2.01099,-1.80564,-1.60317,-1.58207,-1.4974,-2.37456,-2.33224,-2.29122,-1.86994,-1.61859,-1.58895,-1.4973,0.101209,0.0856995,0.149179,0.146882,0.127321,0.125122,0.13589,0.157757,0.156032,0.154945,0.14325,0.127706,0.126814,0.13589,1061.76,1105.2,1036.02,11.9978,953.163,970.244,977.432,1000.72,1091.77,1138.07,1167.54,1037.36,990.682,1028.93,12.8005,878.209,971.053,977.432,996.256,1108.98,1128.27,1154.3,983.981,1026.62,991.214,15.0121,866.766,882.435,907.155,983.981,1086.08,1099.66,1114.66,962.883,900.966,965.194,15.2198,854.989,873.554,884.482,922.883,1064.89,1086.24,1111.59,1637.8,1817.61,1831.04,86.0469,1223.47,1388.87,1416.31,1597.23,2362.91,2504.37,2913.81,1473.11,1484.76,1664.26,72.1683,1247.66,1367.41,1394.66,1477.0,1803.46,1873.97,2541.73,1295.25,1381.02,1430.68,52.1376,1068.58,1163.4,1177.36,1269.53,1783.71,1863.38,2051.01,1204.79,1215.23,1321.78,42.7561,1040.49,1149.6,1165.19,1211.65,1381.01,1412.48,1872.26,-9999,-9999
2001,16.433,1.0,12.848,2.561,1.0,19.403,4.537,1.0,16.508,13.447,2.506,19.085,3.663,16.433,1.0,12.848,2.561,1.0,19.403,4.537,1.0,201.297,1.0,219.707,201.297,1.0,-9999,-9999,324.278,324.278,0.0,347.446,1.0,338.746,347.446,1.0,11.136,1.0,11.281,11.136,1.0,99.446,99.618,1.0,547.729,491.644,1.0,1.284,1.375,0.807078,0.15717171546393913,0.7817351598173515,67.13775231308973,0.9797374429223745,447.32723054166667,1.0,-9999,-9999,62.84196887571004,0.9787100456621004,-9999,-9999,-9999,-9999,378.441,0.949372,19.811,19.921,20.009,19.971,19.821,0.991438,0.991438,0.991438,0.991438,0.991438,13.059,18.692,19.245,0.790354,0.926256,0.884189,1.23578,0.976427,22.787,0.94903,24.6562,0.0809378,37.9588,0.986986,41.0725,0.104942,0.861986,1,22.9014,24.8904,-70.4973,-71.7893,0.909532,0.909075,4.88272,4.88319,10.4179,14.4239,-86.3031,-70.8349,0.905765,0.907705,4.7464,4.90811,10.3547,14.4323,-85.3675,-85.8495,0.894175,0.911443,2.0263,2.17563,-107.895,-92.3169,-89.1843,-86.2875,-78.7435,-73.9114,-70.5689,-120.117,-98.9594,-89.4569,-86.1446,-76.8236,-71.8152,-70.5877,0.859589,0.901427,0.871747,0.904167,0.905651,0.914783,0.911416,0.941895,0.928082,0.906107,0.907934,0.904566,0.910616,0.907763,1.53813,1.53589,0.816672,0.81802,0.911152,0.910249,0.019034,0.0190143,0.0527327,0.0881254,-1.86483,-1.87039,2.61174,2.60798,0.904607,0.904377,0.0174932,0.0175146,0.0246409,0.0231123,1.44963,1.53885,0.763279,0.815676,0.914648,0.909131,0.0179904,0.0191715,0.0523651,0.0881594,-1.85906,-1.86885,2.65272,2.61066,0.893777,0.902445,0.0174623,0.0175487,0.0246189,0.0231382,1.32566,1.4153,1.43677,1.45362,1.5013,1.51365,1.53813,1.24583,1.36039,1.4257,1.44816,1.50758,1.53249,1.54008,0.953701,0.906871,0.901263,0.934521,0.910213,0.909516,0.911152,0.962612,0.943589,0.900319,0.913256,0.922347,0.913351,0.90903,-1.88101,-1.87168,-1.86351,-1.8527,-1.84279,-1.83697,-1.83369,-1.8784,-1.87039,-1.86636,-1.85464,-1.84378,-1.84023,-1.83522,0.901143,0.897171,0.893877,0.906833,0.887315,0.911587,0.886469,0.899233,0.904377,0.904539,0.906051,0.908505,0.910525,0.887087,632.332,632.309,608.816,6.1198,504.065,567.711,598.936,619.094,629.658,632.332,659.153,643.414,621.896,624.971,4.64266,570.939,601.062,611.871,620.963,634.065,656.526,666.42,705.716,703.143,694.665,4.44792,624.181,666.671,686.085,702.401,707.586,713.076,737.405,712.603,708.199,710.616,5.21577,665.189,685.783,686.589,707.17,715.38,738.944,773.118,604.876,583.045,593.516,4.74277,536.557,555.44,575.934,591.464,611.738,622.82,643.269,569.133,575.672,598.443,6.28652,527.954,552.561,576.389,597.919,616.874,629.732,641.534,716.245,709.104,705.026,2.19874,684.484,687.627,695.199,707.878,715.422,718.097,721.027,684.857,698.5,694.218,3.68783,649.377,671.251,679.331,692.674,707.365,713.367,726.33,-9999,-9999
2002,15.613,1.0,11.976,2.555,1.0,18.694,4.566,1.0,15.867,12.713,2.6,18.587,3.694,15.613,1.0,11.976,2.555,1.0,18.694,4.566,1.0,201.744,1.0,222.963,201.744,1.0,-9999,-9999,319.294,319.294,0.0,341.153,1.0,333.168,341.153,1.0,10.651,1.0,10.487,10.651,1.0,99.506,99.599,1.0,497.741,516.493,1.0,1.206,1.379,0.896632,0.15177204232903752,0.8783675799086756,72.63343777236075,0.9997146118721463,448.3200669069635,1.0,-9999,-9999,61.73325743347168,0.9885844748858449,-9999,-9999,-9999,-9999,383.95,0.997432,19.205,19.076,18.889,18.885,18.972,0.999772,0.999772,0.999772,0.999772,0.999772,11.995,17.312,20.941,0.999829,0.999829,0.999829,0.470731,0.999715,21.4533,0.997032,23.1529,0.0725723,45.5445,0.998973,49.1525,0.110724,0.991324,1,22.8822,24.9973,-12.4049,-12.3745,0.952226,0.949087,4.05255,4.05372,19.6401,6.73241,-6.41177,-11.7559,0.930993,0.948231,3.99416,4.0526,19.6282,6.73174,-23.4519,-11.4604,0.922917,0.944458,5.73035,1.04676,-139.043,-43.7752,-19.8679,-12.9931,-6.42818,-5.34017,-3.35555,-19.8882,-16.1399,-14.326,-12.3745,-6.44115,-5.38948,-4.45107,0.785788,0.854452,0.978139,0.944578,0.921119,0.930023,0.934018,0.981107,0.968265,0.959817,0.949087,0.897089,0.930023,0.919692,1.54698,1.54592,0.638936,0.642435,0.939841,0.935088,0.0161686,0.0161293,0.107018,0.0441632,-1.55787,-1.55588,2.40655,2.39653,0.961318,0.95939,0.0141745,0.0142206,0.0216906,0.0167753,1.59184,1.54358,0.637626,0.644849,0.905407,0.936081,0.0160676,0.0160965,0.107003,0.0441512,-1.56635,-1.54999,2.37053,2.39885,0.951169,0.957227,0.013843,0.0142432,0.0214755,0.0167944,0.912477,1.39046,1.50341,1.54278,1.59494,1.60204,1.61089,1.49836,1.51622,1.53421,1.54592,1.59093,1.59845,1.60727,0.710952,0.834739,0.970745,0.930519,0.902616,0.889158,0.862742,0.979372,0.962878,0.951134,0.935088,0.907728,0.90292,0.891669,-1.59789,-1.58145,-1.57151,-1.56317,-1.55254,-1.54862,-1.5001,-1.57838,-1.56894,-1.56562,-1.55762,-1.55307,-1.55114,-1.54862,0.919766,0.921288,0.952155,0.94134,0.956314,0.970703,0.892136,0.924825,0.946001,0.956552,0.961145,0.956314,0.95903,0.972557,627.267,631.117,644.689,3.79486,627.267,629.991,632.202,637.408,644.534,654.211,678.146,632.011,639.992,659.718,6.67423,626.718,629.735,632.042,640.648,681.491,703.872,748.671,640.575,642.873,656.149,4.01602,641.707,642.838,644.309,647.153,659.398,667.635,682.597,643.004,646.404,683.17,7.99631,641.404,644.261,645.873,656.978,712.835,754.262,775.53,497.35,509.594,544.736,5.70288,499.119,510.734,513.625,538.872,565.168,571.837,587.824,561.943,587.981,550.309,7.34991,469.278,509.902,521.673,550.664,566.062,573.611,640.5,560.088,561.387,575.428,2.41982,557.939,561.028,561.887,571.012,585.683,590.255,596.152,561.911,580.271,591.683,10.9302,550.259,561.911,564.042,576.343,591.24,601.281,640.024,-9999,-9999
2003,15.884,1.0,12.381,2.467,1.0,18.845,4.365,1.0,16.115,13.211,2.407,18.617,3.372,15.884,1.0,12.381,2.467,1.0,18.845,4.365,1.0,207.305,0.992751,214.296,207.259,0.992751,-9999,-9999,325.586,325.791,0.0156963,342.041,0.992751,340.21,341.98,0.992751,10.26,1.0,9.672,10.26,1.0,99.472,99.603,1.0,498.385,502.466,1.0,1.173,1.301,0.889726,0.14641718141268215,0.8667808219178083,78.10795412001602,0.9999429223744293,439.8444568183219,1.0,-9999,-9999,54.01118421322005,0.9884132420091325,48.95075028439526,0.8962328767123288,-9999,-9999,387.892,0.986416,17.599,17.48,17.345,17.368,17.46,0.999829,0.999829,0.999829,0.999829,0.999829,14.005,18.965,22.706,1.0,1.0,1.0,1.05039,1.0,25.7785,0.986073,27.6479,0.0806592,45.3982,0.996918,48.6903,0.112741,0.984018,1,22.7425,24.9452,29.0486,26.2623,0.954224,0.955365,3.4704,3.47516,17.468,10.1963,47.3688,29.6529,0.929623,0.95411,3.91227,3.48278,17.5612,10.1989,39.2442,30.0778,0.916364,0.951437,3.66522,1.77433,8.90797,20.0996,24.907,33.4245,50.4335,54.3393,58.7404,10.958,19.5121,24.0985,28.219,33.8506,38.6838,53.3832,0.973174,0.856564,0.859247,0.946747,0.928139,0.901598,0.913299,0.970034,0.963699,0.961872,0.954909,0.94161,0.935445,0.905993,2.13387,2.1222,0.552018,0.566338,0.962143,0.963375,0.0118371,0.0117749,0.0937584,0.059375,-1.7929,-1.79735,2.6443,2.63793,0.946673,0.948,0.0137981,0.0138727,0.019886,0.0165578,2.22571,2.13566,0.584916,0.568598,0.921111,0.961258,0.0151095,0.011843,0.0942275,0.0593885,-1.77875,-1.79057,2.6615,2.64281,0.936253,0.947168,0.0141469,0.0138732,0.0201295,0.0165582,2.00404,2.07305,2.10821,2.1676,2.25098,2.25907,2.27524,2.01984,2.07621,2.09806,2.13197,2.16619,2.1926,2.25862,0.983097,0.972648,0.96867,0.953328,0.918836,0.856401,0.918379,0.980691,0.972648,0.971123,0.961849,0.953328,0.933441,0.917896,-1.80131,-1.79612,-1.7929,-1.78286,-1.77098,-1.76748,-1.7515,-1.80066,-1.79744,-1.79594,-1.79199,-1.78348,-1.77936,-1.77717,0.945038,0.937423,0.946673,0.960187,0.902271,0.92902,0.922676,0.94513,0.941264,0.937697,0.947074,0.952063,0.960805,0.935167,952.383,939.264,942.954,3.86305,896.839,923.103,926.533,941.597,952.383,954.232,989.652,942.532,987.181,973.766,26.0297,889.956,916.761,926.121,950.283,974.677,983.305,1000.53,923.19,909.611,912.876,2.18384,886.355,898.808,903.37,913.165,919.411,923.19,939.633,913.219,939.812,934.521,23.2851,881.048,887.865,896.481,913.049,924.91,936.162,943.488,818.38,814.573,818.269,4.82926,748.107,786.516,804.746,824.78,835.59,843.564,854.635,750.587,746.426,810.1,12.6585,721.019,750.587,789.945,807.518,827.403,837.966,846.757,777.403,776.464,777.791,2.42117,740.321,767.13,773.068,777.386,784.242,789.597,800.923,774.214,762.522,787.724,4.54461,726.317,756.982,774.214,783.803,807.009,821.188,829.795,-9999,-9999
2004,15.747,1.0,12.48,2.484,1.0,18.429,4.156,1.0,16.121,13.293,2.562,18.527,3.887,15.747,1.0,12.48,2.484,1.0,18.429,4.156,1.0,212.211,0.990437,221.778,213.327,0.990437,328.825,0.983208,321.007,328.83,0.983208,340.015,0.990437,335.085,339.882,0.990437,9.672,1.0,10.502,9.672,1.0,99.459,99.188,1.0,542.964,487.601,1.0,1.259,1.334,0.769638,0.16389161562147012,0.7487477231329689,73.06142922151035,0.9229280510018215,453.66556537477237,1.0,-9999,-9999,58.258472165601184,0.931181693989071,50.63371758103196,0.8988501821493625,409.6356173609433,0.9027208561020036,381.678,0.964709,18.055,19.722,19.486,19.301,19.049,0.976947,0.976947,0.976947,0.976434,0.952812,12.472,17.828,19.13,0.988217,0.964936,0.952584,2.6979,0.988217,20.8316,0.963684,19.6237,0.077092,50.0759,0.975011,47.1723,0.120039,0.896858,1,22.9153,24.8306,27.0175,28.5832,0.913194,0.916781,3.351,3.28532,14.1725,6.08403,31.5364,26.047,0.89737,0.914617,3.47479,3.29136,14.2023,6.08729,30.0313,30.8715,0.884948,0.9117,3.23042,1.15401,3.43918,12.4719,24.8477,28.5847,35.9727,40.0133,68.3555,25.0391,25.7312,26.6504,29.1423,32.9503,35.9727,39.3941,0.874317,0.879781,0.906079,0.897143,0.92492,0.93676,0.839082,0.90551,0.914504,0.912341,0.91826,0.947689,0.92492,0.938582,1.35492,1.3601,0.50773,0.497634,0.915929,0.920773,0.0130457,0.0128358,0.0562945,0.0170154,-1.28512,-1.2832,2.04156,2.04228,0.908711,0.912001,0.0119543,0.0116791,0.0265567,0.0179589,1.3871,1.35228,0.530605,0.506098,0.8925,0.916946,0.0136408,0.0128839,0.0564354,0.0170517,-1.28806,-1.28843,2.02901,2.04279,0.896515,0.910297,0.0122884,0.0116762,0.0267088,0.0179571,1.19497,1.28096,1.32894,1.36414,1.37866,1.39048,1.49726,1.34471,1.35496,1.35998,1.36533,1.37366,1.3773,1.38668,0.780824,0.840796,0.870892,0.901156,0.947241,0.953605,0.808129,0.874592,0.914603,0.903977,0.923747,0.890923,0.947241,0.95435,-1.2976,-1.29155,-1.28958,-1.27451,-1.25921,-1.24413,-1.21524,-1.29843,-1.29183,-1.28843,-1.28113,-1.27055,-1.26454,-1.2581,0.903316,0.904392,0.900185,0.912941,0.919447,0.838877,0.86454,0.903098,0.902314,0.910415,0.912197,0.91323,0.924106,0.920723,612.954,611.66,610.639,2.20449,577.939,596.825,602.534,611.363,617.257,619.587,631.981,615.753,624.254,612.138,4.43328,566.205,595.851,600.27,614.825,625.47,632.289,649.003,585.748,585.613,579.768,2.43355,541.271,556.823,571.403,585.398,589.202,593.165,597.907,590.348,592.717,582.107,3.43883,543.379,556.813,569.859,586.979,592.876,595.244,600.863,672.924,632.387,664.428,6.49579,588.352,623.949,630.864,663.432,692.385,707.767,733.623,621.337,582.745,644.304,10.7393,517.554,569.708,603.515,662.08,689.87,708.908,727.188,594.341,572.958,596.938,3.18462,559.095,575.752,582.406,593.822,608.455,620.807,627.824,603.108,559.684,608.755,4.66227,571.071,577.105,589.392,603.108,623.436,629.928,664.898,-9999,-9999
2005,16.436,0.905194,13.045,2.191,0.907559,19.207,3.981,0.902141,16.092,13.483,2.468,18.328,3.724,16.025,0.905194,12.548,2.348,0.907559,18.91,4.127,0.902141,206.78,0.999372,211.31,206.911,0.999372,339.339,0.895776,326.874,336.589,0.895776,347.382,0.902454,341.651,344.505,0.902454,9.577,0.903082,9.706,9.461,0.903082,99.422,99.102,1.0,749.394,794.668,1.0,1.216,1.294,0.895491,0.16998697546944982,0.8820776255707764,79.06269304367956,0.8697488584474887,432.83440930079905,1.0,-9999,-9999,50.860683026481325,0.8598744292237442,47.237821848108645,0.8978881278538813,416.88451377955704,0.8651255707762558,394.521,0.898174,18.277,17.708,17.724,17.448,17.529,0.960103,0.960103,0.960103,0.960103,0.960103,11.447,16.051,17.851,0.98008,0.98008,0.98008,2.87911,0.98008,30.1361,0.898116,28.7749,0.106948,44.8426,0.899886,42.8171,0.134799,0.857705,1,20.9205,23.4137,-101.725,-101.48,0.877283,0.879509,6.84602,6.88586,15.2078,16.2019,-89.5756,-101.945,0.861587,0.877283,6.89859,6.8698,15.2315,16.1951,-103.301,-94.2858,0.854578,0.870571,5.78619,1.96005,-233.973,-109.298,-103.88,-101.074,-86.4237,-82.1384,-72.4962,-110.198,-107.012,-102.983,-100.564,-88.1901,-77.6801,-72.6838,0.769121,0.884932,0.888642,0.83105,0.852911,0.875228,0.864726,0.884874,0.881564,0.887215,0.883904,0.85137,0.872146,0.867123,2.16807,2.1626,1.15155,1.16463,0.884846,0.887621,0.0297097,0.0300472,0.146742,0.126999,-2.59446,-2.58697,3.50174,3.50469,0.869857,0.871966,0.0215549,0.0214928,0.101851,0.0663575,2.3347,2.16944,1.05911,1.15141,0.864706,0.884846,0.0302553,0.0298276,0.146853,0.126948,-2.67433,-2.59674,3.40204,3.50147,0.856058,0.869864,0.0214133,0.0216126,0.101821,0.0663964,1.82636,2.10633,2.13135,2.32443,2.37361,2.39374,2.42806,2.10576,2.11488,2.13372,2.17866,2.3355,2.36167,2.39442,0.699068,0.764006,0.891242,0.871941,0.835064,0.841678,0.81852,0.893485,0.894117,0.891242,0.886756,0.85834,0.848588,0.841564,-2.86093,-2.75673,-2.73386,-2.67272,-2.57039,-2.55764,-2.53705,-2.75056,-2.68112,-2.67549,-2.57719,-2.56782,-2.55556,-2.53507,0.820209,0.84412,0.846026,0.850944,0.865117,0.876202,0.883953,0.844196,0.851602,0.856567,0.869092,0.873779,0.875194,0.881287,987.239,983.48,994.28,6.36173,938.7,954.176,967.808,986.802,1008.9,1031.15,1051.36,984.485,1009.08,1004.0,12.4904,776.382,951.202,972.874,1005.22,1050.48,1055.48,1117.74,1066.12,1085.42,1088.57,5.81581,1040.92,1062.65,1069.02,1076.86,1100.61,1119.34,1146.13,1066.62,1098.66,1040.54,51.013,-314.661,1052.83,1068.75,1089.4,1143.78,1149.56,1218.53,735.403,722.163,797.888,23.0355,626.071,689.816,707.355,732.582,858.21,931.324,1073.58,734.452,723.691,792.798,28.6976,561.026,635.444,684.308,739.982,885.395,1066.79,1115.42,758.465,755.887,857.829,20.4565,751.1,754.745,758.465,769.153,1001.21,1022.87,1045.86,766.559,762.845,838.781,19.1505,734.482,752.61,758.479,766.559,1003.05,1014.75,1036.45,-9999,-9999
2006,15.817,1.0,12.555,2.455,1.0,18.556,4.187,1.0,15.918,13.186,2.594,18.26,3.867,15.817,1.0,12.555,2.455,1.0,18.556,4.187,1.0,206.353,0.997546,212.555,206.454,0.997546,336.497,1.0,324.997,336.497,1.0,342.387,0.997546,339.55,342.349,0.997546,10.254,1.0,10.782,10.254,1.0,99.464,99.585,1.0,687.082,737.108,1.0,1.22,1.334,0.988071,0.16792076037090595,0.9861872146118722,64.07835204420932,0.9967465753424658,433.62966100119866,1.0,-9999,-9999,58.37220406887095,0.8702054794520548,52.43786724302363,0.9310502283105022,408.3369741454974,0.9976027397260274,390.838,0.996176,19.345,18.771,18.531,18.165,18.138,0.999886,0.999886,0.999829,0.999886,0.999886,13.855,20.432,17.928,1.0,1.0,1.0,2.96024,1.0,24.6577,0.995662,21.3637,0.121099,45.8242,0.999772,39.7026,0.128739,0.992979,1,22.8685,24.9726,35.8356,51.9453,0.971689,0.964498,8.14134,8.22039,36.3761,17.322,54.7865,57.6915,0.958733,0.96016,7.97204,8.28172,36.3386,17.3512,23.3754,36.274,0.950322,0.959582,5.74782,3.54779,-74.8077,-17.7169,12.5393,32.3096,44.0283,53.1897,56.3107,-9.19656,23.9892,30.2699,38.7539,52.0088,54.4835,56.3225,0.848174,0.991553,0.987842,0.934989,0.965868,0.952169,0.960788,0.990068,0.985902,0.939954,0.979167,0.952454,0.952055,0.960788,1.42121,1.49715,1.48935,1.46009,0.972519,0.961436,0.0362019,0.0368056,0.128334,0.0781542,-1.13108,-1.11875,2.59017,2.63174,0.968561,0.963442,0.0244287,0.0243458,0.0464952,0.0373903,1.49304,1.52059,1.51335,1.4726,0.951179,0.954105,0.03561,0.0371317,0.128169,0.0783082,-1.1038,-1.10988,2.64061,2.6245,0.960952,0.96093,0.023715,0.0244613,0.0461243,0.0374656,0.881745,1.21206,1.34155,1.39603,1.44684,1.45831,1.50317,1.21524,1.34814,1.3672,1.42518,1.47103,1.48603,1.49715,0.761935,0.999054,0.911269,0.988934,0.963875,0.939771,0.958649,0.883987,0.995937,0.920267,0.974978,0.940232,0.946315,0.961436,-1.19258,-1.16392,-1.14056,-1.12112,-1.09132,-1.0848,-1.08002,-1.17693,-1.13899,-1.1317,-1.11747,-1.08853,-1.08224,-1.07542,0.982986,0.935144,0.977941,0.966984,0.944645,0.951278,0.958135,0.981969,0.977729,0.972061,0.973432,0.95407,0.958364,0.955817,668.545,674.795,631.706,5.7527,561.967,582.889,602.094,639.463,659.743,668.545,675.532,662.285,672.572,619.597,6.9536,532.229,573.23,581.264,625.952,650.868,662.285,677.096,615.031,617.103,595.432,3.85477,550.361,563.387,579.521,597.936,614.54,619.21,627.906,624.371,617.786,596.221,5.20015,548.143,558.7,572.371,595.546,611.855,619.221,632.469,631.755,659.74,630.077,5.91703,555.799,594.469,602.373,625.516,658.712,672.446,688.879,655.209,611.287,625.155,7.96559,554.103,583.427,592.255,618.934,647.811,655.209,708.749,580.693,597.255,583.636,2.64087,544.446,569.283,574.287,583.419,590.813,599.148,607.536,573.846,581.041,584.377,3.22247,548.541,561.438,573.846,586.976,596.317,600.882,603.154,-9999,-9999
2007,15.372,1.0,11.683,2.669,1.0,18.533,4.586,1.0,15.678,12.757,2.79,18.185,4.221,15.372,1.0,11.683,2.669,1.0,18.533,4.586,1.0,220.388,0.998973,224.708,220.44,0.998973,326.393,1.0,318.427,326.393,1.0,332.67,0.998973,332.198,332.645,0.998973,10.242,1.0,10.902,10.242,1.0,99.517,99.538,1.0,394.852,390.398,1.0,1.177,1.316,0.998059,0.17383384331942506,0.9980593607305935,70.3268107864726,1.0,464.43095916786535,1.0,-9999,-9999,62.957320013999414,0.946917808219178,55.967145987301315,0.9601027397260274,407.05193193483626,0.9873287671232877,389.729,0.99903,19.626,19.007,18.72,18.407,18.281,1.0,1.0,1.0,1.0,1.0,10.049,17.575,14.186,1.0,1.0,1.0,1.15744,1.0,21.4044,0.997774,20.3863,0.0886013,51.2189,0.999658,48.7826,0.129429,0.997603,1,22.8247,24.9753,-116.71,-113.688,0.971975,0.955023,5.7859,5.65451,15.0822,11.1141,-108.214,-102.955,0.953082,0.954737,5.7573,6.02222,15.0713,11.3056,-113.787,-115.084,0.951103,0.954426,3.32956,1.63492,-145.896,-131.509,-121.441,-113.603,-106.235,-103.652,-97.9832,-138.586,-125.404,-120.573,-113.641,-108.247,-106.267,-102.13,0.994463,0.92032,0.932135,0.953824,0.951655,0.954623,0.951884,0.99258,0.985274,0.932306,0.977055,0.969578,0.904509,0.954509,1.07918,1.08659,1.18875,1.21929,0.968603,0.934723,0.0236883,0.0220092,0.0670315,0.0546262,-1.6034,-1.60272,2.46262,2.4732,0.972477,0.966387,0.0196442,0.0202915,0.0266159,0.0265117,1.10361,1.12146,1.2317,1.23267,0.933111,0.939775,0.0224801,0.0237578,0.0666141,0.0553539,-1.59275,-1.58246,2.48062,2.48307,0.963933,0.961999,0.0205968,0.0213219,0.0273265,0.0273084,0.940826,1.00124,1.04069,1.08958,1.11236,1.12665,1.13938,0.972149,1.0141,1.04254,1.09061,1.10708,1.11409,1.12789,0.999141,0.993357,0.988183,0.918165,0.931293,0.969812,0.924199,0.998008,0.885482,0.905108,0.977105,0.950177,0.933111,0.938343,-1.62199,-1.60804,-1.60608,-1.5907,-1.57977,-1.57212,-1.55656,-1.61221,-1.60777,-1.60295,-1.59009,-1.57816,-1.57364,-1.57011,0.990762,0.98102,0.976313,0.969411,0.971559,0.943709,0.899599,0.988079,0.981461,0.967149,0.967806,0.949183,0.943745,0.952601,551.503,563.247,537.615,5.15545,450.306,513.13,525.011,550.103,555.621,561.178,563.093,516.502,548.897,524.877,9.02633,385.928,478.25,512.439,548.381,556.023,562.13,566.166,665.936,666.201,652.699,4.16577,588.892,630.316,636.278,661.145,670.534,674.861,678.862,628.314,657.111,625.143,22.6738,549.559,608.486,628.314,656.304,667.515,672.783,687.049,459.724,455.882,499.059,4.6444,458.288,466.384,476.797,496.43,518.395,535.723,540.858,467.582,485.454,505.114,4.22815,464.135,476.036,481.693,506.454,522.351,529.76,550.403,631.017,640.707,650.516,2.56249,620.413,632.0,641.531,651.587,660.472,668.426,675.902,646.496,644.342,647.7,2.45639,617.928,625.067,638.11,649.028,657.873,662.639,669.083,-9999,-9999
2008,15.847,1.0,12.429,2.641,1.0,18.73,4.444,1.0,15.944,13.057,2.729,18.409,4.187,15.847,1.0,12.429,2.641,1.0,18.73,4.444,1.0,225.843,0.999089,225.602,225.833,0.999089,331.882,0.502277,319.097,319.999,0.502277,327.691,0.999089,332.947,327.699,0.999089,11.735,1.0,11.972,11.735,1.0,99.464,99.482,1.0,392.653,376.932,1.0,1.281,1.404,0.990437,0.1751633280809965,0.9904371584699454,82.79222047215856,0.9118852459016393,464.39341143573546,1.0,-9999,-9999,55.60415572200029,0.8282673041894354,46.132576175126324,0.9397768670309655,-9999,-9999,388.494,0.99926,20.113,19.455,19.206,18.802,18.629,1.0,1.0,1.0,1.0,1.0,10.571,17.942,14.878,1.0,1.0,1.0,1.52179,0.992259,18.3082,0.998862,18.0266,0.0833495,59.2635,0.999772,58.352,0.13587,0.920082,1,22.8497,24.8634,133.691,132.009,0.972165,0.959927,6.3733,6.49131,18.0067,17.5954,134.449,127.977,0.959358,0.954633,6.27965,6.11731,17.9738,17.4608,118.595,118.373,0.950478,0.951856,2.53942,2.39414,86.3564,103.646,108.475,120.882,129.884,137.328,139.336,91.2817,104.721,106.014,118.932,128.546,137.429,140.203,0.992543,0.828609,0.98503,0.978711,0.955772,0.960952,0.969888,0.99186,0.942851,0.948543,0.911544,0.952926,0.96135,0.964196,1.04379,1.0583,1.16481,1.14998,0.972601,0.949197,0.0282202,0.0282046,0.0724047,0.0714059,-0.357344,-0.369054,1.90963,1.87129,0.970278,0.965169,0.0190626,0.0201009,0.0292543,0.0299426,1.06009,1.05827,1.15203,1.15944,0.945686,0.936226,0.0270448,0.0274929,0.0719547,0.0711278,-0.357361,-0.387285,1.91023,1.82653,0.966484,0.965281,0.019722,0.0178246,0.0296882,0.0284645,0.83715,0.932634,0.954774,1.00137,1.05953,1.06599,1.07577,0.859289,0.934433,0.961583,1.00352,1.05581,1.06563,1.07751,0.998221,0.730979,0.915998,0.84595,0.936421,0.952293,0.955194,0.998007,0.867972,0.987194,0.878477,0.937781,0.934188,0.955886,-0.407136,-0.400491,-0.39244,-0.378417,-0.363456,-0.356109,-0.345235,-0.406178,-0.400937,-0.397292,-0.378529,-0.362214,-0.356551,-0.354789,0.956267,0.985165,0.964177,0.978112,0.944549,0.967416,0.967212,0.957102,0.985266,0.987271,0.949486,0.926798,0.940726,0.966546,458.928,449.21,446.835,4.371,382.746,413.202,434.911,448.311,459.303,466.887,474.51,449.016,465.45,445.469,5.9137,363.858,407.705,429.504,446.294,464.892,469.563,485.394,330.381,321.233,328.462,4.19635,286.893,300.451,314.62,326.845,338.299,342.318,369.635,309.68,331.001,326.875,5.1872,277.502,299.502,308.046,323.457,335.567,342.314,381.748,382.899,463.21,415.351,6.05337,352.025,367.255,383.014,411.167,442.687,454.063,476.727,452.525,398.513,432.728,4.95734,380.905,405.434,409.403,426.149,452.525,460.398,482.26,344.292,375.427,356.753,2.73224,331.692,339.97,344.292,352.835,370.399,376.249,388.095,368.143,337.474,355.09,2.18815,330.081,341.792,345.761,352.07,365.897,368.391,379.527,-9999,-9999
2009,15.698,1.0,12.212,2.536,1.0,18.638,4.346,1.0,15.704,12.935,2.737,18.084,4.086,15.698,1.0,12.212,2.536,1.0,18.638,4.346,1.0,223.397,0.99863,220.393,223.477,0.99863,321.217,1.0,321.154,321.217,1.0,332.354,0.99863,335.25,332.344,0.99863,10.749,1.0,10.792,10.749,1.0,99.44,99.518,1.0,515.027,547.116,1.0,1.24,1.334,0.999772,0.17455633874842125,0.9997716894977168,-9999,-9999,458.66905628070776,1.0,-9999,-9999,53.206782447112715,0.9880707762557078,48.77572933816988,0.9789954337899545,413.38634559686886,0.9988584474885845,394.865,0.998858,19.327,18.953,18.795,18.526,18.435,1.0,1.0,1.0,1.0,1.0,10.657,18.104,15.062,1.0,1.0,1.0,0.160936,1.0,25.2448,0.998345,32.8351,0.109874,48.6781,1.0,63.3141,0.132141,0.53653,1,22.8466,24.937,-30.0053,-20.6451,0.980537,0.968322,6.46111,6.82115,24.195,25.0966,-27.2256,-2.64776,0.969121,0.960331,6.75767,7.1209,24.2759,25.1797,-26.3957,-22.4875,0.961036,0.957663,4.31657,3.90132,-78.5422,-49.9275,-38.892,-28.498,-12.7516,-3.2949,5.8047,-69.3477,-49.7834,-37.0238,-26.5247,-5.7978,-1.47976,9.39287,0.993151,0.986244,0.98339,0.977454,0.944121,0.929509,0.9375,0.989555,0.985902,0.946975,0.971518,0.959361,0.928139,0.922089,1.48727,1.53069,1.27441,1.25971,0.984064,0.965309,0.0265609,0.0286631,0.123923,0.136145,-1.56405,-1.54763,2.82823,2.83714,0.976157,0.966542,0.0218155,0.0223865,0.0350806,0.0365844,1.49847,1.61778,1.29989,1.27287,0.9664,0.952693,0.0283424,0.0303146,0.124317,0.136502,-1.55127,-1.53049,2.83487,2.87488,0.967126,0.961356,0.0222366,0.0229411,0.0353439,0.0369264,1.23789,1.37465,1.44101,1.50557,1.59094,1.61674,1.67386,1.28101,1.37606,1.46061,1.5155,1.60518,1.64224,1.71053,0.998016,0.991026,0.987057,0.932007,0.960648,0.88281,0.916833,0.993847,0.990143,0.986529,0.934708,0.88024,0.92892,0.891842,-1.59369,-1.58832,-1.5771,-1.56405,-1.54754,-1.53337,-1.52554,-1.59338,-1.58771,-1.57696,-1.55789,-1.53757,-1.52984,-1.52049,0.988811,0.952608,0.981652,0.976157,0.96635,0.940857,0.94652,0.955059,0.952608,0.98221,0.970138,0.948274,0.9607,0.940638,650.146,673.402,656.304,9.17706,567.308,596.082,607.644,650.146,679.584,698.039,758.823,636.236,627.873,644.083,9.26352,543.766,595.253,606.619,636.762,672.462,679.28,735.675,666.881,676.049,678.791,5.80127,636.655,644.697,646.539,672.03,693.146,711.404,748.422,667.071,655.099,670.479,5.47972,622.309,642.413,645.06,664.806,689.451,702.87,727.12,619.359,623.63,567.379,6.69419,498.849,520.099,535.774,564.393,600.365,612.345,619.359,565.909,622.162,574.341,11.0389,500.145,519.777,529.042,562.626,603.088,616.761,628.817,640.491,653.909,622.545,3.29691,589.114,601.404,606.215,619.064,639.1,645.236,657.657,641.152,639.028,625.362,4.67542,594.016,599.729,606.421,621.335,638.483,641.152,647.812,-9999,-9999
2010,15.237,1.0,11.779,2.347,1.0,18.073,3.91,1.0,15.351,12.796,2.489,17.491,3.712,15.237,1.0,11.779,2.347,1.0,18.073,3.91,1.0,209.563,0.999886,209.451,209.555,0.999886,327.641,0.979852,324.966,327.795,0.979852,335.686,0.999886,339.516,335.689,0.999886,9.284,1.0,9.317,9.284,1.0,99.364,99.385,1.0,808.226,706.028,1.0,1.278,1.295,0.910445,0.1734278856167419,0.9054223744292238,-9999,-9999,433.90821231917806,1.0,-9999,-9999,52.87065556470607,0.9630707762557077,47.92689499421757,0.8940068493150685,404.96097280608274,0.9060502283105022,403.453,0.968037,17.74,17.435,17.369,17.293,17.37,0.979966,0.979966,0.979966,0.979966,0.979966,15.559,22.795,20.615,0.99766,0.99766,0.980479,0.0374612,0.979966,27.0263,0.967637,36.1129,0.104359,48.1611,0.969406,64.3533,0.132131,2.0,2,22.8849,24.8082,63.5676,78.7891,0.947089,0.93242,7.53285,7.37268,28.1616,24.9562,75.7758,83.4548,0.932705,0.9254,7.32917,7.43627,28.1078,24.9751,85.8158,90.1421,0.923893,0.920494,8.709,7.0772,29.2209,48.358,63.3916,76.3216,97.235,102.629,119.086,40.1993,59.8631,65.0864,79.7387,99.9854,107.548,159.908,0.960902,0.953596,0.942409,0.934361,0.903196,0.90839,0.880479,0.95742,0.951598,0.947089,0.932705,0.909703,0.90468,0.87734,2.00359,2.13829,1.31756,1.20305,0.951573,0.926022,0.0317299,0.0307482,0.235748,0.215483,-1.50596,-1.54464,3.2334,3.23089,0.943949,0.935759,0.0246204,0.0244308,0.0610588,0.06048,2.12005,2.17574,1.22303,1.17994,0.92501,0.912904,0.030604,0.0304758,0.235599,0.215445,-1.54233,-1.55253,3.22402,3.25281,0.936668,0.933364,0.0242242,0.0252007,0.0609001,0.060795,1.75265,1.8913,1.98413,2.12355,2.28717,2.35851,2.47244,1.83442,1.96028,2.00832,2.15119,2.29402,2.38683,2.68426,0.969219,0.960278,0.954948,0.929474,0.87424,0.871478,0.849783,0.965025,0.957667,0.94518,0.91459,0.873435,0.874023,0.846291,-1.63113,-1.60211,-1.58322,-1.54358,-1.50023,-1.49036,-1.48477,-1.62796,-1.60337,-1.58292,-1.55614,-1.50983,-1.49272,-1.48961,0.902199,0.914567,0.924536,0.936669,0.945089,0.947712,0.953677,0.918706,0.876148,0.92421,0.933791,0.941094,0.948937,0.950769,905.543,952.442,876.077,8.92025,772.613,800.285,837.842,882.38,915.639,938.851,952.9,890.597,967.365,909.937,35.0258,726.333,799.994,831.732,865.554,922.906,935.284,968.618,825.772,868.988,785.935,11.39,639.786,720.148,747.019,784.857,836.974,861.981,874.111,826.361,891.59,779.607,10.1131,660.084,714.468,746.568,773.263,836.172,855.506,868.23,571.781,607.044,581.667,10.8379,450.648,536.819,554.524,572.401,592.727,620.27,742.105,619.71,554.051,586.808,10.7667,473.629,533.705,543.883,573.555,619.825,634.431,732.499,636.058,645.9,647.003,5.29575,607.352,618.165,626.44,635.943,654.254,693.986,715.478,628.077,631.464,648.808,5.82817,608.625,617.286,625.657,635.83,657.4,678.806,725.643,-9999,-9999
2011,14.837,1.0,11.511,2.474,1.0,17.685,4.152,1.0,14.842,12.123,2.661,17.235,3.97,14.837,1.0,11.511,2.474,1.0,17.685,4.152,1.0,218.411,0.999087,214.771,218.547,0.999087,320.672,0.971747,318.817,320.466,0.971747,331.015,0.999087,332.634,331.001,0.999087,8.94,1.0,9.395,8.94,1.0,99.497,99.426,1.0,530.324,684.02,1.0,1.209,1.314,0.966781,0.16946101059791832,0.960445205479452,-9999,-9999,447.65463344737447,1.0,-9999,-9999,46.472284284152025,0.9818493150684932,42.84062026746405,0.922945205479452,407.5383984853321,0.9426940639269408,402.07,0.996975,17.427,17.315,17.226,17.182,17.234,0.998059,0.998059,0.998059,0.998059,0.998059,15.822,21.892,18.562,0.997945,0.997945,0.997945,-0.0749708,0.998059,26.147,0.996233,35.8671,0.0949216,48.1417,0.998345,66.0384,0.126903,0.571347,1,22.7781,24.9671,103.987,131.981,0.97734,0.966952,7.24108,7.34978,39.2127,31.3758,126.735,136.076,0.970263,0.963185,7.25244,6.91327,39.2148,31.2764,128.481,131.298,0.95518,0.956236,7.91563,4.58625,50.6044,83.0772,100.891,127.425,154.346,160.154,176.936,74.3317,99.2488,107.507,134.697,150.045,160.254,165.245,0.993037,0.98847,0.980936,0.97032,0.935388,0.924886,0.909075,0.989954,0.982306,0.975799,0.96387,0.952112,0.924943,0.941039,1.98628,2.14426,1.23982,1.17341,0.977998,0.9656,0.0303543,0.0304262,0.229356,0.17738,-1.31254,-1.32214,2.43486,2.4801,0.974893,0.964947,0.0238466,0.0246247,0.0310104,0.0299943,2.11752,2.16959,1.17745,1.17086,0.968954,0.960871,0.0301089,0.0292181,0.229323,0.177176,-1.32101,-1.32284,2.46674,2.49361,0.96852,0.961337,0.0242112,0.0225343,0.0312916,0.0283034,1.66671,1.85387,1.97433,2.12262,2.28637,2.30855,2.379,1.80566,1.95885,2.00667,2.15529,2.25326,2.30835,2.33827,0.998636,0.994488,0.982529,0.968087,0.917216,0.902222,0.879404,0.996646,0.983656,0.974849,0.961015,0.944977,0.929794,0.924707,-1.34845,-1.34124,-1.33427,-1.31703,-1.30433,-1.30159,-1.29134,-1.34541,-1.33863,-1.33267,-1.32431,-1.31075,-1.30438,-1.29944,0.928656,0.934131,0.95613,0.962663,0.975247,0.984218,0.985396,0.943143,0.927092,0.956452,0.958035,0.974393,0.978108,0.982923,835.744,825.873,840.325,13.1268,751.138,780.485,788.291,832.35,857.785,879.59,909.465,790.181,819.704,854.121,29.0006,691.509,772.41,782.357,819.269,864.902,884.359,934.565,695.769,689.797,709.027,10.108,672.6,676.806,685.475,695.769,712.905,718.147,736.488,682.565,692.968,725.64,22.1539,640.905,672.653,683.456,693.43,712.93,723.381,790.3,673.625,662.54,669.684,4.82356,618.975,638.576,648.297,666.888,688.005,694.117,728.322,696.813,628.949,669.848,4.62202,621.522,632.617,644.015,674.74,688.47,695.43,704.451,627.62,627.349,632.037,2.22299,608.57,618.053,623.321,629.086,641.089,644.327,654.174,631.36,612.883,631.831,2.16152,608.277,615.669,619.68,631.351,641.5,644.292,653.212,-9999,-9999
2012,16.038,0.956967,12.71,2.691,0.963895,18.903,4.504,0.947391,15.808,13.062,2.735,18.174,4.048,16.123,0.956967,12.822,2.747,0.963895,18.952,4.511,0.947391,222.033,0.998691,217.265,222.279,0.998691,323.937,0.999943,323.087,323.936,0.999943,332.364,0.94712,337.413,333.606,0.94712,11.201,0.948429,10.572,11.102,0.948429,99.466,99.436,0.997552,657.563,729.996,0.999488,1.234,1.314,0.880294,0.17016580505098322,0.8718693078324227,-9999,-9999,459.6382449050547,1.0,-9999,-9999,60.69528317653976,0.9857126593806921,51.11913966485177,0.995844717668488,414.13850079565105,0.9909494535519126,403.624,0.934882,19.416,19.408,19.334,19.13,19.03,1.0,1.0,1.0,1.0,1.0,12.833,14.665,12.821,0.50518,0.999943,0.999943,-2.56928,0.999431,22.6032,0.933459,29.7745,0.0908956,42.0149,0.937329,55.345,0.128002,2.0,2,22.1066,24.2131,81.9229,90.7572,0.910462,0.890426,8.3149,8.19689,16.7478,12.5603,85.1135,92.8245,0.894524,0.888832,8.2476,8.29447,16.7145,12.6242,75.6814,79.9447,0.886693,0.888404,2.30674,1.5463,43.7351,59.2197,70.3384,80.5996,84.9273,88.2956,91.1187,57.8144,70.7976,74.1434,81.3693,85.4863,89.8313,91.6037,0.724613,0.900102,0.869251,0.911202,0.919114,0.921733,0.890426,0.839253,0.924693,0.878928,0.923042,0.89441,0.888092,0.882514,1.62941,1.66052,1.13119,1.09719,0.919832,0.895048,0.0347726,0.0338203,0.0671247,0.0439957,-1.06563,-1.05483,2.69834,2.72686,0.900165,0.883151,0.0273034,0.027404,0.0351931,0.0341302,1.63601,1.66803,1.09717,1.11723,0.898895,0.892886,0.0342234,0.0339824,0.0668418,0.0441205,-1.0629,-1.05157,2.69962,2.73741,0.8875,0.881786,0.0273745,0.0279735,0.0352483,0.0345892,1.35278,1.54714,1.603,1.62389,1.65267,1.66197,1.67792,1.54011,1.60424,1.60952,1.63349,1.6549,1.66052,1.67752,0.73015,0.908107,0.904997,0.919606,0.891965,0.895048,0.882781,0.828435,0.875727,0.85646,0.87418,0.895048,0.895048,0.844486,-1.11076,-1.10347,-1.09171,-1.0751,-1.06156,-1.05906,-1.0514,-1.11015,-1.09988,-1.09093,-1.07486,-1.06303,-1.0592,-1.05349,0.870108,0.915175,0.873017,0.87506,0.907286,0.904265,0.880512,0.865675,0.87214,0.875666,0.87506,0.887123,0.907547,0.883358,687.261,664.379,694.406,4.11277,656.282,664.597,668.767,696.135,711.717,715.294,734.062,687.113,664.605,681.869,11.3171,643.706,662.096,665.742,693.908,711.099,714.128,735.513,590.252,571.555,614.461,4.15719,574.335,587.612,592.515,609.78,630.957,641.151,654.957,609.884,579.492,586.656,29.5692,570.83,583.749,594.254,611.893,635.968,645.225,661.24,739.214,709.13,713.47,8.87564,618.814,644.715,673.58,709.671,747.821,756.443,820.979,715.726,651.536,698.909,9.47218,551.021,644.047,676.13,700.706,726.804,741.318,775.286,677.186,658.525,655.236,4.23924,619.074,626.776,633.621,646.422,672.418,677.621,710.751,652.384,641.937,647.289,3.85332,617.366,623.085,628.892,642.503,655.955,668.1,692.513,-9999,-9999
2013,16.127,1.0,12.459,2.69,1.0,19.339,4.726,1.0,15.756,12.755,3.053,18.462,4.598,16.127,1.0,12.459,2.69,1.0,19.339,4.726,1.0,236.05,0.999658,228.467,236.074,0.999658,313.311,1.0,316.72,313.311,1.0,326.191,0.999658,330.288,326.18,0.999658,11.842,1.0,11.581,11.842,1.0,99.513,99.388,0.999486,154.06,184.658,1.0,1.123,1.322,0.997374,0.16517659915456567,0.9961187214611873,-9999,-9999,478.28738467825343,1.0,-9999,-9999,56.34576801172092,0.9896689497716895,48.467530070900125,0.9998858447488584,420.829861483702,0.9925228310502284,402.034,0.998174,19.396,19.378,19.318,19.16,19.16,1.0,1.0,1.0,1.0,1.0,8.645,16.13,16.627,1.0,1.0,1.0,2.01888,1.0,19.3633,0.998116,24.4518,0.0750787,51.9871,0.999943,65.6489,0.121169,0.528082,1,22.9151,25.0,8.97701,17.0961,0.972546,0.957648,3.20064,3.00892,26.7966,24.6152,16.7999,20.3749,0.958048,0.951084,3.01167,3.01169,26.7747,24.6156,13.4255,16.0786,0.952688,0.956764,4.16644,3.49198,-42.4002,-14.856,-3.10087,16.09,30.8162,38.3536,45.6817,-34.7935,-11.6685,3.16365,17.446,30.7813,37.1928,40.1242,0.992009,0.986416,0.978653,0.958333,0.946861,0.934932,0.832078,0.990354,0.983847,0.976598,0.95976,0.946347,0.942865,0.931164,1.0015,1.04472,0.664185,0.544926,0.970983,0.951107,0.0123191,0.0110953,0.123591,0.112441,-0.992258,-0.991893,1.8219,1.81992,0.972314,0.959779,0.0116099,0.0113306,0.0230287,0.0195563,1.04493,1.05322,0.542328,0.522089,0.951326,0.940911,0.0110783,0.0110742,0.123474,0.112439,-0.993531,-0.986404,1.82037,1.82739,0.960515,0.955549,0.0113632,0.0113668,0.0229054,0.0195773,0.761238,0.887248,0.951356,1.03709,1.10903,1.1332,1.1563,0.795997,0.912046,0.975588,1.05178,1.10906,1.13583,1.14872,0.99921,0.992965,0.981217,0.944213,0.931812,0.931386,0.914572,0.998138,0.990015,0.978137,0.952957,0.936077,0.931723,0.929269,-1.02935,-1.0125,-1.00444,-0.991278,-0.976736,-0.972725,-0.956777,-1.0237,-1.00599,-0.997433,-0.986808,-0.976257,-0.974111,-0.968387,0.986385,0.978732,0.981085,0.959795,0.946871,0.934766,0.920476,0.984189,0.975131,0.973988,0.956216,0.935797,0.9431,0.933647,464.141,478.166,456.749,5.88791,370.854,413.521,434.847,472.577,481.271,488.812,492.681,448.796,471.749,444.239,8.28344,311.965,394.568,418.39,462.003,482.249,486.272,493.155,439.383,457.792,440.671,2.73367,405.647,424.107,428.371,444.38,452.438,455.481,461.672,438.035,454.949,411.838,25.0185,366.019,409.024,426.15,442.804,451.448,456.04,462.339,424.656,445.343,430.785,4.22179,391.829,395.937,404.167,435.817,453.9,458.649,463.349,439.656,423.924,429.451,6.8126,377.152,390.544,398.81,429.262,450.115,454.011,477.324,438.032,450.383,443.397,2.10511,423.864,427.423,429.342,445.309,455.817,456.892,458.501,462.342,436.044,441.96,4.01161,421.375,423.187,425.16,435.494,450.727,454.614,462.342,-9999,-9999
2014,17.476,0.999429,13.92,2.316,0.998695,20.491,4.296,1.0,16.924,14.062,2.874,19.409,4.41,17.474,0.999429,13.917,2.328,0.998695,20.491,4.296,1.0,227.956,1.0,218.438,227.956,1.0,329.042,0.999258,328.526,329.044,0.999258,340.211,0.999429,343.5,340.23,0.999429,12.279,0.999429,11.785,12.276,0.999429,99.439,99.338,0.9996,557.295,644.909,0.953253,1.162,1.206,1.0,0.1729004881849315,1.0,-9999,-9999,464.7890045137557,1.0,-9999,-9999,62.61226353057794,0.9747716894977168,51.07439574675544,0.9827054794520548,417.9588289970458,0.9240867579908676,407.768,0.998459,19.973,19.897,19.736,19.522,19.503,0.999429,0.999429,0.999429,0.999429,0.999429,10.658,18.751,18.533,0.999201,0.999144,0.998916,2.40114,0.999429,22.423,0.998345,30.404,0.0877237,45.1908,0.999372,61.2755,0.124582,0.525457,1,22.9123,24.9699,54.4493,64.2225,0.984589,0.972203,4.64594,4.19327,20.604,12.718,54.0779,66.3008,0.975514,0.968664,4.28186,4.22073,20.5249,12.7271,51.0867,52.525,0.965471,0.965007,3.9034,2.40047,-0.205655,25.2662,42.2794,53.9731,63.7309,65.4129,70.1053,16.4613,41.6513,48.0112,54.6532,62.3657,65.665,67.809,0.993208,0.989212,0.953824,0.976826,0.972203,0.973345,0.963984,0.990868,0.987043,0.944749,0.919064,0.970947,0.968893,0.954053,1.59616,1.67615,0.918463,0.809496,0.987065,0.971178,0.0191518,0.0170041,0.113888,0.0721349,-1.18386,-1.19413,2.40512,2.419,0.981713,0.970758,0.0156339,0.0143953,0.0226179,0.0214802,1.61627,1.6812,0.792407,0.803634,0.974549,0.968831,0.017654,0.016995,0.113646,0.0721327,-1.19036,-1.18424,2.40032,2.43757,0.974457,0.965427,0.0144052,0.0146089,0.0217867,0.0216239,1.34518,1.45597,1.57127,1.60855,1.67294,1.6805,1.70266,1.41879,1.54058,1.58759,1.61258,1.67461,1.68079,1.6916,0.995008,0.991338,0.988376,0.984344,0.967156,0.968838,0.964137,0.993153,0.988909,0.984887,0.983633,0.971577,0.968831,0.954097,-1.23055,-1.21623,-1.20569,-1.19254,-1.18514,-1.18354,-1.18164,-1.22418,-1.21611,-1.20312,-1.19279,-1.18576,-1.18422,-1.18097,0.952798,0.953629,0.884244,0.944488,0.977909,0.978809,0.983327,0.953261,0.953629,0.9323,0.943791,0.977625,0.983692,0.981832,715.875,705.322,687.84,7.69729,594.981,630.299,674.235,691.204,715.939,720.81,762.638,674.106,713.986,672.66,8.89126,558.344,601.959,641.599,686.525,700.101,727.445,750.727,648.468,639.021,635.315,5.84697,567.756,588.647,612.804,636.468,650.891,664.849,700.021,621.324,659.908,621.573,6.74578,541.1,565.962,588.279,631.022,644.295,668.168,682.533,486.619,447.764,497.586,5.92314,434.713,451.302,465.896,494.994,526.232,534.912,550.185,460.438,514.584,498.243,6.08859,432.981,458.097,467.228,504.119,520.76,525.621,533.678,577.896,559.264,580.429,2.46673,555.201,562.376,568.953,577.896,590.075,595.151,605.899,569.978,596.157,586.647,3.07216,562.074,571.792,573.509,583.734,595.046,596.663,604.433,-9999,-9999
2015,16.602,1.0,12.991,2.574,1.0,19.704,4.483,1.0,16.335,13.492,2.913,18.833,4.356,16.602,1.0,12.991,2.574,1.0,19.704,4.483,1.0,225.892,0.9996,221.817,225.931,0.9996,325.487,1.0,324.655,325.487,1.0,337.281,0.9996,339.168,337.272,0.9996,11.377,1.0,10.753,11.377,1.0,99.441,99.396,0.998744,378.699,407.416,1.0,1.107,1.22,0.998345,0.16719428937627967,0.9983447488584475,-9999,-9999,456.560743056564,1.0,-9999,-9999,49.455486782533264,0.9878995433789954,43.09673978399843,0.9997716894977168,420.5186418503077,0.999771689497717,407.673,0.999486,18.707,18.677,18.655,18.703,18.852,1.0,1.0,1.0,1.0,1.0,13.991,22.858,20.613,1.0,1.0,1.0,1.47183,1.0,23.5846,0.999201,31.604,0.0888957,49.131,0.999886,65.837,0.126138,0.534247,1,22.8658,24.9699,61.1083,86.0299,0.982078,0.962614,3.77619,3.47046,31.6895,30.3981,82.7163,85.7117,0.967295,0.954566,3.5382,3.36154,31.662,30.3859,71.2239,77.2252,0.957738,0.957974,4.74195,5.22784,8.99885,34.2623,52.9275,74.3969,93.7769,97.1896,105.468,6.6412,40.0334,54.3879,85.7275,96.7366,100.432,119.801,0.994806,0.990639,0.986872,0.977169,0.933105,0.948744,0.947717,0.995148,0.988299,0.984475,0.953311,0.948573,0.927511,0.919064,1.43875,1.54058,0.863399,0.852354,0.982573,0.945255,0.0153101,0.0134269,0.12135,0.11954,-1.11644,-1.08077,2.02323,2.05767,0.97982,0.971319,0.0129677,0.0125272,0.0577868,0.063601,1.53449,1.5333,0.831407,0.824261,0.954975,0.934458,0.0136055,0.0129995,0.121147,0.119492,-1.08915,-1.07501,2.03798,2.07153,0.973037,0.964968,0.012846,0.0121393,0.0577596,0.0635257,1.21159,1.32368,1.40641,1.49332,1.55823,1.56444,1.61575,1.20195,1.3502,1.40883,1.52655,1.55812,1.58777,1.64119,0.997642,0.993422,0.987718,0.968582,0.925984,0.895466,0.928628,0.997314,0.988809,0.986087,0.939963,0.904822,0.926994,0.893838,-1.17072,-1.14275,-1.12435,-1.09115,-1.05018,-1.03012,-1.00454,-1.17281,-1.14205,-1.12382,-1.0789,-1.04053,-1.01734,-0.997361,0.992155,0.986462,0.984122,0.974215,0.951997,0.903243,0.928932,0.99308,0.986533,0.981531,0.96894,0.947548,0.941567,0.934017,681.743,677.131,655.087,10.3538,521.946,572.579,600.048,677.736,703.134,708.454,731.37,607.545,669.746,632.432,16.3114,496.562,562.746,589.201,655.708,693.689,707.17,717.004,589.021,591.419,577.862,5.45554,515.305,533.978,541.393,589.021,606.007,613.522,616.075,544.623,587.03,558.845,15.4686,501.797,532.141,537.123,572.665,601.636,611.906,616.917,624.659,535.421,594.11,8.05194,511.629,537.064,555.725,591.706,622.736,639.272,689.931,592.973,607.546,591.128,9.83181,517.347,528.686,550.417,585.148,613.736,639.027,691.713,581.23,551.138,575.959,3.90545,540.519,547.615,560.165,573.088,591.033,598.892,622.434,559.503,575.386,574.468,4.88321,537.122,547.369,552.966,568.709,582.357,591.953,620.515,-9999,-9999
2016,16.779,1.0,13.256,2.471,1.0,19.735,4.356,1.0,16.572,13.858,2.693,18.885,4.093,16.779,1.0,13.256,2.471,1.0,19.735,4.356,1.0,224.98,0.999886,215.725,224.978,0.999886,327.176,1.0,327.085,327.176,1.0,340.644,0.999886,341.888,340.646,0.999886,11.017,1.0,10.792,11.017,1.0,99.492,99.492,0.999886,757.258,735.838,1.0,1.229,1.265,1.0,0.16974492827868853,1.0,89.98418849112021,1.0,452.4248226957537,1.0,-9999,-9999,60.881681961710164,0.9863387978142076,50.83773360228088,0.9998292349726776,412.61919219664384,0.9999430783242258,417.013,0.998349,19.279,19.212,19.119,18.918,18.88,1.0,1.0,1.0,1.0,1.0,17.087,25.136,23.073,1.0,1.0,1.0,0.982009,1.0,26.1592,0.998292,34.3857,0.0924449,41.6095,0.999943,54.6949,0.118003,0.998235,1,22.9071,24.9918,50.485,72.8713,0.981045,0.938695,6.20052,7.27006,34.3009,114.98,81.1529,51.5912,0.970344,0.936646,6.6538,7.40564,34.3857,114.988,44.7433,-14.3392,0.960484,0.923149,8.21601,16.4649,-93.0505,14.744,35.8722,50.485,76.8039,82.2155,91.0175,-269.968,-154.346,-86.0497,33.517,58.274,75.1532,84.8022,0.899875,0.990836,0.923497,0.981045,0.941769,0.96505,0.957195,0.788024,0.855533,0.883823,0.926969,0.978028,0.942054,0.951673,2.1429,2.23155,1.12154,1.08114,0.989997,0.921517,0.0254254,0.0310379,0.158522,0.467373,-1.87584,-1.84513,3.01626,3.15354,0.972597,0.948508,0.0208817,0.0231521,0.0299043,0.1162,2.26325,2.1461,1.05959,1.12112,0.978129,0.919455,0.0281633,0.0293809,0.158984,0.467266,-1.83599,-1.86266,3.07583,3.15935,0.962354,0.945595,0.0214712,0.0258976,0.0303189,0.116778,1.52573,1.96991,2.08064,2.1429,2.24105,2.28285,2.31785,0.840933,1.30036,1.56609,2.06603,2.17092,2.23304,2.29018,0.875051,0.995929,0.897735,0.989997,0.928904,0.950099,0.956219,0.694646,0.803591,0.852435,0.902587,0.986036,0.926948,0.968589,-1.97947,-1.88375,-1.87671,-1.86909,-1.84393,-1.84094,-1.8346,-2.10895,-2.07287,-1.99632,-1.88244,-1.864,-1.84513,-1.83571,0.932436,0.938278,0.979378,0.945002,0.960366,0.963043,0.950444,0.871541,0.886165,0.902675,0.940471,0.970237,0.948508,0.953295,1067.43,1024.3,963.361,14.4804,799.543,849.33,897.233,979.531,1035.88,1055.11,1064.78,970.132,1030.39,982.328,11.9284,791.223,900.353,943.294,999.079,1037.98,1052.51,1061.4,1027.03,972.707,977.7,14.7877,846.851,895.702,929.778,969.163,1019.84,1028.1,1053.27,918.127,949.237,937.584,8.0652,846.372,882.066,902.635,948.431,964.396,973.362,1027.73,637.457,562.684,654.359,14.3188,523.909,563.752,588.487,637.457,698.052,708.111,794.223,604.351,655.374,661.398,8.18067,576.501,599.425,611.064,671.239,701.731,715.858,734.859,724.52,697.648,736.889,4.78878,692.614,710.444,716.802,732.74,746.353,763.37,776.333,715.689,740.877,735.133,2.7934,708.056,715.689,721.768,737.02,748.77,751.038,761.279,-9999,-9999
2017,16.84,0.999943,13.387,2.483,1.0,19.766,4.314,0.999902,16.74,14.088,2.718,19.018,4.032,16.84,0.999943,13.387,2.483,1.0,19.766,4.314,0.999902,220.572,1.0,213.255,220.572,1.0,326.607,0.999943,330.372,326.608,0.999943,342.992,0.999886,345.567,342.993,0.999886,11.323,0.999886,11.161,11.322,0.999886,99.442,99.479,0.849372,856.404,918.974,1.0,1.314,1.651,0.945377,0.22008437093567035,0.9423515981735159,179.03564926009122,0.5280821917808219,442.41106300496574,1.0,-9999,-9999,65.85005598035652,0.9762557077625569,53.33083868968376,0.9944634703196348,407.9907171603019,0.9877853881278539,416.496,0.948916,19.228,19.098,18.944,18.694,18.605,0.999943,0.999943,0.999943,0.999943,0.999943,17.534,23.742,22.539,0.837043,0.999943,0.998801,0.288519,0.999943,23.3533,0.983447,30.0655,0.121296,48.5594,0.984132,62.5165,0.157554,0.615982,1,22.8986,24.989,103.11,139.315,0.968721,0.935103,7.12287,7.37698,34.4246,43.1928,127.071,125.44,0.958447,0.932591,7.05174,7.2907,34.4099,43.1781,116.37,134.452,0.951832,0.92225,4.62436,6.27516,64.3014,77.2163,92.4614,119.846,142.678,144.576,145.931,63.5951,78.5899,119.571,139.307,147.47,163.706,177.112,0.977968,0.975285,0.972432,0.962043,0.952968,0.953425,0.948516,0.977968,0.974658,0.963584,0.940753,0.894121,0.835559,0.84863,1.42722,1.61268,1.23583,1.08529,0.970201,0.914803,0.0296538,0.0314314,0.161513,0.242794,-0.796826,-0.783294,2.61633,2.61538,0.967237,0.9455,0.0236697,0.0237375,0.0317811,0.0320632,1.55825,1.56564,1.16641,1.08137,0.94998,0.912605,0.0293256,0.0308768,0.161453,0.242723,-0.803808,-0.797507,2.61364,2.60077,0.963,0.94356,0.0234683,0.0236706,0.0316314,0.0320137,1.26192,1.31939,1.37971,1.54237,1.63065,1.63693,1.64917,1.25708,1.32577,1.51242,1.61155,1.69069,1.80727,1.85643,0.980988,0.977003,0.9745,0.901973,0.944136,0.930825,0.936176,0.980988,0.976476,0.956565,0.927588,0.85704,0.750939,0.771798,-0.837623,-0.831669,-0.811601,-0.798821,-0.794766,-0.789253,-0.786974,-0.839955,-0.831197,-0.808063,-0.79768,-0.792269,-0.788089,-0.783294,0.975618,0.974054,0.938325,0.942783,0.954698,0.959566,0.967348,0.976911,0.97509,0.922809,0.970015,0.955472,0.949284,0.9455,668.156,641.3,672.093,14.7037,541.954,561.614,605.685,653.359,726.61,747.69,848.803,581.385,620.206,619.619,8.34059,538.524,555.538,580.316,613.86,653.19,658.064,680.035,544.177,515.861,537.64,8.9832,475.113,483.024,500.465,518.402,574.705,579.141,678.935,474.397,493.136,503.249,4.28162,470.007,478.068,484.527,498.771,514.364,518.008,551.629,715.683,658.768,733.256,12.8323,597.669,656.19,670.27,712.779,798.584,816.713,847.917,683.418,744.752,678.805,11.488,550.508,594.751,622.854,675.29,740.692,753.38,767.438,597.155,591.451,604.422,5.04721,546.098,569.776,580.159,601.321,625.969,631.749,652.832,588.218,628.416,602.858,4.6939,547.207,565.659,577.739,600.218,627.182,631.431,640.5,-9999,-9999
2018,16.237,1.0,12.63,2.562,1.0,19.313,4.556,1.0,16.166,13.41,2.815,18.585,4.225,16.237,1.0,12.63,2.562,1.0,19.313,4.556,1.0,226.519,1.0,222.216,226.519,1.0,315.256,1.0,323.748,315.256,1.0,334.6,1.0,338.153,334.6,1.0,11.112,1.0,10.625,11.112,1.0,99.485,99.466,1.0,582.733,606.04,1.0,1.174,1.277,1.0,0.1655895394977169,1.0,145.78257015665156,0.6699200913242009,455.36399978978307,1.0,-9999,-9999,62.645312655584256,0.9634132420091323,51.24346460956113,0.9950342465753425,402.24368184626894,0.9927511415525114,423.438,0.988756,19.285,19.1,18.905,18.598,18.533,1.0,1.0,1.0,1.0,1.0,14.767,22.448,19.412,1.0,1.0,1.0,1.4054,1.0,23.5041,0.988527,31.0881,0.0839708,46.1504,1.0,61.0416,0.129519,0.710674,1,22.9096,25.0192,70.4087,134.0,0.967979,0.921861,4.74718,4.54733,48.6053,73.3079,98.1906,139.934,0.9504,0.918208,4.44582,4.61734,48.5768,73.3123,103.934,161.642,0.93992,0.880865,8.70815,12.3128,28.9919,46.4693,62.2248,96.9324,133.533,143.215,170.527,55.454,87.0469,103.817,136.941,217.283,233.38,302.776,0.984247,0.978196,0.972089,0.954167,0.922146,0.914555,0.902226,0.976256,0.957021,0.944635,0.92089,0.838242,0.800457,0.70839,1.56043,1.95859,0.86468,0.679465,0.973075,0.889553,0.0202593,0.0186411,0.267002,0.356057,-1.13839,-1.18788,2.42341,2.41499,0.962063,0.941978,0.0152423,0.0154049,0.0258974,0.0584728,1.71,1.98678,0.708671,0.696971,0.93909,0.884832,0.0181121,0.0191742,0.266848,0.356085,-1.14878,-1.18642,2.43828,2.42723,0.955802,0.94022,0.0151833,0.0153904,0.0258627,0.058469,1.38064,1.4705,1.52795,1.71025,1.95536,2.00297,2.12617,1.50227,1.65166,1.77342,1.97473,2.28702,2.3628,2.64353,0.989967,0.984645,0.977485,0.942378,0.889655,0.878104,0.856558,0.981959,0.949744,0.932424,0.889235,0.651556,0.696962,0.54466,-1.19131,-1.18677,-1.18482,-1.17052,-1.14949,-1.14489,-1.13839,-1.19195,-1.18733,-1.1844,-1.16349,-1.09554,-1.07452,-1.04402,0.944938,0.942473,0.938575,0.952886,0.964259,0.959115,0.962063,0.945282,0.942326,0.975141,0.970365,0.899225,0.883738,0.778419,777.935,802.596,720.448,18.6927,498.031,501.406,678.032,780.533,797.765,804.597,814.323,722.284,770.553,745.852,9.77045,633.689,665.746,694.349,770.459,792.668,795.175,808.967,636.659,662.662,402.302,99.8987,-160.506,-130.122,583.852,638.164,665.595,667.09,674.207,643.043,672.362,646.754,4.01078,600.961,618.351,630.797,646.345,668.684,670.844,678.58,655.601,615.334,616.998,8.19645,527.734,551.146,574.595,618.797,648.499,671.159,690.173,503.107,493.726,590.86,8.56173,503.189,534.165,550.806,579.92,629.035,643.587,673.39,635.711,630.348,614.402,4.52072,556.463,584.131,595.246,614.168,629.986,635.711,662.669,592.093,548.824,603.09,4.10867,556.824,579.419,581.921,602.028,610.841,621.502,647.924,-9999,-9999
2019,16.239,1.0,12.889,2.419,1.0,19.086,4.198,1.0,16.317,13.695,2.72,18.583,4.001,16.239,1.0,12.889,2.419,1.0,19.086,4.198,1.0,221.17,1.0,210.908,221.17,1.0,319.103,1.0,328.32,319.103,1.0,337.081,1.0,343.27,337.081,1.0,10.824,1.0,10.934,10.824,1.0,99.369,99.42,1.0,786.966,817.884,1.0,1.32,1.367,1.0,0.17881043042237443,1.0,158.6648497354846,0.6590753424657534,442.410822138299,1.0,-9999,-9999,51.70452614543712,0.9621575342465754,43.48529534928413,0.9939497716894976,401.69834800517197,0.9965753424657534,426.071,0.999258,18.657,18.466,18.269,18.008,17.948,1.0,1.0,1.0,1.0,1.0,21.599,27.398,22.185,1.0,1.0,1.0,1.34527,1.0,27.7986,0.999087,38.1021,0.0911963,44.1703,0.999943,60.5419,0.133783,0.70468,1,22.9151,24.9699,99.7439,92.7821,0.981963,0.96387,6.80138,6.61157,10.917,10.5045,103.854,90.5925,0.973174,0.963642,6.4457,6.67524,10.699,10.5447,94.3824,92.6308,0.965662,0.96504,1.65756,1.45291,74.9096,84.8158,88.6685,94.8127,99.7498,101.895,104.409,71.5547,83.9697,87.5527,93.521,98.9459,100.295,102.775,0.993836,0.958676,0.988527,0.964384,0.954338,0.976541,0.938128,0.994578,0.961244,0.987785,0.956735,0.953025,0.971747,0.964954,1.89912,1.83532,1.47085,1.38123,0.983217,0.95537,0.0282699,0.0279196,0.0581925,0.0568593,-1.22727,-1.20891,2.96252,3.02525,0.980081,0.967353,0.0226476,0.0215367,0.0396171,0.0369778,1.89558,1.82208,1.37081,1.37798,0.970569,0.958569,0.0268366,0.0278729,0.0575099,0.0568363,-1.20004,-1.20917,2.99257,3.03555,0.973599,0.964321,0.0214118,0.0220849,0.0389239,0.0372997,1.76162,1.78372,1.82072,1.84825,1.87677,1.88545,1.89218,1.74149,1.78003,1.78699,1.83187,1.87281,1.8791,1.88478,0.930136,0.923148,0.910042,0.955786,0.986719,0.975986,0.980835,0.924047,0.96004,0.959383,0.920351,0.959594,0.980206,0.977854,-1.26044,-1.24663,-1.23757,-1.21146,-1.19447,-1.18162,-1.14693,-1.25808,-1.24418,-1.22671,-1.20551,-1.1854,-1.18406,-1.17053,0.9925,0.984019,0.981627,0.957927,0.96892,0.949791,0.940735,0.991047,0.983569,0.978393,0.965099,0.955743,0.952068,0.949138,842.407,831.659,828.605,8.18156,708.484,759.449,788.899,841.638,872.346,876.947,881.025,825.692,830.725,804.342,12.1562,708.12,754.108,781.236,824.971,846.767,868.487,878.205,759.663,741.066,646.812,92.928,649.228,670.221,694.849,745.993,776.467,783.446,784.209,726.352,726.872,701.691,20.2303,649.507,667.986,686.498,718.241,749.909,770.017,784.285,674.973,695.382,733.257,6.22693,679.708,684.702,703.73,728.717,763.403,769.142,804.043,725.965,717.69,733.551,9.80015,676.639,689.402,700.493,720.906,755.584,777.368,818.984,684.284,703.741,707.448,2.69263,684.284,690.731,693.375,700.12,717.606,727.497,737.388,690.448,710.322,708.6,4.40467,681.61,690.448,694.064,701.07,714.489,718.267,737.916,-9999,-9999
2020,16.838,1.0,13.201,2.616,1.0,19.992,4.581,1.0,16.711,13.806,2.859,19.277,4.357,16.838,1.0,13.201,2.616,1.0,19.992,4.581,1.0,223.137,0.994251,224.044,223.884,0.994251,315.979,1.0,325.457,315.979,1.0,336.746,0.994251,340.066,336.619,0.994251,12.709,1.0,12.161,12.709,1.0,99.534,99.645,1.0,324.258,345.694,1.0,1.15,1.285,1.0,0.1646382095856102,1.0,146.90398469632254,0.66808970856102,418.1485133457992,1.0,-9999,-9999,54.81570388062656,0.9629439890710383,46.00652624730375,0.9943078324225865,406.76920099872905,0.9955031876138434,425.36,0.99926,19.581,19.401,19.195,18.866,18.763,1.0,1.0,1.0,1.0,1.0,12.914,18.356,17.413,1.0,1.0,1.0,1.36543,1.0,23.4934,0.998918,31.5047,0.0770227,45.7327,0.999829,61.3277,0.128602,0.708106,1,22.8743,24.9891,-64.8037,-58.0663,0.986111,0.980476,4.13228,3.92179,20.1741,17.2739,-51.2056,-49.1864,0.974328,0.974898,3.53359,3.56139,20.0601,17.1957,-72.4309,-68.6822,0.963448,0.968006,5.89674,2.77532,-166.275,-85.219,-77.9736,-68.0673,-56.846,-45.7262,-35.2178,-101.289,-84.4324,-77.8413,-70.4708,-58.0663,-50.7867,-39.3819,0.883538,0.992486,0.989925,0.986566,0.979793,0.978654,0.963001,0.994763,0.921334,0.989754,0.986794,0.980476,0.979679,0.969775,1.30642,1.33736,1.10733,1.05542,0.991915,0.984722,0.0177861,0.0164675,0.0912999,0.0695925,-1.53601,-1.53247,2.20919,2.20072,0.981069,0.976349,0.0130099,0.0128067,0.0198894,0.0186393,1.36425,1.37166,0.962861,0.966133,0.977047,0.976895,0.0143506,0.0145734,0.0906933,0.0691688,-1.52141,-1.51834,2.19523,2.19476,0.970699,0.971805,0.0120413,0.0120246,0.0192698,0.0181109,0.800402,1.2091,1.24953,1.29314,1.3446,1.3882,1.44389,1.13131,1.22715,1.24487,1.28613,1.33736,1.36239,1.42978,0.848118,0.997823,0.994409,0.993368,0.984599,0.983412,0.956587,0.999135,0.896365,0.994936,0.993266,0.984722,0.984599,0.969276,-1.57406,-1.54983,-1.54706,-1.53846,-1.52991,-1.51975,-1.51214,-1.55931,-1.54831,-1.54693,-1.54002,-1.53194,-1.52122,-1.51692,0.912154,0.98761,0.982581,0.94168,0.961704,0.946757,0.967182,0.991148,0.98748,0.98786,0.981195,0.954615,0.946331,0.974766,631.213,595.562,614.963,7.87304,513.953,566.304,573.293,609.778,656.956,665.9,682.068,604.416,592.474,615.643,6.99629,522.574,574.092,593.032,604.416,646.962,659.032,682.156,670.595,644.749,683.645,6.95942,621.578,641.057,649.745,669.784,714.153,737.432,760.148,667.864,643.68,680.995,6.28042,619.696,644.941,651.509,665.519,709.076,717.932,756.115,466.983,452.11,482.639,3.39044,444.188,453.482,466.983,483.819,496.561,506.112,510.878,490.596,472.286,468.584,5.6347,422.831,426.489,439.436,467.337,483.065,495.981,500.564,574.374,571.619,584.136,2.17988,561.206,564.852,573.579,584.154,595.268,597.929,600.43,596.86,590.623,590.473,3.82263,562.345,565.235,570.721,586.664,598.903,609.788,638.445,-9999,-9999
2021,-9999,-9999,-9999,-9999,-9999,-9999,-9999,-9999,16.317,13.562,2.779,18.668,4.221,16.346,0.817123,12.924,2.764,0.817753,19.201,4.523,0.816438,-9999,-9999,225.574,229.953,0.816553,-9999,-9999,324.502,315.213,0.817123,-9999,-9999,338.997,332.835,0.816438,-9999,-9999,11.501,12.197,0.817066,99.468,99.566,0.816438,545.462,684.695,0.816438,1.232,1.342,0.816438,0.17707495504753915,0.8164383561643835,169.9256246805841,0.5408675799086758,499.52595202016255,0.8117579908675798,-9999,-9999,55.3008513926944,0.7769406392694064,52.55672676208622,0.8142123287671232,423.1519048863618,0.8142123287671232,-9999,-9999,-9999,-9999,-9999,-9999,-9999,-9999,-9999,-9999,-9999,-9999,-9999,-9999,-9999,-9999,-9999,-9999,1.04738,0.817123,21.3048,0.81524,28.9934,0.0859418,45.9789,0.817066,62.5719,0.144497,0.575114,1,18.1726,21.6575,429.633,412.579,0.798858,0.803425,4.72988,4.85637,54.2612,52.3478,434.102,417.959,0.793037,0.801084,4.27351,4.80377,54.2233,52.343,438.966,409.807,0.783971,0.791788,8.554,10.1913,301.129,382.665,415.318,449.359,461.31,490.774,495.101,264.415,373.98,377.285,415.574,454.224,478.224,491.766,0.810445,0.804852,0.801884,0.796861,0.772489,0.756336,0.761758,0.812614,0.808105,0.807135,0.801712,0.796689,0.756792,0.769292,2.15429,2.08021,1.70976,1.72656,0.803265,0.809805,0.0208101,0.0215842,0.218089,0.239451,0.161003,0.142251,2.03326,1.97528,0.794745,0.798039,0.0149079,0.0150955,0.0717706,0.067239,2.22652,2.09642,1.61537,1.71039,0.793716,0.806793,0.0178543,0.0212611,0.217827,0.239422,0.122141,0.156262,2.14975,2.02405,0.791096,0.796191,0.0143565,0.0149977,0.0716581,0.0672171,1.58066,1.95972,2.09287,2.26644,2.31305,2.39391,2.41907,1.38497,1.90493,1.91849,2.09187,2.27433,2.38188,2.40509,0.816083,0.811364,0.807598,0.798999,0.796781,0.748777,0.721704,0.817215,0.813556,0.811638,0.80707,0.771953,0.725765,0.727851,0.10772,0.117787,0.121066,0.156704,0.227351,0.258198,0.270406,0.104384,0.110558,0.118923,0.133099,0.180222,0.241604,0.261285,0.801912,0.793157,0.790052,0.786297,0.776118,0.782509,0.779413,0.80708,0.800704,0.807762,0.802836,0.794015,0.783657,0.782359,921.95,894.549,890.993,18.9866,631.874,812.979,818.78,891.683,1001.45,1013.74,1024.33,956.003,990.167,942.922,14.9782,692.047,840.957,890.107,987.599,1006.98,1011.54,1021.25,507.459,476.59,483.408,9.20532,370.024,435.292,441.495,475.916,532.564,547.687,552.399,506.644,556.065,510.555,7.63898,390.918,461.755,474.789,526.203,550.768,553.452,558.953,594.242,627.811,624.125,10.5523,539.927,558.066,562.798,606.528,673.424,694.723,723.688,421.147,420.832,378.49,7.34665,314.091,325.569,337.55,387.572,413.161,416.288,434.398,431.374,409.452,423.016,2.40482,401.646,404.071,408.674,421.066,433.66,440.876,444.698,441.059,444.689,425.497,2.86407,399.166,403.876,408.439,423.447,439.944,443.561,449.772,-9999,-9999
