TIMESTAMP,TA_F_MDS,TA_F_MDS_QC,TA_F_MDS_NIGHT,TA_F_MDS_NIGHT_SD,TA_F_MDS_NIGHT_QC,TA_F_MDS_DAY,TA_F_MDS_DAY_SD,TA_F_MDS_DAY_QC,TA_ERA,TA_ERA_NIGHT,TA_ERA_NIGHT_SD,TA_ERA_DAY,TA_ERA_DAY_SD,TA_F,TA_F_QC,TA_F_NIGHT,TA_F_NIGHT_SD,TA_F_NIGHT_QC,TA_F_DAY,TA_F_DAY_SD,TA_F_DAY_QC,SW_IN_F_MDS,SW_IN_F_MDS_QC,SW_IN_ERA,SW_IN_F,SW_IN_F_QC,LW_IN_F_MDS,LW_IN_F_MDS_QC,LW_IN_ERA,LW_IN_F,LW_IN_F_QC,LW_IN_JSB,LW_IN_JSB_QC,LW_IN_JSB_ERA,LW_IN_JSB_F,LW_IN_JSB_F_QC,VPD_F_MDS,VPD_F_MDS_QC,VPD_ERA,VPD_F,VPD_F_QC,PA_ERA,PA_F,PA_F_QC,P_ERA,P_F,P_F_QC,WS_ERA,WS_F,WS_F_QC,USTAR,USTAR_QC,NETRAD,NETRAD_QC,PPFD_IN,PPFD_IN_QC,PPFD_DIF,PPFD_DIF_QC,PPFD_OUT,PPFD_OUT_QC,SW_DIF,SW_DIF_QC,SW_OUT,SW_OUT_QC,LW_OUT,LW_OUT_QC,CO2_F_MDS,CO2_F_MDS_QC,TS_F_MDS_1,TS_F_MDS_2,TS_F_MDS_3,TS_F_MDS_4,TS_F_MDS_5,TS_F_MDS_1_QC,TS_F_MDS_2_QC,TS_F_MDS_3_QC,TS_F_MDS_4_QC,TS_F_MDS_5_QC,SWC_F_MDS_1,SWC_F_MDS_2,SWC_F_MDS_3,SWC_F_MDS_4,SWC_F_MDS_5,SWC_F_MDS_1_QC,SWC_F_MDS_2_QC,SWC_F_MDS_3_QC,SWC_F_MDS_4_QC,SWC_F_MDS_5_QC,G_F_MDS,G_F_MDS_QC,LE_F_MDS,LE_F_MDS_QC,LE_CORR,LE_RANDUNC,H_F_MDS,H_F_MDS_QC,H_CORR,H_RANDUNC,EBC_CF_N,EBC_CF_METHOD,NIGHT_RANDUNC_N,DAY_RANDUNC_N,NEE_CUT_REF,NEE_VUT_REF,NEE_CUT_REF_QC,NEE_VUT_REF_QC,NEE_CUT_REF_RANDUNC,NEE_VUT_REF_RANDUNC,NEE_CUT_REF_JOINTUNC,NEE_VUT_REF_JOINTUNC,NEE_CUT_USTAR50,NEE_VUT_USTAR50,NEE_CUT_USTAR50_QC,NEE_VUT_USTAR50_QC,NEE_CUT_USTAR50_RANDUNC,NEE_VUT_USTAR50_RANDUNC,NEE_CUT_USTAR50_JOINTUNC,NEE_VUT_USTAR50_JOINTUNC,NEE_CUT_MEAN,NEE_VUT_MEAN,NEE_CUT_MEAN_QC,NEE_VUT_MEAN_QC,NEE_CUT_SE,NEE_VUT_SE,NEE_CUT_05,NEE_CUT_16,NEE_CUT_25,NEE_CUT_50,NEE_CUT_75,NEE_CUT_84,NEE_CUT_95,NEE_VUT_05,NEE_VUT_16,NEE_VUT_25,NEE_VUT_50,NEE_VUT_75,NEE_VUT_84,NEE_VUT_95,NEE_CUT_05_QC,NEE_CUT_16_QC,NEE_CUT_25_QC,NEE_CUT_50_QC,NEE_CUT_75_QC,NEE_CUT_84_QC,NEE_CUT_95_QC,NEE_VUT_05_QC,NEE_VUT_16_QC,NEE_VUT_25_QC,NEE_VUT_50_QC,NEE_VUT_75_QC,NEE_VUT_84_QC,NEE_VUT_95_QC,NEE_CUT_REF_NIGHT,NEE_VUT_REF_NIGHT,NEE_CUT_REF_NIGHT_SD,NEE_VUT_REF_NIGHT_SD,NEE_CUT_REF_NIGHT_QC,NEE_VUT_REF_NIGHT_QC,NEE_CUT_REF_NIGHT_RANDUNC,NEE_VUT_REF_NIGHT_RANDUNC,NEE_CUT_REF_NIGHT_JOINTUNC,NEE_VUT_REF_NIGHT_JOINTUNC,NEE_CUT_REF_DAY,NEE_VUT_REF_DAY,NEE_CUT_REF_DAY_SD,NEE_VUT_REF_DAY_SD,NEE_CUT_REF_DAY_QC,NEE_VUT_REF_DAY_QC,NEE_CUT_REF_DAY_RANDUNC,NEE_VUT_REF_DAY_RANDUNC,NEE_CUT_REF_DAY_JOINTUNC,NEE_VUT_REF_DAY_JOINTUNC,NEE_CUT_USTAR50_NIGHT,NEE_VUT_USTAR50_NIGHT,NEE_CUT_USTAR50_NIGHT_SD,NEE_VUT_USTAR50_NIGHT_SD,NEE_CUT_USTAR50_NIGHT_QC,NEE_VUT_USTAR50_NIGHT_QC,NEE_CUT_USTAR50_NIGHT_RANDUNC,NEE_VUT_USTAR50_NIGHT_RANDUNC,NEE_CUT_USTAR50_NIGHT_JOINTUNC,NEE_VUT_USTAR50_NIGHT_JOINTUNC,NEE_CUT_USTAR50_DAY,NEE_VUT_USTAR50_DAY,NEE_CUT_USTAR50_DAY_SD,NEE_VUT_USTAR50_DAY_SD,NEE_CUT_USTAR50_DAY_QC,NEE_VUT_USTAR50_DAY_QC,NEE_CUT_USTAR50_DAY_RANDUNC,NEE_VUT_USTAR50_DAY_RANDUNC,NEE_CUT_USTAR50_DAY_JOINTUNC,NEE_VUT_USTAR50_DAY_JOINTUNC,NEE_CUT_05_NIGHT,NEE_CUT_16_NIGHT,NEE_CUT_25_NIGHT,NEE_CUT_50_NIGHT,NEE_CUT_75_NIGHT,NEE_CUT_84_NIGHT,NEE_CUT_95_NIGHT,NEE_VUT_05_NIGHT,NEE_VUT_16_NIGHT,NEE_VUT_25_NIGHT,NEE_VUT_50_NIGHT,NEE_VUT_75_NIGHT,NEE_VUT_84_NIGHT,NEE_VUT_95_NIGHT,NEE_CUT_05_NIGHT_QC,NEE_CUT_16_NIGHT_QC,NEE_CUT_25_NIGHT_QC,NEE_CUT_50_NIGHT_QC,NEE_CUT_75_NIGHT_QC,NEE_CUT_84_NIGHT_QC,NEE_CUT_95_NIGHT_QC,NEE_VUT_05_NIGHT_QC,NEE_VUT_16_NIGHT_QC,NEE_VUT_25_NIGHT_QC,NEE_VUT_50_NIGHT_QC,NEE_VUT_75_NIGHT_QC,NEE_VUT_84_NIGHT_QC,NEE_VUT_95_NIGHT_QC,NEE_CUT_05_DAY,NEE_CUT_16_DAY,NEE_CUT_25_DAY,NEE_CUT_50_DAY,NEE_CUT_75_DAY,NEE_CUT_84_DAY,NEE_CUT_95_DAY,NEE_VUT_05_DAY,NEE_VUT_16_DAY,NEE_VUT_25_DAY,NEE_VUT_50_DAY,NEE_VUT_75_DAY,NEE_VUT_84_DAY,NEE_VUT_95_DAY,NEE_CUT_05_DAY_QC,NEE_CUT_16_DAY_QC,NEE_CUT_25_DAY_QC,NEE_CUT_50_DAY_QC,NEE_CUT_75_DAY_QC,NEE_CUT_84_DAY_QC,NEE_CUT_95_DAY_QC,NEE_VUT_05_DAY_QC,NEE_VUT_16_DAY_QC,NEE_VUT_25_DAY_QC,NEE_VUT_50_DAY_QC,NEE_VUT_75_DAY_QC,NEE_VUT_84_DAY_QC,NEE_VUT_95_DAY_QC,RECO_NT_VUT_REF,RECO_NT_VUT_USTAR50,RECO_NT_VUT_MEAN,RECO_NT_VUT_SE,RECO_NT_VUT_05,RECO_NT_VUT_16,RECO_NT_VUT_25,RECO_NT_VUT_50,RECO_NT_VUT_75,RECO_NT_VUT_84,RECO_NT_VUT_95,RECO_NT_CUT_REF,RECO_NT_CUT_USTAR50,RECO_NT_CUT_MEAN,RECO_NT_CUT_SE,RECO_NT_CUT_05,RECO_NT_CUT_16,RECO_NT_CUT_25,RECO_NT_CUT_50,RECO_NT_CUT_75,RECO_NT_CUT_84,RECO_NT_CUT_95,GPP_NT_VUT_REF,GPP_NT_VUT_USTAR50,GPP_NT_VUT_MEAN,GPP_NT_VUT_SE,GPP_NT_VUT_05,GPP_NT_VUT_16,GPP_NT_VUT_25,GPP_NT_VUT_50,GPP_NT_VUT_75,GPP_NT_VUT_84,GPP_NT_VUT_95,GPP_NT_CUT_REF,GPP_NT_CUT_USTAR50,GPP_NT_CUT_MEAN,GPP_NT_CUT_SE,GPP_NT_CUT_05,GPP_NT_CUT_16,GPP_NT_CUT_25,GPP_NT_CUT_50,GPP_NT_CUT_75,GPP_NT_CUT_84,GPP_NT_CUT_95,RECO_DT_VUT_REF,RECO_DT_VUT_USTAR50,RECO_DT_VUT_MEAN,RECO_DT_VUT_SE,RECO_DT_VUT_05,RECO_DT_VUT_16,RECO_DT_VUT_25,RECO_DT_VUT_50,RECO_DT_VUT_75,RECO_DT_VUT_84,RECO_DT_VUT_95,RECO_DT_CUT_REF,RECO_DT_CUT_USTAR50,RECO_DT_CUT_MEAN,RECO_DT_CUT_SE,RECO_DT_CUT_05,RECO_DT_CUT_16,RECO_DT_CUT_25,RECO_DT_CUT_50,RECO_DT_CUT_75,RECO_DT_CUT_84,RECO_DT_CUT_95,GPP_DT_VUT_REF,GPP_DT_VUT_USTAR50,GPP_DT_VUT_MEAN,GPP_DT_VUT_SE,GPP_DT_VUT_05,GPP_DT_VUT_16,GPP_DT_VUT_25,GPP_DT_VUT_50,GPP_DT_VUT_75,GPP_DT_VUT_84,GPP_DT_VUT_95,GPP_DT_CUT_REF,GPP_DT_CUT_USTAR50,GPP_DT_CUT_MEAN,GPP_DT_CUT_SE,GPP_DT_CUT_05,GPP_DT_CUT_16,GPP_DT_CUT_25,GPP_DT_CUT_50,GPP_DT_CUT_75,GPP_DT_CUT_84,GPP_DT_CUT_95,RECO_SR,RECO_SR_N
1996,-9999,-9999,-9999,-9999,-9999,-9999,-9999,-9999,3.245,1.91,1.439,4.044,1.866,3.393,0.751935,2.426,1.44,0.752667,4.009,1.706,0.751366,-9999,-9999,98.062,91.162,0.751992,-9999,-9999,292.788,292.788,0.0,-9999,-9999,281.802,285.342,0.751765,-9999,-9999,2.626,2.497,0.751765,99.51,99.615,0.736794,594.535,482.852,0.750228,3.164,2.963,0.737136,0.44774854739,0.524874772313,-9999,-9999,243.891426832,0.657843806922,-9999,-9999,72.2196669326,0.545708105647,55.7993745939,0.737135701275,-9999,-9999,-9999,-9999,-9999,-9999,-9999,-9999,-9999,-9999,-9999,-9999,-9999,-9999,-9999,-9999,-9999,-9999,-9999,-9999,-9999,-9999,-9999,-9999,-9999,-9999,-9999,1.0,25.5062,0.715733,-9999,0.135934,22.4685,0.716132,-9999,0.216393,-9999,-9999,12.7049,14.3115,-814.742,-817.906,0.522996,0.520549,4.82755,4.78831,13.3027,12.8561,-814.742,-803.448,0.522996,0.521687,4.82755,4.81085,13.3027,12.8645,-815.441,-815.42,0.522986,0.523401,2.07287,1.85281,-836.676,-828.258,-820.373,-814.934,-811.565,-803.466,-798.387,-829.413,-827.811,-820.355,-817.906,-811.554,-803.948,-798.363,0.510018,0.517304,0.526469,0.529542,0.524875,0.521687,0.533299,0.517304,0.5185,0.526469,0.520549,0.524875,0.531307,0.533299,2.10718,2.10751,1.36442,1.37655,0.51433,0.513642,0.00979742,0.00943099,0.0380853,0.0292416,-5.28462,-5.31029,3.37179,3.37575,0.52686,0.523418,0.0223623,0.0222586,0.0530844,0.0289673,2.10718,2.20151,1.36442,1.39801,0.51433,0.513778,0.00979742,0.00956349,0.0380853,0.0292846,-5.28462,-5.30302,3.37179,3.38517,0.52686,0.525109,0.0223623,0.0223356,0.0530844,0.0290265,2.00392,2.03979,2.06843,2.10156,2.10756,2.1134,2.20145,2.03803,2.06455,2.09688,2.1021,2.10751,2.11991,2.20151,0.513074,0.512496,0.530306,0.513197,0.513642,0.529965,0.513778,0.512934,0.514258,0.513349,0.526086,0.513642,0.516519,0.513778,-5.32466,-5.31743,-5.31671,-5.30301,-5.28462,-5.22114,-5.20529,-5.3226,-5.31739,-5.31663,-5.30881,-5.28468,-5.28032,-5.20527,0.508662,0.518501,0.529306,0.525109,0.52686,0.534695,0.534434,0.518993,0.518501,0.529306,0.522414,0.52686,0.52826,0.534434,1079.71,1079.71,1078.8,5.58326,1031.33,1039.51,1042.61,1069.7,1093.71,1109.17,1150.7,1079.71,1067.22,1083.08,5.31321,1031.33,1042.61,1066.77,1073.49,1100.59,1109.17,1150.08,1883.14,1883.16,1894.21,6.3485,1850.5,1858.93,1860.52,1882.05,1897.68,1938.58,1978.95,1883.18,1881.96,1898.52,6.22439,1850.52,1858.89,1878.33,1883.18,1915.52,1938.59,1978.95,1079.06,1107.49,1102.5,6.69399,1004.41,1079.06,1088.91,1116.49,1133.34,1133.64,1134.51,1079.06,1079.06,1094.73,8.71894,973.26,1004.41,1079.06,1107.49,1133.34,1133.64,1134.51,1495.88,1495.88,1489.43,4.35099,1433.0,1467.9,1471.7,1495.99,1507.05,1514.36,1516.4,1467.9,1467.9,1475.88,10.8042,1406.82,1433.0,1467.9,1495.88,1505.58,1514.36,1516.4,625.099,0.79235
1997,4.278,0.998573,3.319,1.483,1.0,4.798,1.66,0.996864,4.07,2.713,1.549,4.794,1.819,4.275,0.998573,3.319,1.483,1.0,4.789,1.663,0.996864,108.574,0.996062,103.133,108.535,0.996062,-9999,-9999,293.855,293.855,0.0,280.819,0.995377,283.03,280.744,0.995377,3.185,0.998459,3.018,3.183,0.998459,99.04,99.189,0.985274,564.301,474.859,0.993436,3.357,3.673,0.942865,0.450449963464,0.724600456621,55.0565569305,0.970376712329,188.064875844,0.867294520548,-9999,-9999,8.01231609815,0.984760273973,-9999,-9999,15.1758167713,0.984760273973,-9999,-9999,361.84,0.998345,4.754,4.736,4.558,4.725,4.434,0.99589,0.99589,0.995833,0.995833,0.995833,25.767,27.19,37.617,38.078,40.414,0.971975,0.971975,0.971918,0.969578,0.969578,-9999,1.0,23.9384,0.985674,-9999,0.106981,13.7921,0.987215,-9999,0.184437,-9999,-9999,22.5781,24.9425,-239.006,-240.372,0.946176,0.944007,2.77189,2.72277,12.9086,9.92499,-239.006,-245.296,0.946176,0.951313,2.77189,2.81869,12.9086,9.95174,-243.786,-241.536,0.939261,0.946173,1.98912,1.70971,-270.172,-257.493,-251.367,-240.605,-232.408,-232.278,-226.231,-270.172,-251.367,-245.293,-240.605,-232.407,-232.278,-227.953,0.919178,0.926199,0.936815,0.941096,0.955651,0.958619,0.962386,0.919178,0.936815,0.951313,0.941096,0.955651,0.958619,0.967865,1.9012,1.881,0.335801,0.338735,0.942844,0.940727,0.0067733,0.0066948,0.0438086,0.032629,-1.77043,-1.76843,2.40393,2.40794,0.936891,0.935015,0.0125221,0.0122906,0.0369316,0.03143,1.9012,1.83955,0.335801,0.34578,0.942844,0.953562,0.0067733,0.00697936,0.0438086,0.0326886,-1.77043,-1.77448,2.40393,2.38454,0.936891,0.94104,0.0125221,0.0126997,0.0369316,0.0315923,1.79077,1.80685,1.82275,1.84828,1.881,1.89341,1.9012,1.69598,1.8213,1.83302,1.84828,1.881,1.88517,1.89341,0.828616,0.891625,0.850507,0.960143,0.940727,0.94021,0.942844,0.880327,0.954212,0.932927,0.960143,0.940727,0.934341,0.94021,-1.8318,-1.80112,-1.78949,-1.77043,-1.733,-1.73163,-1.71359,-1.80786,-1.78949,-1.78194,-1.76843,-1.73299,-1.73163,-1.7169,0.88062,0.924401,0.927172,0.936891,0.946559,0.94905,0.952644,0.918911,0.927172,0.930148,0.935015,0.946559,0.94905,0.957147,842.183,865.496,828.837,3.91633,767.764,818.535,821.146,827.003,840.046,851.814,865.496,839.214,842.183,826.417,4.19344,767.764,780.172,821.146,833.818,840.046,842.183,865.496,1081.19,1110.79,1070.37,3.82267,1021.82,1048.19,1053.55,1070.25,1083.35,1092.42,1110.79,1079.59,1081.19,1070.2,3.52088,1021.82,1048.19,1053.55,1070.25,1081.19,1092.42,1110.86,776.113,776.113,813.863,7.61218,750.485,775.028,776.113,781.287,865.077,877.416,899.25,807.955,807.955,821.755,8.30936,762.775,775.028,778.635,807.955,865.077,883.444,899.25,1052.24,1027.83,1052.77,6.85644,999.148,1015.82,1017.74,1027.83,1083.29,1094.71,1136.42,1052.24,1052.24,1058.24,6.99298,1004.39,1015.82,1018.56,1052.24,1083.29,1112.44,1136.42,708.869,1.0
1998,3.434,0.991781,2.521,1.505,0.994325,3.984,1.636,0.989295,3.365,2.174,1.506,4.047,1.697,3.433,0.991781,2.529,1.502,0.994325,3.973,1.628,0.989295,108.685,0.990811,90.079,108.485,0.990811,-9999,-9999,296.7,296.7,0.0,276.316,0.73653,286.303,284.904,0.73653,2.247,0.738584,2.196,2.095,0.738584,98.946,99.102,0.942751,685.415,614.706,0.985388,3.376,3.675,0.909874,0.446830947084,0.851198630137,56.8164824806,0.907534246575,185.629166228,0.98595890411,-9999,-9999,7.3994850111,0.911244292237,-9999,-9999,13.8015742556,0.911187214612,-9999,-9999,366.594,0.991667,4.617,4.586,4.431,4.643,4.393,0.99258,0.99258,0.99258,0.99258,0.99258,31.382,31.642,43.735,42.921,45.729,1.0,1.0,1.0,0.986301,0.986073,-9999,1.0,17.1874,0.999201,-9999,0.107172,11.3536,0.999372,-9999,0.187337,-9999,-9999,16.6247,20.9452,-304.704,-302.637,0.97774,0.979053,3.62106,3.648,8.94174,7.62582,-304.704,-300.473,0.97774,0.982021,3.62106,3.67094,8.94174,7.63682,-306.226,-302.359,0.976177,0.980488,1.16683,0.957601,-320.475,-315.565,-310.868,-304.704,-301.369,-299.213,-296.496,-312.788,-309.854,-307.937,-301.407,-299.201,-296.461,-292.95,0.962614,0.965982,0.974429,0.97774,0.984703,0.985502,0.985959,0.967123,0.970776,0.975228,0.984703,0.985502,0.985959,0.987215,1.84729,1.85453,0.351886,0.362785,0.974244,0.975121,0.00861072,0.00853859,0.015664,0.011084,-2.01409,-2.00929,2.55167,2.55648,0.975246,0.977066,0.0157273,0.015891,0.0299754,0.0273654,1.84729,1.85811,0.351886,0.365875,0.974244,0.97794,0.00861072,0.00856297,0.015664,0.0111027,-2.01409,-2.00272,2.55167,2.56086,0.975246,0.979887,0.0157273,0.0160025,0.0299754,0.0274303,1.79473,1.82647,1.83592,1.84656,1.85264,1.85264,1.85807,1.83157,1.8404,1.84491,1.8474,1.85274,1.85453,1.85811,0.956062,0.958618,0.970668,0.967101,0.985728,0.960281,0.97794,0.971216,0.970956,0.986833,0.986852,0.985728,0.975121,0.97794,-2.05222,-2.04581,-2.03257,-2.01409,-2.00085,-1.99477,-1.98326,-2.04238,-2.02773,-2.01996,-2.00272,-1.99475,-1.98317,-1.96957,0.963915,0.949262,0.970238,0.975246,0.981662,0.982368,0.982819,0.966364,0.972481,0.974178,0.979887,0.982368,0.982819,0.98419,777.141,777.141,773.576,1.03659,763.842,764.978,770.804,774.269,777.711,779.559,782.509,774.893,774.269,770.287,1.43652,750.587,761.796,764.701,773.048,777.141,777.711,782.509,1077.61,1077.61,1075.94,1.50452,1057.92,1069.51,1073.44,1077.66,1082.83,1083.92,1087.57,1082.79,1078.97,1076.51,1.05137,1061.2,1069.54,1073.5,1077.63,1081.38,1082.79,1083.88,864.777,864.777,858.653,8.71419,804.734,807.921,809.1,843.042,909.357,911.242,963.436,880.963,880.963,877.343,9.24874,804.734,809.1,813.13,880.963,918.632,926.311,977.609,1096.63,1096.63,1089.7,2.12515,1071.65,1073.21,1083.03,1088.75,1097.79,1099.78,1118.01,1099.78,1099.78,1095.2,2.16766,1073.21,1083.03,1084.77,1096.63,1101.15,1110.21,1119.2,629.235,1.0
1999,4.332,0.999372,3.294,1.557,1.0,4.903,1.746,0.998874,4.284,2.955,1.475,5.01,1.787,4.333,0.999372,3.294,1.557,1.0,4.904,1.746,0.998874,106.608,0.990011,101.105,106.014,0.990011,-9999,-9999,298.992,298.992,0.0,285.179,0.989897,288.941,285.406,0.989897,2.911,0.999372,3.031,2.911,0.999372,98.983,99.118,0.97911,547.726,459.398,0.99355,3.318,3.613,0.962329,0.447356407214,0.83647260274,67.7135534352,0.765696347032,207.625771317,0.982191780822,-9999,-9999,9.51142650194,0.92203196347,-9999,-9999,16.3155177279,0.788698630137,-9999,-9999,371.563,0.963185,5.113,4.97,4.709,4.787,4.428,1.0,1.0,1.0,1.0,1.0,26.868,24.604,36.351,35.987,38.855,1.0,1.0,1.0,0.994349,0.994178,-9999,1.0,17.7172,0.983619,-9999,0.102097,20.9975,0.983904,-9999,0.186836,-9999,-9999,22.7781,25.0877,-143.043,-144.172,0.918151,0.921747,3.23479,3.25864,6.15452,4.24159,-143.736,-144.061,0.918322,0.92403,3.23445,3.27634,6.15435,4.2552,-139.649,-143.347,0.915775,0.923266,0.920791,0.563961,-146.307,-145.103,-144.807,-142.729,-135.225,-134.631,-129.226,-146.78,-146.268,-145.293,-144.691,-143.323,-140.837,-135.643,0.926484,0.923687,0.925514,0.918779,0.910959,0.914726,0.903025,0.926199,0.926484,0.924772,0.921747,0.918436,0.916895,0.913813,2.18402,2.16884,0.400236,0.421052,0.920319,0.922584,0.00812526,0.00801419,0.0302888,0.0133102,-1.52653,-1.52972,2.4818,2.48299,0.914594,0.920636,0.014528,0.0146951,0.0189821,0.0182976,2.18332,2.18546,0.400282,0.432456,0.920467,0.9243,0.00812033,0.00802298,0.0302874,0.0133155,-1.52927,-1.53745,2.48586,2.48839,0.914678,0.924103,0.014529,0.0147916,0.0189828,0.0183752,2.16625,2.17108,2.17878,2.18662,2.22473,2.22944,2.2605,2.13243,2.16884,2.17129,2.17947,2.18361,2.1901,2.22772,0.922584,0.924461,0.9243,0.924461,0.916997,0.917842,0.865349,0.939935,0.922584,0.924461,0.934055,0.920619,0.920985,0.917828,-1.54625,-1.53914,-1.53598,-1.52546,-1.51554,-1.51471,-1.50324,-1.54795,-1.54339,-1.54176,-1.53497,-1.52749,-1.52159,-1.51688,0.927525,0.930846,0.924549,0.91551,0.910801,0.887883,0.897334,0.926216,0.930227,0.925773,0.923312,0.91908,0.905116,0.910176,877.515,878.271,881.272,2.32776,866.158,871.878,872.891,877.515,883.654,884.304,917.721,885.495,875.447,893.912,3.45167,869.686,873.162,876.85,884.157,909.863,917.177,923.732,1022.35,1022.33,1024.62,1.84392,1011.38,1017.19,1017.72,1020.88,1027.61,1028.39,1050.15,1025.59,1019.18,1033.56,2.69276,1014.49,1017.88,1020.39,1028.03,1044.69,1046.4,1060.38,913.381,904.274,919.027,2.68414,893.564,905.578,906.848,916.154,928.081,932.907,942.715,938.909,913.919,927.265,3.78289,886.292,903.863,910.088,926.596,941.842,949.846,974.33,1090.44,1082.88,1089.08,2.31613,1065.52,1078.79,1081.72,1086.69,1095.39,1102.55,1108.46,1107.46,1093.37,1097.37,2.50366,1075.87,1079.35,1082.12,1095.39,1106.37,1111.85,1129.3,849.158,1.0
2000,5.304,0.992771,4.348,1.415,0.996487,5.845,1.681,0.989007,5.184,3.95,1.4,5.885,1.726,5.308,0.992771,4.352,1.415,0.996487,5.847,1.67,0.989007,101.093,0.936305,97.551,100.331,0.936305,-9999,-9999,302.101,302.101,0.0,294.432,0.934426,292.519,295.014,0.934426,2.376,0.982923,2.604,2.387,0.982923,98.953,99.076,0.969092,617.725,659.664,0.858663,3.461,3.765,0.918147,0.451353532573,0.697859744991,53.8990786201,0.945924408015,194.723403473,0.916723588342,-9999,-9999,8.81813471724,0.963854735883,50.4150405168,0.734346539162,14.2300233647,0.963854735883,-9999,-9999,377.83,0.952527,5.469,5.641,5.522,5.533,5.251,0.993397,0.993397,0.993397,0.993397,0.993397,32.836,26.683,35.643,35.836,38.419,0.988673,0.988559,0.987079,0.984062,0.983265,-9999,1.0,21.2658,0.829633,-9999,0.122736,11.1679,0.830772,-9999,0.184285,-9999,-9999,18.9372,23.2131,-151.808,-151.901,0.803905,0.808231,3.66652,3.73219,9.95076,5.53091,-152.284,-152.262,0.804303,0.809483,3.67987,3.73755,9.95569,5.53453,-147.003,-151.959,0.800333,0.807612,1.28988,0.964634,-157.649,-154.426,-153.21,-151.62,-137.245,-135.925,-134.697,-158.849,-156.454,-156.224,-153.182,-151.901,-148.29,-136.545,0.813297,0.810735,0.810508,0.805271,0.774647,0.793773,0.793204,0.814151,0.812898,0.812045,0.809085,0.808231,0.80288,0.778916,2.35265,2.35057,0.372477,0.38384,0.807536,0.811617,0.00977584,0.00990772,0.0436965,0.0261553,-1.67267,-1.67754,2.6489,2.65673,0.796572,0.801488,0.0156091,0.0159068,0.026197,0.019582,2.35268,2.35198,0.374046,0.388724,0.807641,0.812855,0.00978847,0.00992011,0.0436993,0.02616,-1.67515,-1.68039,2.65142,2.65464,0.797029,0.802558,0.0156762,0.0159304,0.0262371,0.0196012,2.31325,2.34051,2.34508,2.35265,2.42051,2.42568,2.43258,2.29903,2.3226,2.32685,2.34756,2.35085,2.37101,2.41948,0.819432,0.814743,0.808965,0.807536,0.800438,0.797615,0.708915,0.819807,0.818465,0.815962,0.80934,0.81338,0.805641,0.803788,-1.69174,-1.68698,-1.68247,-1.67371,-1.64753,-1.6449,-1.64018,-1.69582,-1.69029,-1.68965,-1.68162,-1.67587,-1.66745,-1.64457,0.804613,0.803535,0.801712,0.798083,0.786505,0.789749,0.785696,0.805867,0.80408,0.80432,0.801636,0.797241,0.794516,0.790686,907.035,906.664,910.461,2.7663,887.347,898.078,900.603,906.568,914.863,919.89,948.325,919.89,916.106,927.333,4.85536,892.102,901.002,905.98,916.083,948.456,949.599,970.461,1059.31,1058.93,1062.42,1.84217,1045.98,1054.51,1055.93,1059.2,1066.86,1069.88,1084.64,1068.11,1068.39,1074.34,3.79531,1049.75,1054.67,1059.2,1068.11,1084.18,1084.91,1107.71,1129.65,1135.71,1136.3,5.84363,1051.74,1113.35,1121.13,1138.43,1145.74,1154.36,1190.3,1154.36,1150.03,1155.84,7.04437,1098.42,1120.64,1129.65,1144.87,1166.39,1195.64,1242.55,1205.73,1203.1,1202.39,2.98331,1160.55,1187.13,1189.96,1204.21,1207.31,1212.51,1238.62,1212.51,1204.72,1212.34,3.10288,1179.94,1198.5,1202.21,1206.93,1219.87,1234.1,1251.87,862.908,1.0
2001,3.875,0.996975,2.919,1.438,0.998027,4.433,1.678,0.994521,3.853,2.686,1.398,4.495,1.675,3.872,0.996975,2.915,1.436,0.998027,4.432,1.669,0.994521,95.241,0.878425,94.53,94.877,0.878425,-9999,-9999,298.301,298.301,0.0,287.421,0.878196,288.146,290.473,0.878196,2.512,0.996632,2.68,2.513,0.996632,99.081,99.167,0.982363,568.869,607.786,0.882648,3.32,3.558,0.922888,0.451037345611,0.832705479452,50.5963142922,0.96404109589,199.101363315,0.868264840183,-9999,-9999,7.80204380496,0.980993150685,45.4138518241,0.866723744292,14.0953209863,0.980993150685,-9999,-9999,378.285,0.996747,4.921,5.294,5.289,5.299,5.172,0.996918,0.996918,0.996747,0.996747,0.996747,31.691,28.646,38.756,39.049,40.744,0.957934,0.958847,0.956678,0.954338,0.946689,-9999,1.0,23.0478,0.952911,-9999,0.0976781,13.479,0.952511,-9999,0.174697,-9999,-9999,22.7288,25.1753,-178.064,-178.526,0.922432,0.922146,2.84298,2.83565,4.34132,4.25189,-178.522,-178.813,0.922603,0.925,2.84856,2.86074,4.34498,4.26866,-177.224,-177.51,0.919027,0.919705,0.460669,0.477349,-179.91,-179.572,-179.341,-178.408,-176.658,-173.01,-171.927,-179.706,-179.582,-179.414,-178.951,-177.634,-173.245,-171.072,0.939212,0.932877,0.926313,0.922774,0.915411,0.901142,0.903425,0.930308,0.936416,0.932877,0.937386,0.918721,0.869521,0.907021,2.10878,2.1058,0.3471,0.344525,0.92311,0.922719,0.00701766,0.00695834,0.024235,0.0263897,-1.63048,-1.63072,2.44107,2.44224,0.916798,0.916725,0.0128,0.0127854,0.0148497,0.0138653,2.10655,2.09674,0.346595,0.352004,0.923379,0.926391,0.00703244,0.00702142,0.0242393,0.0264064,-1.63102,-1.63013,2.44021,2.43575,0.916866,0.91878,0.0128247,0.0128979,0.014871,0.0139691,2.07371,2.08817,2.09073,2.10683,2.12419,2.13456,2.14458,2.06753,2.08377,2.08918,2.09789,2.11747,2.13468,2.15102,0.940151,0.93088,0.929332,0.922164,0.915942,0.907739,0.86631,0.941023,0.934533,0.930386,0.926391,0.917038,0.907837,0.847474,-1.63479,-1.63322,-1.6315,-1.63028,-1.6255,-1.61817,-1.61299,-1.63571,-1.6332,-1.63148,-1.63014,-1.62726,-1.62247,-1.61334,0.912313,0.911936,0.91383,0.928834,0.931835,0.900751,0.898007,0.912237,0.872102,0.91383,0.922335,0.9312,0.907437,0.903793,851.986,848.853,852.192,4.09465,810.103,827.872,832.728,849.497,863.564,872.594,895.236,855.227,853.736,854.673,3.26729,819.416,828.742,841.026,855.227,867.016,871.104,882.087,1030.54,1027.67,1029.7,3.74,989.756,1007.29,1011.68,1028.31,1039.98,1044.51,1064.94,1033.55,1032.26,1031.9,2.92686,998.574,1008.07,1020.66,1033.55,1043.03,1045.57,1054.09,862.385,854.258,871.755,4.10546,845.035,851.557,853.007,860.067,886.751,897.765,932.79,867.322,882.017,875.479,4.16738,847.747,852.114,854.276,861.986,893.593,907.19,923.677,1052.01,1046.88,1058.67,4.29007,1024.38,1037.54,1039.42,1047.2,1078.88,1090.66,1109.35,1054.55,1065.02,1063.51,4.14733,1031.09,1039.37,1043.9,1051.25,1086.74,1091.35,1112.27,717.264,1.0
2002,4.387,0.984589,3.32,1.546,0.987766,4.96,1.859,0.980476,4.103,2.706,1.51,4.883,1.908,4.367,0.984589,3.302,1.546,0.987766,4.927,1.859,0.980476,105.935,0.970377,107.032,106.14,0.970377,-9999,-9999,292.067,292.067,0.0,286.12,0.969235,280.972,285.305,0.969235,3.227,0.983333,3.134,3.219,0.983333,99.236,99.191,0.963299,457.149,328.543,0.961358,3.114,3.423,0.848345,0.440952557316,0.864497716895,56.4676871537,0.941095890411,213.090453583,0.953938356164,-9999,-9999,9.98893941789,0.966837899543,42.7220602226,0.908333333333,15.5142603684,0.965924657534,-9999,-9999,376.006,0.983961,4.86,5.307,5.313,5.373,5.313,0.986187,0.986187,0.986187,0.986187,0.986187,26.967,22.369,29.285,29.303,30.894,0.986416,0.988299,0.982763,0.980194,0.974829,-9999,1.0,25.7903,0.965354,-9999,0.116946,18.4333,0.965525,-9999,0.192031,-9999,-9999,22.7041,25.1781,-214.787,-207.584,0.907877,0.902055,2.90137,2.89395,7.63761,8.09551,-214.758,-212.702,0.90879,0.905537,2.89766,2.90028,7.63619,8.09778,-211.459,-210.065,0.909155,0.904722,1.04329,1.3657,-223.689,-217.627,-216.048,-213.706,-205.088,-203.497,-201.701,-222.832,-217.625,-215.751,-212.257,-204.655,-202.504,-201.199,0.931621,0.91113,0.909361,0.915868,0.888813,0.900342,0.897032,0.931107,0.91113,0.935331,0.906336,0.901655,0.897089,0.898174,2.20219,2.24248,0.327716,0.321881,0.882476,0.877123,0.00667519,0.00664588,0.0499751,0.0458143,-1.78403,-1.77296,2.50077,2.51057,0.909665,0.904384,0.0132537,0.0132257,0.0175181,0.0180224,2.20351,2.21868,0.330221,0.328782,0.884325,0.880342,0.00667459,0.00660121,0.049975,0.0458078,-1.78509,-1.78129,2.49979,2.50975,0.910256,0.906952,0.0132453,0.0132787,0.0175118,0.0180613,2.10584,2.15733,2.18317,2.20541,2.23562,2.25638,2.26543,2.11388,2.16975,2.18336,2.21305,2.24796,2.26041,2.26861,0.941146,0.933615,0.907418,0.897284,0.849971,0.876101,0.870785,0.930066,0.90902,0.904689,0.882993,0.877655,0.873792,0.872879,-1.78674,-1.78508,-1.78379,-1.77898,-1.76426,-1.76217,-1.75831,-1.78714,-1.78515,-1.78245,-1.77734,-1.76409,-1.76066,-1.75163,0.911329,0.910772,0.917825,0.925999,0.902559,0.901108,0.897471,0.912225,0.916563,0.909521,0.906098,0.903709,0.899248,0.878769,915.069,912.043,904.023,2.26513,880.102,883.763,890.504,909.213,914.336,918.779,922.1,909.504,895.0,902.015,2.2378,877.761,885.048,888.254,907.301,913.255,915.069,920.686,1125.12,1124.74,1114.09,1.71597,1097.48,1101.39,1104.66,1113.34,1123.53,1127.97,1129.68,1122.2,1109.76,1113.47,1.80698,1096.51,1101.39,1103.82,1112.42,1123.74,1126.44,1130.22,958.704,958.062,941.762,8.65517,852.519,886.764,898.8,958.058,962.732,968.146,982.18,959.854,961.449,926.35,6.79672,853.009,871.612,887.368,942.84,961.643,963.195,975.24,1170.51,1171.75,1163.21,6.16111,1092.38,1120.7,1131.52,1172.15,1178.53,1184.67,1197.78,1167.79,1173.78,1152.49,5.22128,1093.43,1115.83,1124.44,1167.79,1174.51,1181.52,1192.09,672.339,1.0
2003,4.225,0.995491,3.277,1.541,0.998809,4.769,1.717,0.993171,4.052,2.834,1.51,4.746,1.728,4.236,0.995491,3.286,1.544,0.998809,4.782,1.717,0.993171,95.785,0.993493,95.255,95.739,0.993493,-9999,-9999,298.006,298.006,0.0,288.533,0.992352,287.806,288.546,0.992352,2.611,0.995034,2.658,2.613,0.995034,99.218,99.062,0.963071,518.861,481.986,0.985445,3.343,3.585,0.902683,0.471591819569,0.890353881279,50.836073436,0.930821917808,190.375575819,0.98595890411,-9999,-9999,9.30249224133,0.965639269406,42.8558371366,0.934646118721,14.0361674069,0.947888127854,-9999,-9999,377.768,0.994121,4.841,5.105,5.173,5.253,5.109,0.998174,0.998174,0.998174,0.998174,0.998174,24.353,19.443,27.206,27.43,29.273,0.838756,0.838699,0.836587,0.834817,0.831564,-9999,1.0,23.3848,0.987443,31.7512,0.114661,14.7831,0.990811,20.0721,0.182209,1.0,3,22.7836,25.2164,-122.372,-121.999,0.957534,0.95411,2.92551,2.90272,4.7401,4.70165,-122.518,-124.008,0.957534,0.955194,2.9251,2.91976,4.73985,4.71219,-122.667,-121.983,0.958917,0.953629,0.488374,0.48679,-127.019,-126.428,-125.144,-123.304,-120.459,-118.969,-117.75,-126.817,-125.847,-124.432,-122.304,-120.348,-118.45,-117.474,0.975285,0.969521,0.963356,0.961187,0.958562,0.949315,0.951027,0.969235,0.97266,0.955308,0.954281,0.95,0.946176,0.951027,2.13219,2.16358,0.311369,0.303114,0.943758,0.940668,0.00646117,0.00649595,0.0547637,0.0548495,-1.43331,-1.44263,2.33307,2.34799,0.950581,0.946695,0.0134936,0.0133549,0.0161969,0.0159056,2.13078,2.14365,0.311767,0.311335,0.943758,0.941907,0.00646016,0.00646174,0.0547636,0.0548455,-1.43336,-1.44544,2.33293,2.33987,0.950581,0.947917,0.0134917,0.0134619,0.0161954,0.0159955,2.07215,2.08116,2.08463,2.13333,2.17546,2.18993,2.19576,2.07599,2.08417,2.11063,2.14122,2.17778,2.1931,2.21388,0.983043,0.967061,0.975582,0.945249,0.934356,0.933989,0.924269,0.980293,0.966879,0.951894,0.941907,0.932032,0.925454,0.89644,-1.44979,-1.44465,-1.43913,-1.43331,-1.42807,-1.42674,-1.42392,-1.45231,-1.44514,-1.44263,-1.4364,-1.42921,-1.42786,-1.42677,0.932162,0.946967,0.946412,0.950581,0.952396,0.951644,0.964863,0.927445,0.947917,0.946695,0.942314,0.958391,0.954048,0.951644,883.753,883.495,889.157,4.13302,848.851,855.135,871.915,890.854,904.435,914.222,924.119,897.435,892.887,882.371,4.06518,848.362,854.629,857.376,883.382,897.435,914.275,923.989,1007.06,1007.5,1011.14,3.77174,975.301,980.291,995.183,1009.43,1024.74,1034.61,1043.99,1021.93,1015.4,1005.04,3.70427,974.849,979.601,982.22,1004.48,1019.03,1033.38,1041.73,864.152,883.059,881.403,7.82062,816.867,833.593,839.599,865.576,907.516,922.737,980.032,857.99,861.08,875.607,6.84018,813.907,830.868,837.509,857.741,917.987,926.426,946.323,1035.89,1033.69,1035.19,6.52784,983.464,997.562,1001.35,1022.55,1052.83,1064.25,1112.32,1017.55,1017.79,1027.51,5.47044,980.111,992.856,994.411,1016.83,1058.05,1063.78,1077.6,602.765,1.0
2004,4.225,0.998463,3.221,1.471,1.0,4.81,1.708,0.99767,4.263,3.037,1.364,4.943,1.692,4.225,0.998463,3.221,1.471,1.0,4.81,1.709,0.99767,94.496,0.99482,93.133,94.521,0.99482,-9999,-9999,298.293,298.293,0.0,285.636,0.965278,288.137,284.743,0.965278,2.676,0.969205,2.438,2.71,0.969205,98.986,98.803,0.993511,636.068,513.657,0.993909,3.194,3.222,0.977174,0.436578510506,0.871641621129,49.9322049525,0.971140710383,185.684618505,0.99704007286,-9999,-9999,8.40948980349,0.995047814208,45.3476180125,0.997096994536,13.4569021162,0.993681693989,-9999,-9999,379.65,0.99556,5.387,5.061,5.309,5.491,5.198,0.998805,0.998805,0.998805,0.998805,0.998805,28.379,27.512,37.417,40.75,41.733,0.849727,0.82525,0.826047,0.207878,0.205829,-2.27898,0.772769,21.3551,0.993112,28.9953,0.101252,14.1378,0.992885,19.1958,0.178797,1.0,2,22.8169,25.1011,-215.238,-216.152,0.955032,0.953381,3.17368,3.14683,4.1123,3.52082,-215.238,-215.242,0.955032,0.955032,3.17368,3.1737,4.1123,3.54486,-216.323,-216.029,0.956021,0.956082,0.326496,0.252497,-220.064,-219.027,-217.255,-216.594,-215.238,-213.796,-213.443,-219.028,-217.251,-217.223,-216.152,-215.242,-214.092,-213.406,0.971596,0.968522,0.966189,0.961009,0.955032,0.9375,0.950478,0.968522,0.966189,0.959756,0.953381,0.955032,0.948884,0.945241,2.0906,2.08783,0.32143,0.319939,0.951775,0.950399,0.00745806,0.00747052,0.045165,0.0315457,-1.79449,-1.79695,2.54837,2.54813,0.948256,0.947024,0.0144394,0.0142854,0.0161252,0.014989,2.0906,2.09059,0.32143,0.321424,0.951775,0.951775,0.00745806,0.00745831,0.045165,0.0315428,-1.79449,-1.7945,2.54837,2.54837,0.948256,0.948256,0.0144394,0.0144394,0.0161252,0.0151359,2.01361,2.03341,2.05404,2.06979,2.11531,2.1225,2.13362,2.0262,2.05406,2.06308,2.08782,2.1136,2.11536,2.12879,0.977373,0.974223,0.970089,0.958019,0.949071,0.943605,0.937207,0.974982,0.970089,0.962221,0.951138,0.951807,0.94981,0.938659,-1.81366,-1.79958,-1.79853,-1.79449,-1.79021,-1.78522,-1.78019,-1.81424,-1.79928,-1.79847,-1.7945,-1.79109,-1.79021,-1.78522,0.923077,0.939242,0.936903,0.948256,0.953397,0.954064,0.959757,0.923988,0.945928,0.937151,0.948256,0.951182,0.953397,0.954064,834.69,834.69,842.694,2.02886,822.122,832.759,833.704,834.69,856.187,856.848,859.047,856.187,834.69,841.404,2.5384,809.955,823.838,833.202,834.452,856.187,856.848,860.031,1049.93,1049.93,1058.72,1.87594,1040.61,1049.35,1049.9,1051.46,1069.21,1072.34,1074.66,1072.38,1049.93,1057.73,2.28323,1030.02,1043.16,1049.78,1051.71,1069.49,1072.38,1077.15,874.242,866.681,871.957,2.28668,833.333,861.209,866.577,874.242,879.631,888.322,892.135,874.242,866.681,867.857,3.47614,813.229,839.064,865.372,874.242,881.532,888.322,892.135,1110.5,1110.5,1111.66,2.80356,1072.66,1094.55,1102.76,1110.5,1123.19,1127.97,1134.09,1105.37,1110.5,1109.08,3.82238,1058.18,1081.06,1099.1,1112.39,1124.24,1127.97,1139.51,565.943,1.0
2005,4.713,0.996918,3.646,1.491,1.0,5.309,1.791,0.995769,4.647,3.394,1.412,5.317,1.786,4.712,0.996918,3.646,1.491,1.0,5.308,1.788,0.995769,105.276,0.99355,99.916,105.393,0.99355,-9999,-9999,298.685,298.685,0.0,288.775,0.692352,288.587,281.847,0.692352,2.718,0.696575,2.74,2.756,0.696575,99.173,99.027,0.974943,614.606,667.97,0.749715,3.4,3.527,0.966838,0.471150451119,0.909817351598,54.4758748247,0.955365296804,203.928042289,0.989783105023,-9999,-9999,8.08227881756,0.976141552511,45.1037315314,0.984417808219,13.2721592663,0.975570776256,-9999,-9999,379.998,0.996575,5.898,5.646,5.732,5.828,5.516,0.997432,0.997432,0.997432,0.997374,0.997374,23.01,25.844,36.52,37.527,39.128,0.997546,0.997546,0.997489,0.997546,0.997546,0.591443,0.996747,20.9921,0.772203,28.5024,0.0749438,18.2984,0.978767,24.8449,0.188395,0.543436,1,12.8904,13.1562,-145.151,-141.841,0.76758,0.764098,2.60726,2.58761,6.71969,7.34496,-145.151,-144.721,0.76758,0.766495,2.60726,2.6021,6.71969,7.35008,-145.787,-143.739,0.765562,0.764341,1.10799,1.07499,-159.148,-152.844,-151.141,-147.752,-140.776,-140.457,-135.706,-152.277,-151.279,-149.929,-144.981,-139.879,-137.531,-131.298,0.769749,0.769863,0.769463,0.767865,0.763014,0.763756,0.75782,0.769349,0.769463,0.769292,0.76758,0.761701,0.758333,0.752626,2.27019,2.29229,0.282051,0.254763,0.7745,0.767375,0.00714292,0.00704944,0.041508,0.0490704,-1.61838,-1.61364,2.54486,2.54611,0.762406,0.760303,0.0116936,0.0116284,0.0140358,0.0137422,2.27019,2.27534,0.282051,0.268952,0.7745,0.771943,0.00714292,0.00708536,0.041508,0.0490755,-1.61838,-1.6193,2.54486,2.54545,0.762406,0.761973,0.0116936,0.0116948,0.0140358,0.0137984,2.1886,2.22973,2.23452,2.26103,2.29504,2.31151,2.33984,2.22973,2.23858,2.24342,2.27297,2.30302,2.33571,2.36983,0.775585,0.775943,0.775943,0.774625,0.767546,0.765417,0.754174,0.775943,0.775943,0.775823,0.771943,0.767094,0.754532,0.746561,-1.62867,-1.6261,-1.62549,-1.61685,-1.6128,-1.61057,-1.60758,-1.62687,-1.62445,-1.62407,-1.61866,-1.61293,-1.6098,-1.60801,0.764694,0.763472,0.7646,0.761973,0.75783,0.759468,0.765322,0.764694,0.765185,0.762919,0.756129,0.761262,0.755617,0.749483,1001.99,994.37,989.782,6.24231,943.752,945.171,948.11,994.37,1018.91,1030.39,1044.06,994.37,945.171,982.53,5.74009,943.752,945.81,948.11,968.645,1018.18,1019.96,1036.69,1144.42,1139.09,1133.52,5.27919,1090.81,1093.68,1095.69,1139.09,1158.79,1167.92,1176.84,1138.6,1090.32,1128.32,4.77462,1090.32,1095.86,1096.39,1116.88,1158.4,1160.43,1167.96,1008.27,1004.52,992.711,4.47592,942.522,966.016,980.801,983.604,1004.52,1019.14,1029.54,991.709,1008.27,985.674,3.37735,942.522,963.942,979.957,983.604,1001.04,1005.99,1019.14,1128.76,1131.46,1124.49,2.44259,1103.45,1115.75,1116.95,1121.13,1130.35,1131.46,1133.43,1121.35,1130.35,1118.73,1.83568,1092.46,1103.45,1115.75,1120.83,1128.71,1130.35,1131.46,608.305,1.0
2006,4.983,1.0,3.834,1.497,1.0,5.61,1.849,1.0,4.968,3.629,1.392,5.659,1.864,4.983,1.0,3.834,1.497,1.0,5.61,1.849,1.0,112.606,0.993893,103.305,112.463,0.993893,-9999,-9999,301.285,301.285,0.0,287.84,0.993721,291.58,287.763,0.993721,3.461,0.999201,3.269,3.461,0.999201,99.189,99.095,0.989212,558.862,504.481,0.996119,3.307,3.522,0.941096,0.469774934861,0.860730593607,58.1650026746,0.970091324201,210.000608761,0.995433789954,-9999,-9999,9.65081520545,0.990410958904,43.5297190189,0.951084474886,14.9127344794,0.989611872146,-9999,-9999,380.77,1.0,5.803,5.553,5.431,5.461,5.175,1.0,1.0,1.0,1.0,1.0,17.569,21.955,31.069,32.249,34.225,1.0,1.0,1.0,0.999886,0.999886,0.823211,0.999486,21.9687,0.964897,28.0906,0.103617,22.4951,0.982991,28.7638,0.211634,0.762785,1,22.7836,25.2164,-187.241,-171.68,0.940696,0.925628,3.16325,3.18602,17.8983,18.3832,-187.241,-178.149,0.940696,0.933162,3.16325,3.1842,17.8983,18.3829,-183.477,-174.596,0.93593,0.924939,2.36146,2.42178,-200.913,-198.116,-194.606,-189.805,-175.186,-162.883,-157.472,-196.042,-193.682,-189.804,-178.149,-162.703,-157.472,-152.544,0.95508,0.950571,0.947831,0.944521,0.928995,0.917637,0.902911,0.948916,0.94726,0.944521,0.933162,0.913813,0.902911,0.894863,2.04544,2.13596,0.362615,0.354156,0.933802,0.915645,0.00760217,0.00780013,0.102231,0.0907195,-1.63804,-1.61119,2.41232,2.43984,0.937683,0.923306,0.0143366,0.0143508,0.0292254,0.0363247,2.04544,2.09558,0.362615,0.360352,0.933802,0.930006,0.00760217,0.00779778,0.102231,0.0907193,-1.63804,-1.6236,2.41232,2.42745,0.937683,0.928071,0.0143366,0.0143689,0.0292254,0.0363318,1.95742,1.98479,2.00199,2.03623,2.12188,2.18869,2.19483,2.0014,2.01531,2.03622,2.09558,2.18892,2.19608,2.20534,0.959734,0.952128,0.949819,0.949904,0.920438,0.906219,0.867425,0.950644,0.949049,0.949904,0.930006,0.88006,0.862384,0.866659,-1.65781,-1.65402,-1.65059,-1.63949,-1.61798,-1.60309,-1.58379,-1.65402,-1.65053,-1.63949,-1.6236,-1.60208,-1.58379,-1.56945,0.948508,0.94421,0.941542,0.939181,0.925187,0.917379,0.905609,0.94421,0.942723,0.939181,0.928071,0.912672,0.905609,0.897018,877.407,857.549,866.873,6.38682,811.267,812.221,829.413,857.549,894.018,904.797,930.589,849.24,842.302,843.207,6.38777,788.695,806.646,812.221,829.413,874.266,894.018,911.856,1052.59,1035.7,1041.47,4.11515,1002.02,1007.31,1020.1,1035.7,1056.89,1066.98,1083.14,1033.36,1029.54,1026.68,4.11037,989.608,1002.03,1004.93,1020.1,1045.95,1056.9,1066.98,823.759,823.759,828.484,6.19598,782.924,786.978,801.923,823.054,843.309,855.744,904.387,786.978,795.893,812.969,5.62003,775.031,782.924,786.978,807.269,823.759,843.309,897.145,1067.4,1044.78,1048.63,4.06506,1015.11,1016.94,1028.63,1044.78,1065.9,1069.01,1102.14,1016.94,1023.41,1036.67,3.94556,1007.69,1015.11,1016.94,1034.43,1048.74,1065.9,1081.54,548.918,1.0
2007,4.905,0.999543,3.835,1.416,1.0,5.536,1.687,0.999157,4.939,3.698,1.354,5.655,1.687,4.905,0.999543,3.835,1.416,1.0,5.535,1.688,0.999157,100.372,0.999658,96.068,100.384,0.999658,-9999,-9999,302.693,302.693,0.0,292.28,0.999543,293.2,292.268,0.999543,2.714,0.999543,2.701,2.714,0.999543,98.892,98.812,0.992123,600.478,537.785,0.994692,3.395,3.479,0.983048,0.488158893442,0.873059360731,53.6101374515,0.973515981735,192.920505139,0.998915525114,-9999,-9999,7.09581066635,0.993607305936,45.7805250445,0.989783105023,12.4778966403,0.99252283105,-9999,-9999,388.085,0.999543,5.869,5.758,5.76,5.853,5.612,1.0,1.0,1.0,1.0,1.0,20.493,25.828,35.02,37.172,38.944,1.0,0.999943,0.999943,0.999772,0.999772,0.0577475,0.998973,27.0192,0.994178,33.6997,0.129261,15.6777,0.994463,19.554,0.202663,0.795263,1,22.7836,25.2164,-245.701,-243.084,0.98379,0.974429,3.32068,3.27237,4.22131,5.16516,-245.701,-240.524,0.98379,0.977283,3.32068,3.28179,4.22131,5.17114,-243.065,-240.901,0.981952,0.974189,0.457584,0.530322,-246.532,-245.73,-245.417,-243.079,-242.075,-240.517,-238.034,-245.729,-244.845,-243.093,-241.809,-238.471,-236.852,-234.742,0.991381,0.985674,0.990068,0.974429,0.987557,0.977283,0.966895,0.985674,0.986701,0.974429,0.978311,0.965183,0.963527,0.962443,2.15486,2.18209,0.408682,0.363524,0.983567,0.970657,0.00807849,0.00814296,0.0268933,0.0270847,-1.96211,-1.95994,2.68567,2.69317,0.984396,0.973922,0.0150073,0.0147079,0.0157423,0.0152729,2.15486,2.19173,0.408682,0.375614,0.983567,0.974197,0.00807849,0.00812502,0.0268933,0.0270793,-1.96211,-1.95267,2.68567,2.69676,0.984396,0.975629,0.0150073,0.0147689,0.0157423,0.0153316,2.12178,2.14044,2.14125,2.14659,2.18211,2.19175,2.20613,2.1427,2.15486,2.16736,2.1829,2.20018,2.20652,2.21444,0.991859,0.990444,0.989818,0.989818,0.970657,0.974197,0.966018,0.986778,0.983567,0.975945,0.973094,0.966294,0.964807,0.963241,-1.96211,-1.95993,-1.95883,-1.95681,-1.95206,-1.95043,-1.94649,-1.96089,-1.95994,-1.95982,-1.95681,-1.95212,-1.95171,-1.94409,0.984396,0.973922,0.984939,0.977721,0.965703,0.989947,0.987417,0.981366,0.973922,0.983872,0.977721,0.97177,0.986693,0.951874,939.712,940.477,932.179,4.26088,884.086,908.639,912.187,929.648,939.712,962.578,976.379,912.187,910.234,907.551,4.61758,873.947,883.248,883.783,903.781,928.469,936.176,940.477,1182.81,1181.0,1173.08,3.82288,1128.09,1153.53,1156.2,1171.46,1182.8,1199.42,1211.12,1156.2,1155.93,1150.62,4.27884,1120.48,1125.86,1126.84,1149.51,1168.0,1174.63,1182.79,832.994,832.994,848.702,4.16989,802.275,824.584,826.666,846.045,867.09,876.398,888.873,803.06,827.876,824.39,4.32901,795.835,799.887,800.695,824.189,843.617,851.302,874.461,1120.03,1119.23,1123.59,2.76009,1095.26,1110.5,1114.51,1119.23,1138.25,1144.79,1152.81,1097.87,1116.09,1104.54,3.313,1073.69,1082.77,1087.2,1100.63,1116.86,1119.18,1142.57,575.067,1.0
2008,5.111,0.996414,4.122,1.274,0.999829,5.621,1.54,0.992264,5.17,4.036,1.217,5.752,1.584,5.106,0.996414,4.121,1.276,0.999829,5.614,1.54,0.992264,85.482,0.996869,92.07,85.595,0.996869,-9999,-9999,304.951,304.951,0.0,296.934,0.995959,295.799,296.862,0.995959,2.398,0.996243,2.428,2.398,0.996243,98.922,98.862,0.975524,765.799,893.652,0.992145,3.408,3.475,0.974442,0.475524946476,0.922188069217,52.1523999852,0.959756375228,180.97980785,0.987989526412,-9999,-9999,7.93681252493,0.976719034608,43.3514270906,0.949282786885,11.1554649249,0.983094262295,-9999,-9999,388.461,0.996414,5.561,5.548,5.536,5.676,5.438,0.99704,0.99704,0.99704,0.99704,0.99704,29.028,30.336,39.509,41.337,43.182,0.999829,0.999943,0.999943,0.99778,0.997837,0.0624627,0.996983,26.109,0.996414,35.4779,0.12397,12.1802,0.996357,16.5509,0.194604,0.921847,1,22.8169,25.1831,-217.124,-216.98,0.985656,0.968636,3.22573,3.19377,5.75893,5.60207,-217.124,-215.646,0.985656,0.975524,3.22573,3.20759,5.75893,5.60996,-218.354,-215.473,0.98004,0.973016,0.824632,0.695661,-228.357,-223.878,-220.551,-217.274,-215.817,-214.337,-210.908,-221.334,-220.385,-217.277,-216.533,-214.344,-211.18,-207.367,0.993966,0.993112,0.987876,0.986794,0.98076,0.963172,0.957138,0.991974,0.989697,0.986794,0.979736,0.963172,0.95765,0.933402,2.02564,2.03999,0.375238,0.366365,0.985783,0.95152,0.00781007,0.00784033,0.0349985,0.0288599,-1.78419,-1.78814,2.55609,2.57641,0.981143,0.97381,0.0145596,0.0143681,0.0162422,0.0171499,2.02564,2.04472,0.375237,0.36401,0.985783,0.965697,0.00781005,0.00787173,0.0349985,0.0288685,-1.78419,-1.78704,2.55609,2.57598,0.981143,0.976051,0.0145596,0.0144314,0.0162422,0.017203,1.96062,1.98765,2.00742,2.02656,2.0441,2.05588,2.0703,2.00064,2.00984,2.02564,2.03999,2.05587,2.06539,2.09124,0.998145,0.997023,0.995409,0.988852,0.946889,0.943695,0.937869,0.99593,0.989945,0.985783,0.95152,0.943695,0.940146,0.904239,-1.80379,-1.79859,-1.79479,-1.78814,-1.78539,-1.78419,-1.77307,-1.79489,-1.79231,-1.78893,-1.78704,-1.78419,-1.77358,-1.76074,0.989569,0.98782,0.986153,0.97381,0.979258,0.981143,0.963286,0.984184,0.982987,0.977993,0.976051,0.981143,0.964039,0.959484,846.714,846.714,842.591,2.57984,804.088,829.355,830.72,845.471,855.466,856.398,869.12,829.355,840.914,831.98,3.46664,794.611,799.929,824.225,833.149,846.714,855.466,861.597,1062.36,1062.36,1058.06,2.06515,1025.42,1045.17,1047.25,1061.88,1066.1,1067.57,1075.94,1045.17,1058.04,1050.33,2.74531,1022.72,1025.41,1044.58,1050.95,1062.45,1066.09,1075.93,833.914,810.09,825.158,5.63735,766.436,802.211,808.22,824.416,845.167,852.819,865.16,810.453,811.698,806.768,5.07566,760.521,766.436,772.767,810.09,826.344,845.167,855.524,1073.5,1073.5,1076.26,3.51283,1040.77,1062.36,1063.1,1074.01,1085.41,1090.24,1099.9,1062.36,1065.47,1063.19,3.48653,1029.29,1038.11,1040.77,1063.1,1078.54,1085.41,1098.93,557.054,1.0
2009,4.044,1.0,2.924,1.384,1.0,4.67,1.745,1.0,4.198,2.923,1.334,4.904,1.742,4.044,1.0,2.924,1.384,1.0,4.67,1.745,1.0,95.026,0.99863,98.112,94.97,0.99863,-9999,-9999,298.387,294.773,0.228482,287.479,0.998516,288.245,287.454,0.998516,2.726,0.999886,2.693,2.726,0.999886,99.184,99.137,0.991438,494.024,573.071,0.992751,3.143,3.128,0.978482,0.464638800836,0.846404109589,55.9161166895,0.961929223744,199.547270937,0.99703196347,-9999,-9999,6.77873174105,0.885388127854,44.7961115572,0.98904109589,12.7716898264,0.988698630137,-9999,-9999,392.572,1.0,5.136,5.132,5.057,5.226,4.99,1.0,1.0,1.0,1.0,1.0,21.085,22.487,30.478,31.704,33.903,1.0,0.999943,0.999943,0.999886,0.999829,-0.466633,0.997546,28.191,0.990753,32.2262,0.130552,20.2452,0.990183,23.1431,0.199306,0.825856,1,22.7808,25.2192,-290.861,-284.964,0.979852,0.971689,3.37193,3.38091,13.2472,13.2912,-292.168,-287.951,0.980251,0.975856,3.37568,3.36491,13.2482,13.2872,-288.208,-286.156,0.974786,0.973476,2.01815,1.84276,-305.899,-299.018,-297.726,-293.156,-278.815,-273.396,-263.728,-301.551,-297.745,-296.305,-288.133,-278.095,-272.037,-264.573,0.986644,0.986301,0.986073,0.980251,0.968436,0.962272,0.959989,0.986416,0.986073,0.981678,0.975685,0.968265,0.963356,0.960103,2.21884,2.26082,0.370957,0.364691,0.981629,0.965892,0.00744963,0.0073218,0.0881056,0.0877658,-2.09491,-2.08663,2.82211,2.83599,0.980425,0.974802,0.0155503,0.015648,0.0230281,0.0248524,2.21394,2.244,0.37036,0.360258,0.982194,0.97635,0.00744046,0.00733132,0.0881048,0.0877666,-2.09787,-2.09315,2.81988,2.82722,0.980721,0.977364,0.0155744,0.0155578,0.0230444,0.0247957,2.12569,2.16286,2.1713,2.21009,2.3085,2.33844,2.38237,2.15168,2.17095,2.18672,2.24148,2.3175,2.34587,2.37711,0.987837,0.987371,0.982694,0.982194,0.962788,0.957792,0.954443,0.987371,0.982694,0.982389,0.980248,0.961369,0.957792,0.954717,-2.11646,-2.10713,-2.10516,-2.10126,-2.08161,-2.07316,-2.04968,-2.11086,-2.10507,-2.10355,-2.09312,-2.08014,-2.06645,-2.05043,0.985224,0.983093,0.982518,0.980721,0.971285,0.965213,0.962532,0.985148,0.982518,0.982746,0.977294,0.971908,0.965051,0.962604,953.445,949.932,956.08,6.33643,902.651,911.571,921.223,942.864,988.198,1006.71,1019.13,945.209,937.836,946.369,6.56216,878.911,904.925,911.54,941.499,971.744,987.528,1017.57,1240.11,1237.88,1242.24,4.55352,1204.2,1208.6,1217.24,1235.36,1268.35,1277.5,1288.62,1233.96,1230.0,1234.58,4.74904,1185.75,1203.94,1209.5,1231.41,1251.71,1266.34,1287.52,889.545,921.448,893.481,4.28028,835.61,855.462,880.931,894.912,904.886,926.337,933.915,900.244,892.476,894.827,4.18467,830.234,861.642,889.169,898.552,904.757,911.283,932.052,1240.04,1235.45,1217.7,2.49206,1191.86,1205.88,1212.25,1216.24,1220.53,1237.54,1240.04,1219.36,1214.72,1216.66,2.19133,1188.46,1205.48,1212.31,1215.0,1222.49,1232.86,1238.67,672.513,1.0
2010,2.736,0.997546,1.628,1.562,1.0,3.367,1.74,0.995162,3.041,1.827,1.369,3.709,1.683,2.735,0.997546,1.628,1.562,1.0,3.369,1.743,0.995162,94.353,0.997717,95.129,94.397,0.997717,295.234,0.994977,298.603,295.23,0.994977,279.673,0.723801,288.494,290.901,0.723801,3.118,0.723801,2.79,3.036,0.723801,99.198,99.185,0.963413,544.187,717.401,0.987842,3.138,3.109,0.846347,0.46120357829,0.751084474886,57.4511712941,0.95,194.893458766,0.990924657534,97.7605099414,0.991837899543,8.97438690375,0.956792237443,-9999,-9999,14.310584632,0.96147260274,330.306892183,0.91997716895,394.337,0.949486,5.389,5.376,5.234,5.335,5.103,0.997774,0.997774,0.997774,0.997774,0.997774,20.99,21.443,32.476,34.24,36.479,0.99863,0.99863,0.998573,0.998288,0.998288,0.134781,0.997203,30.4488,0.960445,32.3759,0.170617,22.2528,0.959475,23.6612,0.211234,0.775571,1,15.2603,21.5397,-212.8,-212.333,0.885274,0.884989,4.21024,4.18903,6.11629,6.17142,-213.883,-211.696,0.885331,0.88613,4.20493,4.18055,6.11263,6.16566,-212.506,-212.827,0.884152,0.884652,0.691685,0.653774,-219.579,-217.976,-215.913,-212.223,-210.046,-209.103,-204.2,-219.294,-218.152,-216.688,-212.397,-210.863,-209.088,-205.715,0.890468,0.893208,0.893094,0.884817,0.8629,0.884075,0.826655,0.890183,0.898916,0.896747,0.885274,0.886815,0.883105,0.878082,2.32645,2.33587,0.363484,0.358177,0.88201,0.883223,0.011022,0.0110329,0.0442909,0.0410834,-1.82243,-1.82184,2.714,2.72406,0.876975,0.875871,0.0173109,0.0172052,0.0196295,0.02026,2.31648,2.3188,0.363363,0.367022,0.88201,0.882623,0.0109065,0.0107503,0.0442623,0.0410084,-1.82322,-1.81704,2.71432,2.71383,0.877047,0.877512,0.0173214,0.0172621,0.0196387,0.0203083,2.24103,2.27585,2.2836,2.32645,2.35585,2.36165,2.38401,2.25289,2.28074,2.28553,2.32245,2.35162,2.35989,2.37752,0.903282,0.885762,0.883195,0.88201,0.856794,0.878171,0.872182,0.899214,0.886287,0.883195,0.879173,0.882496,0.861224,0.87421,-1.83913,-1.83239,-1.82596,-1.82107,-1.816,-1.81388,-1.80529,-1.83926,-1.83471,-1.82921,-1.82223,-1.81769,-1.81332,-1.80664,0.885699,0.881083,0.875571,0.878134,0.862648,0.872455,0.868403,0.885699,0.886537,0.881011,0.877282,0.877584,0.861597,0.86912,910.997,913.812,909.639,1.70966,893.132,899.595,901.725,909.555,914.484,915.925,931.186,915.157,920.896,908.46,1.62343,890.447,894.101,901.38,910.4,914.282,915.303,928.997,1124.75,1125.51,1122.47,1.50655,1102.39,1114.8,1119.18,1120.93,1125.76,1127.11,1141.35,1127.62,1134.78,1120.97,1.4071,1103.11,1111.0,1116.23,1121.39,1125.05,1125.91,1140.16,1014.58,1013.22,1004.71,5.00434,938.322,973.438,989.409,1012.24,1019.82,1025.45,1034.99,1014.5,1008.78,1001.35,5.79747,902.907,963.684,984.388,1012.22,1020.32,1026.1,1039.37,1266.67,1268.43,1266.93,3.49186,1214.5,1259.05,1261.36,1268.66,1278.69,1287.19,1289.05,1268.89,1268.09,1265.72,4.58691,1197.91,1232.02,1259.32,1268.3,1283.93,1286.7,1293.42,727.819,1.0
2011,5.319,1.0,4.303,1.396,1.0,5.856,1.747,1.0,5.216,3.968,1.368,5.909,1.705,5.319,1.0,4.303,1.396,1.0,5.856,1.747,1.0,95.795,0.999543,94.965,95.795,0.999543,303.992,0.89492,305.066,306.194,0.89492,262.087,0.507763,295.932,296.531,0.507763,4.428,0.507763,2.68,2.74,0.507763,99.029,99.058,0.973459,700.724,773.212,0.99532,3.358,3.397,0.96621,0.491175020174,0.871461187215,74.1320453354,0.686015981735,193.070430921,0.998744292237,97.2864620086,0.999600456621,-9999,-9999,-9999,-9999,18.7401291607,0.694121004566,344.74515774,0.872089041096,395.518,0.999315,6.312,6.032,5.923,5.942,5.633,1.0,1.0,1.0,1.0,1.0,25.809,24.67,35.814,36.689,38.131,0.999772,0.999772,0.999772,0.999772,0.999772,0.261654,0.999772,26.176,0.999372,30.1705,0.195718,16.2642,0.999258,18.7461,0.254635,0.596632,1,12.2411,12.4137,-270.892,-269.583,0.989555,0.989726,5.88296,5.90482,6.78796,6.70457,-270.068,-269.987,0.989726,0.990582,5.91479,5.87082,6.81557,6.67464,-270.603,-269.873,0.98417,0.986922,0.612652,0.443917,-278.787,-273.648,-272.66,-269.681,-268.608,-266.876,-266.407,-274.158,-273.142,-271.219,-269.589,-267.993,-266.791,-266.192,0.964155,0.993836,0.988527,0.985274,0.98984,0.991438,0.992123,0.988242,0.993208,0.989041,0.990468,0.992123,0.99161,0.991438,2.41552,2.41784,0.354779,0.35768,0.987466,0.987466,0.0130918,0.012873,0.0374218,0.0320175,-2.17556,-2.17223,3.0241,3.02782,0.987361,0.987599,0.0280332,0.0282429,0.0324,0.0322753,2.41737,2.39652,0.356274,0.371168,0.987466,0.9875,0.0129412,0.0129548,0.0373694,0.0320505,-2.17304,-2.16456,3.02896,3.02146,0.987599,0.988681,0.0282674,0.0280009,0.0326029,0.0320638,2.34312,2.38354,2.39489,2.40547,2.42636,2.45366,2.46378,2.34058,2.38176,2.39363,2.40129,2.41975,2.44039,2.45272,0.989457,0.988208,0.98769,0.988441,0.927639,0.978077,0.965409,0.989849,0.988465,0.98769,0.98739,0.98701,0.980132,0.978077,-2.20104,-2.18896,-2.18637,-2.17488,-2.15992,-2.15647,-2.15414,-2.20366,-2.18629,-2.18135,-2.16595,-2.1569,-2.15504,-2.15325,0.972152,0.984373,0.985136,0.98656,0.991586,0.990272,0.990301,0.969119,0.985853,0.98657,0.989815,0.990449,0.990216,0.990301,1004.54,1006.29,1002.15,3.69823,953.381,972.079,985.389,1004.54,1018.08,1025.48,1030.02,1025.47,1019.71,1005.83,3.72292,965.295,971.893,991.919,1008.51,1020.17,1028.61,1043.87,1274.91,1276.28,1272.03,3.69198,1226.52,1240.07,1253.28,1276.09,1288.9,1294.87,1300.01,1295.64,1289.77,1276.43,3.61749,1236.2,1240.88,1260.62,1277.63,1289.82,1299.4,1311.55,1120.15,1104.12,1105.67,4.31843,1042.11,1080.69,1091.81,1105.93,1121.51,1132.45,1140.74,1091.27,1096.82,1086.21,4.5642,1025.18,1059.59,1069.23,1081.93,1093.13,1111.07,1147.0,1369.86,1351.22,1356.53,3.82866,1301.94,1331.01,1338.41,1359.48,1374.23,1379.11,1385.17,1363.07,1367.81,1357.98,3.98085,1302.16,1330.32,1342.27,1359.02,1372.82,1380.18,1397.21,767.585,1.0
2012,3.302,0.998748,2.354,1.324,1.0,3.83,1.542,0.998349,3.489,2.396,1.266,4.078,1.514,3.301,0.998748,2.354,1.324,1.0,3.828,1.544,0.998349,91.07,0.998748,87.938,91.033,0.998748,307.176,0.48799,301.629,303.116,0.48799,284.583,0.997552,291.976,284.565,0.997552,2.088,0.997666,2.269,2.086,0.997666,99.065,99.087,0.980988,705.997,920.194,0.993169,3.362,3.267,0.968978,0.482914527837,0.811646174863,-9999,-9999,183.846282279,0.996413934426,100.073028427,0.997096994536,7.91248139368,0.532160746812,-9999,-9999,-9999,-9999,-9999,-9999,398.961,0.962318,5.648,5.526,5.597,5.751,5.544,0.998975,0.998975,0.998975,0.998975,0.998975,35.606,26.161,35.809,38.099,38.122,0.998122,0.998122,0.998122,0.998122,0.998122,-1.05125,0.998349,25.4873,0.98133,29.3767,0.125733,13.9464,0.984631,16.0746,0.185568,1.0,2,22.776,25.0874,-247.783,-246.18,0.923156,0.922017,3.45654,3.43,4.33819,4.54207,-247.603,-247.501,0.923383,0.923725,3.46702,3.4635,4.34655,4.56742,-247.049,-247.496,0.923504,0.924212,0.522654,0.539044,-254.155,-249.863,-248.729,-246.606,-245.451,-244.62,-241.982,-255.887,-250.879,-249.202,-246.861,-245.347,-244.924,-242.625,0.93158,0.931068,0.929986,0.922074,0.919342,0.917634,0.913764,0.932491,0.930726,0.930157,0.921903,0.919627,0.918716,0.902038,2.37063,2.38392,0.407905,0.402279,0.92869,0.9282,0.0080005,0.00791035,0.0486958,0.0487429,-2.00328,-2.00394,2.89501,2.90517,0.917776,0.915422,0.0157708,0.0156686,0.0204941,0.0202256,2.37308,2.37202,0.409588,0.409211,0.928375,0.929216,0.00801885,0.00801145,0.0486988,0.0487594,-2.00347,-2.0022,2.8876,2.88737,0.918514,0.918774,0.0158211,0.0158022,0.0205328,0.0203294,2.2711,2.32826,2.3452,2.37303,2.41607,2.42432,2.45049,2.25764,2.32516,2.34373,2.37166,2.39978,2.42136,2.44229,0.938395,0.939098,0.939098,0.93172,0.926299,0.925401,0.923939,0.938395,0.939579,0.939098,0.928334,0.928159,0.924822,0.921757,-2.01965,-2.01578,-2.0128,-2.00328,-1.99268,-1.9896,-1.98831,-2.01724,-2.01607,-2.0127,-2.00072,-1.99233,-1.99049,-1.98802,0.911701,0.889078,0.911912,0.917776,0.92147,0.922582,0.924976,0.913026,0.91038,0.915602,0.918774,0.926238,0.92147,0.924976,939.734,938.356,939.171,3.58938,899.184,911.246,921.311,939.273,956.369,960.248,973.435,943.548,939.964,941.344,3.58011,899.867,915.274,922.255,939.273,957.521,963.908,972.77,1187.31,1185.86,1186.67,3.12904,1153.47,1159.45,1170.86,1184.39,1201.67,1207.72,1216.51,1190.15,1187.57,1188.39,3.13079,1153.22,1165.14,1171.48,1186.54,1203.31,1205.89,1217.01,942.845,913.814,942.026,2.82798,909.372,924.147,931.131,941.637,950.605,955.962,975.973,929.459,917.0,945.131,3.74809,911.36,924.417,932.024,938.235,955.623,960.483,979.927,1215.62,1213.11,1234.85,3.74791,1187.81,1211.36,1223.72,1231.08,1251.75,1254.98,1264.67,1221.54,1214.08,1237.01,3.89077,1201.76,1213.6,1222.96,1230.84,1252.79,1258.99,1267.94,772.964,1.0
2013,5.088,0.999772,4.026,1.477,1.0,5.689,1.782,0.999635,5.176,3.882,1.376,5.898,1.757,5.088,0.999772,4.026,1.477,1.0,5.69,1.782,0.999635,98.905,0.999886,97.869,98.907,0.999886,304.388,0.96855,303.161,304.591,0.96855,-9999,-9999,293.738,295.492,0.765468,-9999,-9999,2.67,2.984,0.765468,99.111,99.119,0.988699,612.415,627.047,0.995947,3.327,3.495,0.985046,0.486350836313,0.888926940639,-9999,-9999,195.755704121,0.997888127854,54.2401027778,0.616438356164,9.02672549999,0.512271689498,-9999,-9999,-9999,-9999,343.698289195,0.913070776256,400.137,0.999715,6.084,5.921,5.914,5.984,5.714,0.999829,0.999829,0.999829,0.999829,0.999829,29.87,20.1,27.437,32.111,33.788,0.999772,0.999772,0.999772,0.999772,0.999772,-0.304041,0.999315,27.0534,0.99903,31.1818,0.156778,17.4393,0.998687,20.1005,0.216453,1.0,3,14.8027,21.811,-248.427,-249.0,0.990468,0.99024,4.21431,4.20315,8.22928,8.41214,-242.648,-242.865,0.990011,0.990811,4.23595,4.22952,8.24038,8.42535,-247.317,-248.446,0.988607,0.989715,1.00895,1.09639,-260.072,-255.487,-251.983,-245.969,-242.929,-241.351,-238.743,-262.289,-256.275,-255.284,-247.152,-243.514,-241.701,-239.085,0.993436,0.992009,0.99161,0.990411,0.966324,0.990753,0.984646,0.994121,0.991781,0.990696,0.991667,0.990925,0.98516,0.981678,2.39947,2.39458,0.37217,0.367274,0.990237,0.989915,0.0106608,0.0105253,0.0478932,0.0518623,-2.03055,-2.03135,2.94661,2.9468,0.990217,0.990073,0.0172549,0.0172362,0.0198938,0.0180402,2.43982,2.43298,0.408184,0.41396,0.989215,0.990572,0.0105986,0.0106241,0.0478794,0.0518824,-2.02458,-2.02301,2.95156,2.95072,0.990046,0.990165,0.0173408,0.0173232,0.0199684,0.0181234,2.30834,2.34383,2.37625,2.41297,2.43012,2.43721,2.44312,2.29606,2.33234,2.33962,2.4071,2.42761,2.43391,2.44103,0.991107,0.989886,0.993181,0.99199,0.990428,0.990467,0.980628,0.991448,0.986964,0.989886,0.992986,0.987976,0.980628,0.989078,-2.03583,-2.0319,-2.03045,-2.02768,-2.02123,-2.01209,-2.0063,-2.03559,-2.03188,-2.03096,-2.02777,-2.023,-2.02123,-2.0083,0.994036,0.992339,0.990284,0.988883,0.990227,0.985224,0.984139,0.994328,0.991466,0.990284,0.990214,0.988178,0.990227,0.983458,983.51,982.968,968.116,3.50306,928.345,939.86,944.353,979.579,982.744,986.359,988.625,983.647,983.713,973.443,3.14243,929.988,945.453,961.86,981.101,983.647,987.483,992.955,1224.85,1225.83,1216.56,2.53262,1188.95,1196.6,1200.09,1221.48,1228.46,1229.86,1233.66,1231.26,1226.36,1220.76,2.30314,1190.06,1198.28,1213.84,1224.84,1229.15,1232.61,1235.95,1071.11,1069.22,1063.49,4.17406,1007.16,1040.05,1045.77,1064.94,1076.17,1087.44,1102.8,1077.67,1064.56,1071.6,4.54319,1024.01,1042.11,1045.9,1068.64,1089.33,1092.36,1118.65,1314.18,1309.81,1308.88,4.18739,1257.15,1282.84,1290.55,1310.08,1324.59,1336.92,1343.18,1317.79,1305.91,1316.86,4.41901,1273.47,1286.2,1292.06,1314.18,1336.63,1338.29,1351.12,832.098,1.0
2014,5.315,0.977968,3.957,1.284,0.978452,6.025,1.776,0.977255,5.412,4.235,1.223,6.048,1.622,5.215,0.977968,3.863,1.294,0.978452,5.917,1.788,0.977255,95.07,0.999258,94.786,95.101,0.999258,306.113,0.999943,306.719,306.112,0.999943,-9999,-9999,297.834,297.834,0.0,-9999,-9999,2.796,2.796,0.0,99.338,99.345,0.972032,581.125,638.0,0.973459,3.195,3.292,0.761073,0.464385189003,0.871461187215,-9999,-9999,194.247008902,0.991552511416,119.602495537,0.782020547945,6.57493951968,0.554452054795,-9999,-9999,-9999,-9999,342.521008423,0.981335616438,403.032,0.999429,5.746,6.028,5.62,5.729,5.52,1.0,1.0,1.0,1.0,1.0,26.433,18.113,25.761,33.507,34.46,1.0,0.999943,1.0,0.999943,0.999943,-0.212121,1.0,27.7523,0.998744,-9999,-9999,17.9115,0.998687,-9999,-9999,-9999,-9999,0.0,0.0,-261.814,-263.13,0.974372,0.974201,-9999,-9999,-9999,-9999,-262.419,-262.707,0.974372,0.974372,-9999,-9999,-9999,-9999,-263.844,-263.965,0.972701,0.973654,0.55849,0.484017,-268.671,-267.724,-267.047,-263.603,-261.814,-260.557,-259.805,-269.086,-267.722,-266.773,-263.459,-261.825,-261.395,-260.164,0.974543,0.974715,0.9746,0.973858,0.974372,0.973573,0.974201,0.9746,0.974715,0.9746,0.973858,0.974372,0.973687,0.974201,2.24075,2.2213,0.303026,0.289521,0.978543,0.978543,-9999,-9999,-9999,-9999,-2.07177,-2.06644,2.87026,2.86634,0.965799,0.965542,-9999,-9999,-9999,-9999,2.23743,2.23498,0.304512,0.305185,0.978543,0.978543,-9999,-9999,-9999,-9999,-2.07229,-2.07239,2.86691,2.86637,0.965799,0.965799,-9999,-9999,-9999,-9999,2.19599,2.20411,2.21046,2.22982,2.24013,2.24547,2.24962,2.19492,2.20402,2.21046,2.2287,2.23576,2.24013,2.24937,0.978543,0.978543,0.978543,0.978543,0.978543,0.963383,0.978543,0.978543,0.978543,0.978543,0.978543,0.978543,0.978543,0.978543,-2.09512,-2.09007,-2.08651,-2.07239,-2.06309,-2.05714,-2.0469,-2.09526,-2.08966,-2.08543,-2.0722,-2.06262,-2.05706,-2.0469,0.966347,0.966347,0.966181,0.965799,0.965145,0.964805,0.964368,0.966347,0.966181,0.966029,0.965799,0.965542,0.964805,0.964368,938.622,933.51,934.293,2.54213,901.263,916.578,922.752,933.931,945.628,950.01,959.457,940.49,933.816,936.275,2.56944,908.678,918.218,922.639,934.374,946.702,952.774,962.225,1200.45,1196.22,1198.26,2.5807,1167.79,1182.22,1185.98,1197.92,1212.44,1215.74,1220.35,1203.79,1196.24,1200.12,2.64277,1167.18,1181.04,1189.1,1201.15,1213.05,1219.64,1222.72,1008.44,1008.46,1010.07,4.36735,968.046,983.649,989.515,1007.82,1023.6,1033.82,1057.94,1023.29,1006.81,1015.29,5.94602,969.319,988.792,994.662,1008.44,1024.69,1033.01,1071.21,1293.91,1296.87,1290.7,3.87116,1257.79,1266.95,1270.58,1289.55,1308.55,1311.42,1316.88,1300.05,1296.79,1294.03,5.58032,1260.04,1266.51,1271.57,1292.06,1308.63,1309.78,1337.49,-9999,-9999
