TIMESTAMP,TA_F_MDS,TA_F_MDS_QC,TA_F_MDS_NIGHT,TA_F_MDS_NIGHT_SD,TA_F_MDS_NIGHT_QC,TA_F_MDS_DAY,TA_F_MDS_DAY_SD,TA_F_MDS_DAY_QC,TA_ERA,TA_ERA_NIGHT,TA_ERA_NIGHT_SD,TA_ERA_DAY,TA_ERA_DAY_SD,TA_F,TA_F_QC,TA_F_NIGHT,TA_F_NIGHT_SD,TA_F_NIGHT_QC,TA_F_DAY,TA_F_DAY_SD,TA_F_DAY_QC,SW_IN_F_MDS,SW_IN_F_MDS_QC,SW_IN_ERA,SW_IN_F,SW_IN_F_QC,LW_IN_F_MDS,LW_IN_F_MDS_QC,LW_IN_ERA,LW_IN_F,LW_IN_F_QC,LW_IN_JSB,LW_IN_JSB_QC,LW_IN_JSB_ERA,LW_IN_JSB_F,LW_IN_JSB_F_QC,VPD_F_MDS,VPD_F_MDS_QC,VPD_ERA,VPD_F,VPD_F_QC,PA_ERA,PA_F,PA_F_QC,P_ERA,P_F,P_F_QC,WS_ERA,WS_F,WS_F_QC,USTAR,USTAR_QC,NETRAD,NETRAD_QC,PPFD_IN,PPFD_IN_QC,PPFD_DIF,PPFD_DIF_QC,PPFD_OUT,PPFD_OUT_QC,SW_OUT,SW_OUT_QC,LW_OUT,LW_OUT_QC,CO2_F_MDS,CO2_F_MDS_QC,TS_F_MDS_1,TS_F_MDS_1_QC,SWC_F_MDS_1,SWC_F_MDS_1_QC,G_F_MDS,G_F_MDS_QC,LE_F_MDS,LE_F_MDS_QC,LE_CORR,LE_RANDUNC,H_F_MDS,H_F_MDS_QC,H_CORR,H_RANDUNC,EBC_CF_N,EBC_CF_METHOD,NIGHT_RANDUNC_N,DAY_RANDUNC_N,NEE_CUT_REF,NEE_VUT_REF,NEE_CUT_REF_QC,NEE_VUT_REF_QC,NEE_CUT_REF_RANDUNC,NEE_VUT_REF_RANDUNC,NEE_CUT_REF_JOINTUNC,NEE_VUT_REF_JOINTUNC,NEE_CUT_USTAR50,NEE_VUT_USTAR50,NEE_CUT_USTAR50_QC,NEE_VUT_USTAR50_QC,NEE_CUT_USTAR50_RANDUNC,NEE_VUT_USTAR50_RANDUNC,NEE_CUT_USTAR50_JOINTUNC,NEE_VUT_USTAR50_JOINTUNC,NEE_CUT_MEAN,NEE_VUT_MEAN,NEE_CUT_MEAN_QC,NEE_VUT_MEAN_QC,NEE_CUT_SE,NEE_VUT_SE,NEE_CUT_05,NEE_CUT_16,NEE_CUT_25,NEE_CUT_50,NEE_CUT_75,NEE_CUT_84,NEE_CUT_95,NEE_VUT_05,NEE_VUT_16,NEE_VUT_25,NEE_VUT_50,NEE_VUT_75,NEE_VUT_84,NEE_VUT_95,NEE_CUT_05_QC,NEE_CUT_16_QC,NEE_CUT_25_QC,NEE_CUT_50_QC,NEE_CUT_75_QC,NEE_CUT_84_QC,NEE_CUT_95_QC,NEE_VUT_05_QC,NEE_VUT_16_QC,NEE_VUT_25_QC,NEE_VUT_50_QC,NEE_VUT_75_QC,NEE_VUT_84_QC,NEE_VUT_95_QC,NEE_CUT_REF_NIGHT,NEE_VUT_REF_NIGHT,NEE_CUT_REF_NIGHT_SD,NEE_VUT_REF_NIGHT_SD,NEE_CUT_REF_NIGHT_QC,NEE_VUT_REF_NIGHT_QC,NEE_CUT_REF_NIGHT_RANDUNC,NEE_VUT_REF_NIGHT_RANDUNC,NEE_CUT_REF_NIGHT_JOINTUNC,NEE_VUT_REF_NIGHT_JOINTUNC,NEE_CUT_REF_DAY,NEE_VUT_REF_DAY,NEE_CUT_REF_DAY_SD,NEE_VUT_REF_DAY_SD,NEE_CUT_REF_DAY_QC,NEE_VUT_REF_DAY_QC,NEE_CUT_REF_DAY_RANDUNC,NEE_VUT_REF_DAY_RANDUNC,NEE_CUT_REF_DAY_JOINTUNC,NEE_VUT_REF_DAY_JOINTUNC,NEE_CUT_USTAR50_NIGHT,NEE_VUT_USTAR50_NIGHT,NEE_CUT_USTAR50_NIGHT_SD,NEE_VUT_USTAR50_NIGHT_SD,NEE_CUT_USTAR50_NIGHT_QC,NEE_VUT_USTAR50_NIGHT_QC,NEE_CUT_USTAR50_NIGHT_RANDUNC,NEE_VUT_USTAR50_NIGHT_RANDUNC,NEE_CUT_USTAR50_NIGHT_JOINTUNC,NEE_VUT_USTAR50_NIGHT_JOINTUNC,NEE_CUT_USTAR50_DAY,NEE_VUT_USTAR50_DAY,NEE_CUT_USTAR50_DAY_SD,NEE_VUT_USTAR50_DAY_SD,NEE_CUT_USTAR50_DAY_QC,NEE_VUT_USTAR50_DAY_QC,NEE_CUT_USTAR50_DAY_RANDUNC,NEE_VUT_USTAR50_DAY_RANDUNC,NEE_CUT_USTAR50_DAY_JOINTUNC,NEE_VUT_USTAR50_DAY_JOINTUNC,NEE_CUT_05_NIGHT,NEE_CUT_16_NIGHT,NEE_CUT_25_NIGHT,NEE_CUT_50_NIGHT,NEE_CUT_75_NIGHT,NEE_CUT_84_NIGHT,NEE_CUT_95_NIGHT,NEE_VUT_05_NIGHT,NEE_VUT_16_NIGHT,NEE_VUT_25_NIGHT,NEE_VUT_50_NIGHT,NEE_VUT_75_NIGHT,NEE_VUT_84_NIGHT,NEE_VUT_95_NIGHT,NEE_CUT_05_NIGHT_QC,NEE_CUT_16_NIGHT_QC,NEE_CUT_25_NIGHT_QC,NEE_CUT_50_NIGHT_QC,NEE_CUT_75_NIGHT_QC,NEE_CUT_84_NIGHT_QC,NEE_CUT_95_NIGHT_QC,NEE_VUT_05_NIGHT_QC,NEE_VUT_16_NIGHT_QC,NEE_VUT_25_NIGHT_QC,NEE_VUT_50_NIGHT_QC,NEE_VUT_75_NIGHT_QC,NEE_VUT_84_NIGHT_QC,NEE_VUT_95_NIGHT_QC,NEE_CUT_05_DAY,NEE_CUT_16_DAY,NEE_CUT_25_DAY,NEE_CUT_50_DAY,NEE_CUT_75_DAY,NEE_CUT_84_DAY,NEE_CUT_95_DAY,NEE_VUT_05_DAY,NEE_VUT_16_DAY,NEE_VUT_25_DAY,NEE_VUT_50_DAY,NEE_VUT_75_DAY,NEE_VUT_84_DAY,NEE_VUT_95_DAY,NEE_CUT_05_DAY_QC,NEE_CUT_16_DAY_QC,NEE_CUT_25_DAY_QC,NEE_CUT_50_DAY_QC,NEE_CUT_75_DAY_QC,NEE_CUT_84_DAY_QC,NEE_CUT_95_DAY_QC,NEE_VUT_05_DAY_QC,NEE_VUT_16_DAY_QC,NEE_VUT_25_DAY_QC,NEE_VUT_50_DAY_QC,NEE_VUT_75_DAY_QC,NEE_VUT_84_DAY_QC,NEE_VUT_95_DAY_QC,RECO_NT_VUT_REF,RECO_NT_VUT_USTAR50,RECO_NT_VUT_MEAN,RECO_NT_VUT_SE,RECO_NT_VUT_05,RECO_NT_VUT_16,RECO_NT_VUT_25,RECO_NT_VUT_50,RECO_NT_VUT_75,RECO_NT_VUT_84,RECO_NT_VUT_95,RECO_NT_CUT_REF,RECO_NT_CUT_USTAR50,RECO_NT_CUT_MEAN,RECO_NT_CUT_SE,RECO_NT_CUT_05,RECO_NT_CUT_16,RECO_NT_CUT_25,RECO_NT_CUT_50,RECO_NT_CUT_75,RECO_NT_CUT_84,RECO_NT_CUT_95,GPP_NT_VUT_REF,GPP_NT_VUT_USTAR50,GPP_NT_VUT_MEAN,GPP_NT_VUT_SE,GPP_NT_VUT_05,GPP_NT_VUT_16,GPP_NT_VUT_25,GPP_NT_VUT_50,GPP_NT_VUT_75,GPP_NT_VUT_84,GPP_NT_VUT_95,GPP_NT_CUT_REF,GPP_NT_CUT_USTAR50,GPP_NT_CUT_MEAN,GPP_NT_CUT_SE,GPP_NT_CUT_05,GPP_NT_CUT_16,GPP_NT_CUT_25,GPP_NT_CUT_50,GPP_NT_CUT_75,GPP_NT_CUT_84,GPP_NT_CUT_95,RECO_DT_VUT_REF,RECO_DT_VUT_USTAR50,RECO_DT_VUT_MEAN,RECO_DT_VUT_SE,RECO_DT_VUT_05,RECO_DT_VUT_16,RECO_DT_VUT_25,RECO_DT_VUT_50,RECO_DT_VUT_75,RECO_DT_VUT_84,RECO_DT_VUT_95,RECO_DT_CUT_REF,RECO_DT_CUT_USTAR50,RECO_DT_CUT_MEAN,RECO_DT_CUT_SE,RECO_DT_CUT_05,RECO_DT_CUT_16,RECO_DT_CUT_25,RECO_DT_CUT_50,RECO_DT_CUT_75,RECO_DT_CUT_84,RECO_DT_CUT_95,GPP_DT_VUT_REF,GPP_DT_VUT_USTAR50,GPP_DT_VUT_MEAN,GPP_DT_VUT_SE,GPP_DT_VUT_05,GPP_DT_VUT_16,GPP_DT_VUT_25,GPP_DT_VUT_50,GPP_DT_VUT_75,GPP_DT_VUT_84,GPP_DT_VUT_95,GPP_DT_CUT_REF,GPP_DT_CUT_USTAR50,GPP_DT_CUT_MEAN,GPP_DT_CUT_SE,GPP_DT_CUT_05,GPP_DT_CUT_16,GPP_DT_CUT_25,GPP_DT_CUT_50,GPP_DT_CUT_75,GPP_DT_CUT_84,GPP_DT_CUT_95,RECO_SR,RECO_SR_N
1996,-9999,-9999,-9999,-9999,-9999,-9999,-9999,-9999,-0.399,-2.025,1.979,0.803,2.509,-0.394,0.682605,-1.701,1.958,0.705637,0.629,2.446,0.667702,162.272,0.852459,132.391,133.902,0.852459,-9999,-9999,265.819,266.391,0.487648,-9999,-9999,254.012,257.097,0.676571,-9999,-9999,3.316,3.044,0.682605,94.506,94.504,0.993682,427.147,427.047,0.000626138,2.774,2.87,0.993682,0.447269788145,0.629895264117,-9999,-9999,283.421672998,0.654200819672,-9999,-9999,14.9799934058,0.628699908925,-9999,-9999,-9999,-9999,-9999,-9999,-9999,-9999,-9999,-9999,-9999,1.0,32.295,0.698714,-9999,0.223625,25.0523,0.706626,-9999,0.245238,-9999,-9999,15.4536,19.3005,14.5476,10.6901,0.653062,0.654656,5.98515,5.93393,18.3542,23.6035,14.977,6.62358,0.652265,0.656136,5.95744,5.94647,18.3452,23.6067,20.9405,13.7833,0.646666,0.653733,3.19939,3.51316,-11.5273,6.24942,7.87422,14.5476,29.622,40.9512,53.9272,-13.5351,-8.5386,-6.9146,9.18498,24.788,37.1524,50.0663,0.680043,0.663194,0.655396,0.653062,0.634791,0.623634,0.615153,0.674806,0.676173,0.677653,0.657958,0.64498,0.627448,0.618226,2.73404,2.72538,0.381976,0.38762,0.68039,0.681411,0.0129032,0.0129383,0.0563997,0.0719122,-1.36585,-1.38684,2.78288,2.75246,0.622457,0.624628,0.0264255,0.0261535,0.0588512,0.0813419,2.72896,2.71083,0.377497,0.388925,0.68036,0.68152,0.0127724,0.012886,0.0563699,0.0719028,-1.35996,-1.39561,2.78936,2.75351,0.62083,0.627004,0.026328,0.026234,0.0588075,0.0813678,2.67387,2.70883,2.71535,2.73524,2.77778,2.81864,2.87685,2.65064,2.66745,2.68757,2.71911,2.77129,2.80893,2.86357,0.701219,0.687747,0.689426,0.680729,0.669109,0.654535,0.646067,0.702982,0.701219,0.698147,0.686499,0.672058,0.6589,0.650769,-1.46583,-1.39784,-1.39277,-1.36585,-1.31533,-1.29267,-1.27465,-1.46583,-1.4561,-1.45049,-1.38787,-1.34919,-1.30205,-1.2807,0.656686,0.623437,0.625634,0.622457,0.596992,0.589262,0.579846,0.656686,0.645586,0.65023,0.63058,0.614978,0.591297,0.587437,1000.56,987.434,999.873,4.07772,969.089,975.769,981.416,997.133,1003.23,1018.07,1042.21,1003.12,1000.15,1007.49,3.93241,975.769,986.049,993.308,1000.56,1016.24,1035.28,1060.72,982.38,980.811,986.089,1.42265,974.287,975.625,976.211,984.88,993.297,995.125,997.99,976.572,985.177,986.551,1.48794,974.748,975.912,977.374,985.974,994.327,996.512,1001.33,1046.09,1083.69,1088.04,15.1271,1023.39,1031.57,1039.24,1048.97,1078.38,1146.01,1279.28,1072.97,1077.96,1105.73,17.5213,1015.29,1037.12,1045.34,1059.87,1122.29,1156.89,1353.47,1146.78,1157.43,1137.44,4.51632,1108.59,1114.13,1117.14,1133.09,1146.78,1152.78,1188.32,1157.87,1156.56,1146.64,5.15109,1114.13,1119.55,1129.2,1137.18,1150.56,1160.75,1218.6,43.6457,0.16752
1997,2.709,0.996461,1.505,2.046,1.0,3.639,2.39,0.990837,2.211,0.527,2.026,3.468,2.547,2.721,0.996461,1.505,2.046,1.0,3.671,2.382,0.990837,139.093,0.983276,133.88,137.698,0.983276,274.186,0.996461,274.998,274.211,0.996461,269.662,0.981963,265.851,269.943,0.981963,3.665,0.995605,3.771,3.667,0.995605,94.421,94.406,0.952511,429.198,414.964,0.999886,2.818,2.958,0.985217,0.473406046374,0.867351598174,67.6531070079,0.856563926941,278.011453634,0.902625570776,-9999,-9999,22.9424683271,0.969063926941,23.3494925977,0.974600456621,327.31380381,0.907020547945,365.322,0.978482,4.709,0.996404,-9999,-9999,-9999,1.0,33.1792,0.977055,-9999,0.173149,21.4409,0.978539,-9999,0.216005,-9999,-9999,22.8356,25.0164,-89.3297,-97.5145,0.938699,0.949258,4.30002,4.36054,15.3221,14.1724,-89.3595,-98.8251,0.937842,0.950514,4.28532,4.35875,15.3179,14.1718,-90.0333,-97.1979,0.937212,0.945709,2.31732,2.39011,-110.37,-108.173,-100.226,-89.8353,-82.9497,-78.76,-65.3849,-119.243,-110.651,-109.066,-99.4428,-89.0535,-83.6815,-73.0108,0.962443,0.957135,0.951427,0.937728,0.92129,0.926884,0.903995,0.967694,0.963527,0.959304,0.950856,0.937957,0.931221,0.908048,2.68933,2.64208,0.461986,0.481583,0.953404,0.96365,0.010855,0.0111658,0.0627262,0.0589248,-1.71007,-1.72295,2.82828,2.82077,0.91689,0.926586,0.0193209,0.0195062,0.0332953,0.0322686,2.69362,2.63396,0.459285,0.482429,0.953315,0.966025,0.0108169,0.0112017,0.0627196,0.0589316,-1.71284,-1.72411,2.83039,2.8214,0.915418,0.927607,0.0192575,0.0194789,0.0332586,0.0322521,2.60293,2.61873,2.62827,2.68933,2.72793,2.74229,2.81085,2.5584,2.60533,2.61395,2.63317,2.69432,2.72104,2.7701,0.975533,0.970935,0.966025,0.953404,0.949709,0.943542,0.914666,0.979686,0.975533,0.97214,0.966025,0.951013,0.9385,0.916241,-1.75732,-1.75086,-1.72661,-1.7129,-1.70431,-1.69663,-1.66753,-1.76064,-1.75436,-1.75198,-1.72583,-1.71004,-1.70295,-1.6833,0.938362,0.944173,0.929501,0.915348,0.910531,0.910887,0.887074,0.950912,0.944064,0.935925,0.928323,0.91689,0.912276,0.893359,1071.78,1038.75,1061.96,6.83691,1001.59,1018.89,1041.38,1060.51,1068.89,1077.34,1171.14,1049.76,1057.52,1059.15,4.81625,1018.22,1037.56,1041.52,1049.76,1067.87,1075.47,1104.32,1160.64,1137.58,1159.15,6.99189,1114.32,1122.85,1128.04,1144.91,1169.34,1173.63,1281.11,1137.57,1146.88,1149.18,5.25913,1114.1,1121.45,1123.7,1139.88,1166.72,1169.33,1185.3,1040.26,1069.39,1029.14,10.8412,925.108,952.133,955.667,1045.38,1084.93,1098.87,1127.79,1086.78,1084.56,1062.33,10.8807,943.789,960.202,1027.08,1068.96,1086.78,1106.94,1181.71,1168.72,1179.24,1151.97,3.7413,1109.17,1126.04,1133.0,1153.73,1168.72,1179.25,1183.18,1177.53,1168.7,1162.6,3.51095,1119.35,1137.12,1148.3,1160.7,1179.22,1182.74,1187.51,875.129,1.0
1998,3.431,0.987158,2.207,1.824,1.0,4.31,2.339,0.981332,3.038,1.305,1.835,4.31,2.514,3.4,0.987158,2.207,1.824,1.0,4.266,2.321,0.981332,147.77,0.94121,140.086,140.505,0.94121,277.216,0.987158,276.724,277.298,0.987158,273.633,0.940297,268.078,273.311,0.940297,4.118,0.987158,4.252,4.064,0.987158,94.473,94.47,0.923288,419.047,546.027,0.999943,2.654,2.818,0.976027,0.431198750206,0.853025114155,55.7947661592,0.843892694064,263.024277225,0.862328767123,-9999,-9999,20.3234795425,0.957305936073,22.7703629963,0.957363013699,325.316544924,0.914440639269,369.526,0.999543,5.133,0.987842,-9999,-9999,-9999,1.0,29.8165,0.993094,-9999,0.14546,17.7958,0.991724,-9999,0.211475,-9999,-9999,22.8164,24.074,-243.471,-245.269,0.917523,0.918436,4.44567,4.44305,18.1915,16.935,-238.915,-241.763,0.916267,0.920091,4.44717,4.43051,18.1918,16.9317,-240.767,-243.108,0.911417,0.915438,2.31946,2.20413,-265.484,-259.059,-253.27,-243.065,-229.108,-223.779,-222.381,-264.871,-260.369,-253.783,-243.74,-229.416,-227.686,-222.312,0.945719,0.815525,0.932021,0.920776,0.899943,0.906849,0.901427,0.94589,0.939726,0.932192,0.922888,0.911758,0.910274,0.904509,2.6994,2.69009,0.467255,0.469147,0.950043,0.950686,0.0123116,0.012265,0.1061,0.10094,-2.3114,-2.31412,3.01396,3.00754,0.894891,0.896169,0.0196625,0.0196668,0.0259279,0.0245615,2.71382,2.72439,0.465667,0.504908,0.949525,0.953856,0.0119937,0.0122127,0.106063,0.100933,-2.29971,-2.31454,3.01892,3.00742,0.893337,0.897008,0.0198437,0.0196118,0.0260656,0.0245175,2.52583,2.59746,2.62753,2.7171,2.78311,2.80823,2.84162,2.53173,2.5921,2.61867,2.6993,2.75389,2.79248,2.84539,0.973529,0.966985,0.960563,0.954572,0.942396,0.944293,0.902693,0.972276,0.966985,0.961211,0.950043,0.94583,0.943927,0.934722,-2.3207,-2.31624,-2.31394,-2.30892,-2.29008,-2.28244,-2.27829,-2.31728,-2.31519,-2.31412,-2.31118,-2.2986,-2.28576,-2.2767,0.914448,0.925445,0.911636,0.907769,0.812188,0.874127,0.829916,0.925194,0.911968,0.896169,0.899665,0.892433,0.88709,0.879176,1084.37,1089.1,1060.58,8.48925,931.152,1017.39,1039.15,1082.75,1089.53,1098.83,1108.16,1078.7,1086.68,1064.24,8.7995,925.003,1018.13,1042.65,1081.01,1090.98,1109.42,1122.97,1322.13,1330.87,1303.69,6.879,1195.38,1271.4,1290.3,1315.14,1330.06,1334.84,1342.57,1314.8,1325.59,1305.0,6.99908,1192.6,1271.4,1291.35,1317.05,1332.14,1336.47,1345.81,861.017,868.882,895.444,6.75212,826.816,846.099,871.379,889.176,925.334,937.132,964.716,893.519,890.694,916.863,7.01589,848.38,883.191,889.176,906.587,948.728,964.716,1008.06,1202.63,1163.39,1202.66,5.95564,1146.27,1161.54,1171.16,1201.67,1230.69,1236.21,1247.9,1184.94,1162.65,1214.36,5.7738,1161.35,1172.22,1184.94,1205.55,1231.61,1252.11,1272.14,739.502,1.0
1999,2.698,0.994463,1.577,1.862,1.0,3.575,2.29,0.990611,2.738,1.13,1.904,3.984,2.401,2.7,0.994463,1.577,1.862,1.0,3.576,2.289,0.990611,131.565,0.994463,130.057,131.655,0.994463,276.426,0.994692,275.713,276.434,0.994692,268.648,0.993836,266.774,268.534,0.993836,3.32,0.994463,3.52,3.33,0.994463,94.372,94.348,1.0,483.12,479.0,0.999943,2.919,3.13,0.990183,0.467170734078,0.926997716895,58.1376743276,0.98453196347,252.441730564,0.952682648402,-9999,-9999,20.7085175861,0.962442922374,21.6052962912,0.982762557078,328.612863075,0.986700913242,368.913,0.999943,4.843,0.994692,-9999,-9999,-9999,1.0,26.5496,0.999315,-9999,0.143107,17.0324,0.99903,-9999,0.20544,-9999,-9999,22.8301,25.1425,-88.0572,-93.663,0.972374,0.974886,4.29119,4.28709,9.4369,8.84593,-87.5382,-93.8576,0.96992,0.975685,4.21851,4.30662,9.40407,8.85541,-93.5223,-94.0366,0.962367,0.970176,1.22864,1.07159,-111.761,-101.358,-99.0741,-92.844,-88.0572,-84.5486,-83.494,-104.25,-100.699,-99.5573,-95.8041,-88.7938,-85.2238,-83.425,0.988299,0.914269,0.979623,0.974486,0.972374,0.966096,0.964212,0.984874,0.981279,0.979509,0.976084,0.936358,0.966724,0.96387,2.61083,2.59863,0.416883,0.429294,0.987426,0.98873,0.0100897,0.0100961,0.0321512,0.0310912,-1.63647,-1.65242,2.75607,2.7539,0.958244,0.961123,0.0195745,0.0195497,0.0289871,0.0287316,2.59789,2.5926,0.410317,0.429034,0.980819,0.989101,0.0098618,0.0100296,0.0320804,0.0310697,-1.62754,-1.65082,2.75004,2.75059,0.957505,0.962333,0.0192716,0.0196863,0.0287835,0.0288247,2.50238,2.54455,2.56088,2.59184,2.59984,2.6056,2.61083,2.51725,2.54613,2.55994,2.58532,2.59863,2.60495,2.61082,0.889038,0.925963,0.991708,0.968498,0.974122,0.987576,0.987426,0.996692,0.994098,0.991708,0.989195,0.98873,0.988743,0.987426,-1.66881,-1.65605,-1.65446,-1.648,-1.62394,-1.61329,-1.61137,-1.6582,-1.65605,-1.65446,-1.65159,-1.62987,-1.61394,-1.61211,0.979745,0.967311,0.963119,0.915016,0.934063,0.953772,0.944241,0.965279,0.967311,0.963119,0.964207,0.93925,0.94362,0.955133,1022.57,1013.76,1018.11,3.82434,975.061,993.46,1002.21,1013.8,1038.33,1048.42,1054.83,1021.21,1013.59,1024.54,3.92925,976.674,1001.69,1007.03,1021.9,1046.25,1050.27,1055.94,1110.63,1107.61,1112.15,2.97149,1080.49,1094.72,1100.91,1108.65,1128.65,1135.3,1138.74,1104.29,1101.13,1118.06,3.06212,1079.95,1097.4,1104.29,1114.74,1134.53,1136.76,1143.76,1092.15,1111.66,1095.88,8.47044,1019.28,1024.06,1058.03,1092.15,1128.38,1148.36,1192.39,1116.49,1106.14,1128.83,9.75212,1028.24,1067.05,1081.33,1128.27,1162.51,1203.02,1223.71,1181.07,1201.57,1188.22,5.58099,1133.52,1136.5,1165.38,1187.77,1203.9,1224.95,1253.23,1181.18,1179.92,1201.32,6.03011,1135.14,1165.1,1179.95,1198.6,1220.01,1243.41,1264.18,823.149,1.0
2000,1.038,0.961692,-0.079,1.79,1.0,1.933,2.325,0.94507,1.242,-0.412,1.88,2.54,2.538,0.996,0.961692,-0.079,1.79,1.0,1.882,2.333,0.94507,136.553,0.964595,134.866,134.191,0.964595,269.35,0.963513,267.5,269.421,0.963513,259.577,0.960496,256.181,258.93,0.960496,2.912,0.961692,3.337,2.826,0.961692,94.504,94.484,0.996642,443.069,483.756,0.999943,2.835,3.072,0.949112,0.462570037892,0.865152550091,55.0617049384,0.929872495446,254.043012193,0.936076958106,-9999,-9999,21.3352646998,0.915698998179,21.08485238,0.938126138434,318.690880812,0.938923041894,372.545,0.999089,4.681,0.965107,-9999,-9999,-9999,1.0,27.628,0.993397,-9999,0.121954,21.6686,0.993909,-9999,0.20791,-9999,-9999,22.8525,25.0082,-190.469,-183.515,0.942737,0.943306,3.74856,3.74082,19.662,19.0772,-193.458,-184.074,0.9412,0.94712,3.76017,3.70264,19.6642,19.0697,-190.191,-186.694,0.938742,0.94238,2.66467,2.48735,-219.594,-209.159,-202.999,-193.259,-176.029,-170.557,-164.8,-217.952,-207.734,-197.858,-183.515,-173.697,-170.32,-165.692,0.907332,0.923896,0.924636,0.941086,0.95469,0.960098,0.964652,0.902152,0.920594,0.93084,0.943306,0.955772,0.957024,0.964993,2.34143,2.37764,0.370453,0.386832,0.957965,0.958795,0.00884928,0.00889742,0.0400953,0.0415363,-1.94668,-1.93734,2.65972,2.67111,0.931431,0.931744,0.0170714,0.0170016,0.0594844,0.056086,2.328,2.37627,0.368207,0.390062,0.955441,0.962704,0.00880658,0.00856757,0.0400859,0.0414669,-1.95232,-1.93931,2.65614,2.67596,0.9304,0.93429,0.0171531,0.0169335,0.0595079,0.0560654,2.3032,2.31668,2.31757,2.34603,2.3822,2.39489,2.40116,2.31176,2.31853,2.32111,2.37387,2.39526,2.39968,2.41719,0.937624,0.951696,0.950817,0.935348,0.962704,0.96971,0.971011,0.939483,0.950817,0.937317,0.962704,0.970816,0.970816,0.977996,-2.07443,-2.01133,-1.98142,-1.95017,-1.91828,-1.89736,-1.87252,-2.06652,-2.00401,-1.9649,-1.93734,-1.90961,-1.89712,-1.87799,0.894771,0.912262,0.916315,0.930058,0.936974,0.945021,0.952387,0.896457,0.917209,0.925049,0.931744,0.942159,0.944067,0.949224,927.875,950.529,939.783,2.27174,914.477,921.074,926.722,944.178,950.055,952.245,961.626,948.034,920.031,939.149,2.89272,912.617,919.753,923.746,940.943,948.8,953.225,962.923,1122.19,1134.6,1126.48,2.06238,1106.21,1114.4,1119.8,1124.33,1131.55,1136.47,1145.5,1122.79,1113.49,1129.34,3.52291,1098.8,1114.4,1119.01,1124.06,1133.19,1138.11,1168.72,912.311,905.467,938.956,8.18902,871.289,890.605,906.229,921.748,959.027,986.467,1070.95,905.24,905.598,917.528,9.10552,842.806,862.908,874.933,905.24,938.923,957.036,1054.31,1129.55,1105.6,1122.46,5.26511,1080.44,1092.87,1099.94,1113.06,1131.07,1147.57,1198.26,1110.71,1115.73,1117.15,5.69434,1071.02,1080.51,1091.91,1111.24,1124.73,1145.03,1194.83,753.789,1.0
2001,3.023,0.999943,1.836,2.135,1.0,3.936,2.52,0.999919,3.218,1.395,1.956,4.618,2.665,3.023,0.999943,1.836,2.135,1.0,3.936,2.521,0.999919,143.806,0.998345,140.535,143.915,0.998345,272.837,1.0,272.986,272.837,1.0,266.321,0.998288,263.256,266.287,0.998288,4.035,0.999943,4.268,4.035,0.999943,94.403,94.402,0.999886,325.533,235.0,0.999943,2.912,3.141,0.999886,0.476512544174,0.871575342466,61.0826939854,0.995319634703,284.469527197,0.996347031963,-9999,-9999,20.5218296238,0.983162100457,23.5025709958,0.997659817352,331.925199436,0.999543378995,375.229,0.998687,4.669,1.0,-9999,-9999,-9999,1.0,28.5,0.992466,-9999,0.13452,24.1269,0.990811,-9999,0.210874,-9999,-9999,22.8356,25.1425,-335.381,-334.138,0.963071,0.964897,4.03847,4.04476,5.17641,5.25966,-336.851,-333.654,0.961358,0.965068,4.06477,4.05831,5.19695,5.27008,-337.433,-337.364,0.957313,0.959092,0.593892,0.573311,-347.405,-340.703,-338.712,-336.698,-334.978,-334.226,-333.654,-345.887,-340.862,-338.52,-337.135,-334.666,-334.138,-333.151,0.975228,0.968721,0.97129,0.955765,0.951541,0.940811,0.965068,0.974486,0.971632,0.971347,0.958847,0.948116,0.964897,0.953139,2.34413,2.32796,0.414156,0.417031,0.969723,0.972333,0.00927477,0.00926516,0.0614571,0.063093,-2.48422,-2.471,3.07687,3.07063,0.952958,0.954603,0.0185194,0.0185582,0.0277279,0.0283153,2.34524,2.32845,0.413061,0.420445,0.969317,0.972494,0.0093495,0.00925268,0.0614684,0.0630911,-2.49033,-2.46884,3.07671,3.073,0.949811,0.954817,0.0186348,0.0186382,0.0278051,0.0283678,2.22279,2.27835,2.30045,2.34529,2.37784,2.39986,2.42725,2.23823,2.27232,2.2992,2.32796,2.3616,2.39713,2.42685,0.982118,0.979551,0.977593,0.969723,0.965551,0.957598,0.880761,0.981628,0.979615,0.977593,0.972333,0.96852,0.959141,0.901995,-2.53627,-2.51091,-2.50289,-2.49177,-2.47136,-2.46964,-2.46792,-2.53035,-2.511,-2.49871,-2.47415,-2.46972,-2.46823,-2.46562,0.91314,0.930009,0.936828,0.949157,0.95703,0.95953,0.962234,0.903735,0.930702,0.943576,0.953876,0.96596,0.960801,0.968832,946.487,940.617,949.182,5.22443,907.238,915.426,922.828,943.393,958.152,975.98,1015.34,942.417,945.95,953.313,5.0106,907.238,916.476,931.89,946.094,968.194,999.193,1017.92,1283.22,1274.27,1286.55,4.88512,1251.22,1257.64,1260.47,1279.97,1294.85,1309.24,1349.02,1270.2,1282.8,1290.75,4.72501,1251.98,1260.76,1270.2,1284.87,1301.2,1334.05,1352.14,978.33,985.929,957.363,6.1546,895.94,906.418,912.2,967.998,986.49,990.098,1010.57,969.104,967.624,965.059,6.29311,891.197,905.839,947.585,975.66,985.796,995.318,1010.87,1315.04,1320.71,1297.82,4.8668,1242.15,1253.47,1273.93,1308.28,1317.76,1325.13,1334.38,1310.08,1307.5,1306.31,4.17048,1252.65,1265.48,1299.65,1312.29,1320.85,1325.27,1337.78,746.667,1.0
2002,0.753,0.999886,-0.372,2.098,1.0,1.578,2.427,0.999817,1.311,-0.407,2.035,2.603,2.617,0.753,0.999886,-0.372,2.098,1.0,1.578,2.427,0.999817,141.485,0.997888,138.52,141.588,0.997888,266.938,0.999886,268.476,266.938,0.999886,254.708,0.997717,257.44,254.674,0.997717,3.808,0.999772,3.939,3.808,0.999772,94.442,94.439,0.99903,426.956,286.81,0.999886,2.916,3.158,0.999201,0.49754377248,0.88904109589,62.3925858882,0.960730593607,278.847416368,0.996289954338,-9999,-9999,21.3794905131,0.980422374429,23.0850268816,0.998401826484,324.170470745,0.963299086758,377.53,0.989612,3.525,0.999715,-9999,-9999,-9999,1.0,21.1296,0.98847,-9999,0.118001,30.991,0.997317,-9999,0.255007,-9999,-9999,22.7726,25.1288,-101.941,-100.423,0.960559,0.95976,3.44202,3.45224,8.17485,7.37793,-100.331,-102.05,0.95976,0.960559,3.45228,3.44362,8.17917,7.3739,-104.315,-104.151,0.955789,0.953883,1.15486,0.958169,-120.541,-112.953,-108.412,-103.094,-98.8125,-98.1233,-96.8149,-118.583,-111.781,-107.816,-103.562,-99.2586,-98.7399,-97.5914,0.978596,0.972203,0.969863,0.963756,0.956336,0.954566,0.950114,0.975856,0.971176,0.969007,0.930422,0.942123,0.95645,0.953368,2.0284,2.03759,0.321434,0.317936,0.975379,0.974943,0.00698321,0.0069339,0.0514272,0.047588,-1.49023,-1.48922,2.27219,2.2747,0.947253,0.946123,0.0161253,0.016198,0.0197604,0.0211261,2.03788,2.02728,0.318025,0.321915,0.974943,0.975379,0.00693439,0.00699933,0.0514206,0.0475975,-1.48906,-1.48977,2.27472,2.27228,0.946123,0.947253,0.016198,0.0161283,0.0198198,0.0210727,1.92937,1.97142,1.99153,2.03515,2.06647,2.07332,2.0768,1.93795,1.97947,1.9952,2.02355,2.06797,2.07363,2.081,0.992285,0.986122,0.986031,0.975057,0.941137,0.943907,0.954387,0.989398,0.986031,0.98582,0.976064,0.941655,0.955143,0.917349,-1.51592,-1.51313,-1.50717,-1.49438,-1.49157,-1.49029,-1.48891,-1.52169,-1.51634,-1.50669,-1.49444,-1.49064,-1.48922,-1.48811,0.922437,0.918686,0.929725,0.954652,0.945294,0.939736,0.934815,0.866509,0.92119,0.927992,0.949246,0.936,0.946123,0.94764,835.784,817.098,818.233,4.22826,776.205,784.716,798.075,816.482,839.471,845.183,852.868,816.359,833.337,818.411,4.53247,769.767,782.217,794.299,826.449,839.471,847.044,849.604,933.375,919.148,922.383,3.43094,893.364,895.836,902.723,919.807,937.375,945.034,952.499,905.265,933.668,922.726,3.51435,888.709,893.941,902.711,924.738,937.62,945.858,947.932,814.235,823.282,825.908,7.89677,775.695,787.464,792.154,812.923,858.242,861.453,893.66,835.924,838.023,837.021,6.47189,780.189,794.071,804.845,835.924,868.11,875.725,897.888,965.143,944.847,947.405,4.23986,917.695,927.677,929.885,939.544,960.911,968.623,970.785,951.591,951.968,950.955,3.53084,918.78,928.473,932.832,950.241,964.127,973.46,979.119,724.807,1.0
2003,1.877,1.0,0.608,2.163,1.0,2.829,2.602,1.0,2.094,0.422,2.143,3.372,2.668,1.877,1.0,0.608,2.163,1.0,2.829,2.602,1.0,138.751,0.998916,137.0,138.83,0.998916,270.924,1.0,272.247,270.924,1.0,262.881,0.998858,262.303,262.863,0.998858,4.343,0.999943,4.146,4.343,0.999943,94.41,94.424,0.999943,340.906,261.0,0.999943,2.96,3.129,0.999943,0.485739444171,0.940296803653,54.8918038375,0.905194063927,273.856291713,0.999429223744,-9999,-9999,19.9413082626,0.983847031963,21.7266238696,0.997317351598,325.812913075,0.906849315068,380.54,0.998744,3.961,1.0,-9999,-9999,-9999,1.0,20.1952,0.997546,-9999,0.110763,31.5938,0.998516,-9999,0.236429,-9999,-9999,22.8411,25.1425,-97.5448,-95.8733,0.980936,0.979167,3.18166,3.1558,4.72125,4.61255,-98.6356,-97.4641,0.980365,0.979795,3.17987,3.16906,4.72004,4.62163,-92.7708,-91.2041,0.976256,0.974418,1.32951,1.69844,-101.822,-97.5448,-96.0693,-94.8381,-92.0309,-90.5685,-83.0626,-97.76,-96.5447,-95.615,-94.4585,-91.4934,-89.8167,-70.8235,0.99161,0.980936,0.978082,0.977797,0.973231,0.97129,0.953311,0.980365,0.985788,0.986473,0.982249,0.969635,0.965582,0.941838,2.11338,2.11852,0.357958,0.354868,0.991534,0.990676,0.00790045,0.00783574,0.0186349,0.0217787,-1.40673,-1.40309,2.28256,2.28824,0.965307,0.962867,0.0143352,0.0142189,0.0154503,0.0152419,2.10453,2.11205,0.358992,0.356772,0.990751,0.990676,0.00783995,0.00784165,0.0186094,0.0217808,-1.40607,-1.40568,2.27935,2.28101,0.964557,0.963906,0.014352,0.0142904,0.0154659,0.0153086,2.06105,2.10665,2.11214,2.12018,2.13682,2.14041,2.18812,2.09478,2.10855,2.1166,2.12421,2.13776,2.14919,2.22982,0.998916,0.998021,0.990751,0.990676,0.983564,0.981015,0.967727,0.998216,0.990751,0.995741,0.995741,0.985632,0.979123,0.959943,-1.40446,-1.40388,-1.40181,-1.39793,-1.39498,-1.39235,-1.38505,-1.40633,-1.40409,-1.4021,-1.39774,-1.39488,-1.39311,-1.35854,0.964557,0.962692,0.963335,0.968554,0.972318,0.952821,0.942381,0.965095,0.958862,0.961873,0.966972,0.953193,0.97428,0.921856,880.955,869.385,876.94,2.51551,850.025,868.354,869.17,872.611,883.472,894.324,898.796,869.126,868.457,871.88,2.75061,827.67,856.373,866.714,871.108,880.725,892.319,896.955,975.996,966.849,968.144,2.12475,934.287,955.177,962.97,966.32,974.66,984.005,988.449,965.477,967.093,964.65,2.55344,930.076,944.87,956.823,965.758,973.986,984.135,987.631,873.328,875.185,886.78,3.93665,862.981,864.544,869.598,876.573,892.391,906.532,939.412,881.942,882.734,889.198,2.70791,860.172,876.081,879.574,884.865,894.505,899.3,925.516,971.784,969.843,976.53,2.23099,960.86,962.703,966.507,971.784,981.801,991.506,1005.23,967.855,968.549,974.293,2.05234,951.977,964.049,965.333,971.41,979.221,985.736,1002.48,667.34,1.0
2004,0.615,0.999886,-0.41,2.274,1.0,1.408,2.377,0.999839,0.947,-0.486,2.093,2.016,2.313,0.615,0.999886,-0.41,2.274,1.0,1.408,2.377,0.999839,126.79,0.998406,126.088,126.916,0.998406,272.245,0.999886,273.239,272.247,0.999886,258.71,0.998406,263.582,258.685,0.998406,3.099,0.999886,2.943,3.099,0.999886,94.482,94.499,0.999715,635.373,667.071,0.999943,2.888,3.083,0.999089,0.48409981761,0.910860655738,57.6629456447,0.996926229508,253.936183066,0.994137067395,-9999,-9999,20.467109846,0.971140710383,19.5844454319,0.994137067395,321.952439002,0.998576958106,380.384,0.998008,3.683,0.999886,-9999,-9999,-9999,1.0,23.0115,0.992771,-9999,0.118514,25.6897,0.996585,-9999,0.232482,-9999,-9999,22.8579,25.1311,0.24926,1.74024,0.96653,0.963229,3.49677,3.48569,4.3294,4.3718,2.14044,2.94934,0.965164,0.964026,3.50186,3.4953,4.33351,4.37947,0.394514,1.21685,0.961652,0.959463,0.721087,0.672918,-7.12296,-3.0416,-2.05457,0.24926,1.56256,2.06381,7.25898,-3.07082,-2.328,-1.82286,1.28034,2.01129,2.94934,8.42873,0.980817,0.961122,0.959016,0.96653,0.97023,0.967612,0.938411,0.975581,0.953893,0.948714,0.969547,0.965676,0.964026,0.938411,2.2719,2.30884,0.379145,0.359239,0.974921,0.972251,0.00771702,0.00738559,0.0463611,0.040833,-1.17706,-1.189,2.30208,2.3157,0.952501,0.948526,0.016118,0.0161863,0.0319392,0.0320982,2.28781,2.30346,0.369172,0.359616,0.972643,0.972251,0.0077149,0.00748166,0.0463608,0.0408505,-1.17673,-1.18129,2.30698,2.31163,0.950938,0.949848,0.0161474,0.0162022,0.031954,0.0321063,2.19373,2.23607,2.24426,2.28463,2.3106,2.3275,2.38127,2.23489,2.24682,2.25684,2.29799,2.31229,2.32714,2.38855,0.986211,0.977834,0.97568,0.972643,0.969914,0.966113,0.946712,0.977834,0.975628,0.973479,0.970526,0.966774,0.960652,0.947102,-1.22264,-1.21194,-1.20624,-1.17768,-1.15953,-1.15679,-1.15321,-1.22797,-1.21369,-1.2074,-1.18211,-1.1656,-1.15825,-1.1532,0.92812,0.934417,0.94175,0.950459,0.958549,0.970732,0.960396,0.92655,0.920055,0.942993,0.94917,0.955626,0.958142,0.960396,880.766,884.839,889.571,3.85686,859.13,863.925,870.3,884.634,897.545,912.927,944.892,873.132,879.706,887.031,4.24125,850.813,859.45,863.465,884.13,904.116,915.3,933.283,884.303,881.889,888.354,3.59545,857.73,862.85,868.69,882.911,899.937,914.75,932.144,881.208,877.566,886.637,3.85636,857.538,861.824,863.584,883.274,905.651,915.278,926.024,911.529,911.529,910.481,4.35884,873.143,875.685,879.441,915.223,928.586,936.001,940.306,930.371,916.864,925.935,3.80709,874.041,904.21,915.275,928.638,932.387,942.417,966.344,939.153,928.463,929.156,3.37409,899.728,903.285,907.558,929.436,942.448,949.764,953.262,927.735,925.087,929.51,3.12537,886.242,911.401,914.529,927.735,943.512,948.766,957.196,743.895,1.0
2005,2.295,1.0,1.256,2.036,1.0,3.081,2.301,1.0,2.375,0.936,1.929,3.461,2.341,2.295,1.0,1.256,2.036,1.0,3.081,2.301,1.0,129.123,0.997546,126.846,129.254,0.997546,278.067,1.0,278.52,278.067,1.0,268.265,0.997546,270.394,268.215,0.997546,3.208,1.0,3.074,3.208,1.0,94.413,94.4,1.0,651.407,615.033,0.999943,2.998,3.161,0.999372,0.502622842078,0.890696347032,58.2360558368,0.999257990868,259.241955861,0.985673515982,-9999,-9999,20.0099781286,0.969691780822,20.1887817182,0.993493150685,329.178976712,1.0,385.077,0.996518,4.526,1.0,-9999,-9999,-9999,1.0,25.2186,0.995548,-9999,0.127514,21.4229,0.996804,-9999,0.213663,-9999,-9999,22.8356,25.1644,-123.262,-124.402,0.972317,0.967523,3.90344,3.88382,4.35675,4.16548,-124.646,-122.753,0.971804,0.96855,3.90619,3.89489,4.35921,4.1758,-125.603,-125.483,0.968002,0.962998,0.296069,0.309432,-130.733,-127.839,-126.373,-125.341,-124.338,-123.969,-123.262,-130.673,-127.024,-126.29,-125.055,-124.335,-124.013,-122.86,0.934932,0.949201,0.95782,0.979509,0.974087,0.95645,0.972317,0.934989,0.928653,0.958048,0.979167,0.974087,0.971062,0.972546,2.45247,2.46258,0.372929,0.349647,0.982118,0.977656,0.00826496,0.00807802,0.0406826,0.0283841,-1.70389,-1.71218,2.62908,2.61842,0.959089,0.95187,0.0181704,0.018133,0.0248706,0.0259709,2.45209,2.46712,0.370962,0.353593,0.981637,0.979109,0.00828489,0.00811466,0.0406866,0.0283946,-1.7093,-1.7086,2.62664,2.62795,0.958275,0.953047,0.0181779,0.0181797,0.0248761,0.0260035,2.39429,2.41053,2.43625,2.44902,2.46483,2.4902,2.50147,2.41835,2.43945,2.44159,2.45864,2.48532,2.49387,2.51471,0.992189,0.990174,0.987184,0.981833,0.978002,0.956322,0.963412,0.988291,0.98429,0.975865,0.97708,0.959104,0.929016,0.928828,-1.75078,-1.73079,-1.71692,-1.70744,-1.70389,-1.69683,-1.68579,-1.75288,-1.74232,-1.72569,-1.71219,-1.70681,-1.70513,-1.69983,0.924246,0.937579,0.948455,0.963472,0.959089,0.967094,0.977163,0.899152,0.933367,0.940606,0.955004,0.964427,0.960286,0.965213,981.336,971.58,985.501,3.10849,964.678,967.038,968.443,981.336,997.994,1004.38,1021.2,1001.51,1004.38,979.755,3.63558,939.766,964.059,966.949,977.965,993.382,1002.73,1012.08,1105.71,1094.33,1110.98,3.23554,1089.9,1091.81,1093.46,1105.71,1125.47,1128.69,1148.94,1100.59,1129.03,1105.36,3.64278,1067.12,1090.51,1091.49,1104.34,1118.38,1125.99,1142.81,994.025,994.641,964.226,2.59975,936.277,945.068,949.52,967.349,974.574,980.11,986.57,966.625,963.961,965.986,2.28406,944.585,950.975,955.696,966.126,975.281,980.76,989.276,1110.72,1120.72,1121.57,3.69193,1098.03,1101.57,1105.98,1113.44,1122.22,1151.46,1166.85,1159.31,1160.14,1158.98,1.89525,1134.6,1148.23,1152.13,1159.47,1166.66,1169.66,1176.03,729.248,1.0
2006,2.949,0.999943,1.776,1.966,1.0,3.806,2.365,0.999919,2.911,1.388,1.994,4.054,2.363,2.949,0.999943,1.776,1.966,1.0,3.806,2.365,0.999919,137.465,0.998402,132.276,137.496,0.998402,278.027,1.0,277.947,278.027,1.0,269.594,0.998345,269.656,269.585,0.998345,3.896,0.999943,3.59,3.896,0.999943,94.409,94.416,1.0,624.333,624.0,0.999943,2.973,3.116,0.999829,0.495454108507,0.867808219178,63.3290116514,0.998744292237,275.082222949,0.996404109589,-9999,-9999,19.8984680814,0.97100456621,21.2206718981,0.996974885845,331.166407216,0.999714611872,386.713,0.993779,5.23,1.0,-9999,-9999,-9999,1.0,34.5625,0.992123,-9999,0.160452,19.1036,0.989726,-9999,0.21402,-9999,-9999,22.8219,25.1507,-147.104,-139.338,0.963984,0.954909,3.91866,3.77038,9.86286,7.77395,-148.007,-138.363,0.962671,0.955651,3.89407,3.77347,9.85311,7.77545,-146.874,-143.733,0.955537,0.94983,1.4633,1.24827,-167.683,-155.317,-150.561,-147.948,-139.092,-137.215,-135.781,-158.746,-150.097,-148.976,-144.543,-137.429,-136.501,-133.643,0.977911,0.973516,0.968836,0.963071,0.954566,0.930993,0.947831,0.974715,0.968664,0.965297,0.957877,0.935731,0.921005,0.939041,2.81259,2.85313,0.453426,0.447775,0.97613,0.965343,0.00937533,0.00835176,0.0486203,0.0453146,-1.96615,-1.95689,2.97162,2.96531,0.945388,0.935816,0.017806,0.0174252,0.0227571,0.0211156,2.81458,2.86559,0.454986,0.450888,0.973201,0.96684,0.00923856,0.00835082,0.0485941,0.0453145,-1.97012,-1.9574,2.9746,2.97153,0.944175,0.93629,0.0177275,0.0174425,0.0226958,0.0211299,2.63743,2.76629,2.78074,2.8113,2.85095,2.86171,2.87262,2.73873,2.77806,2.79869,2.82731,2.86076,2.86713,2.87975,0.98964,0.9856,0.984876,0.983888,0.96327,0.960162,0.95231,0.986244,0.984619,0.984025,0.968149,0.929617,0.934754,0.942817,-1.98413,-1.97892,-1.96975,-1.96618,-1.95304,-1.95058,-1.94136,-1.97907,-1.96975,-1.96774,-1.96021,-1.95097,-1.9459,-1.93766,0.966405,0.959217,0.945353,0.945538,0.931987,0.921432,0.903138,0.9593,0.945353,0.946067,0.938037,0.931193,0.917195,0.871114,1149.87,1159.88,1143.12,4.15938,1095.57,1122.71,1127.34,1140.49,1155.35,1161.34,1173.09,1129.07,1137.97,1132.64,5.29883,1050.85,1101.65,1123.05,1134.49,1152.1,1158.48,1169.49,1284.86,1298.24,1286.85,3.91659,1252.19,1271.08,1275.25,1284.86,1295.97,1301.07,1307.73,1275.32,1285.97,1279.52,4.5544,1218.53,1255.04,1268.15,1277.58,1291.95,1297.03,1303.72,1122.46,1117.49,1139.62,6.12866,1077.46,1087.74,1112.96,1135.45,1170.9,1179.38,1196.85,1135.45,1137.45,1138.68,6.19828,1067.78,1091.22,1109.23,1137.15,1173.32,1179.38,1194.6,1270.83,1258.28,1274.73,4.18147,1237.44,1244.89,1257.1,1270.83,1286.69,1290.71,1330.74,1264.84,1265.93,1273.29,3.7276,1234.72,1245.53,1257.62,1269.58,1287.52,1293.73,1308.34,899.938,1.0
2007,1.609,1.0,0.477,2.035,1.0,2.506,2.35,1.0,1.681,0.131,1.995,2.802,2.438,1.609,1.0,0.477,2.035,1.0,2.506,2.35,1.0,138.643,1.0,134.041,138.643,1.0,273.777,1.0,273.609,273.777,1.0,262.117,1.0,264.06,262.117,1.0,3.582,1.0,3.489,3.582,1.0,94.431,94.441,0.999886,476.384,548.007,0.999943,2.918,3.055,0.998801,0.485774974271,0.906449771689,67.0212184933,0.999086757991,270.694918191,0.976369863014,-9999,-9999,21.5800057294,0.970376712329,20.4997099399,0.991837899543,324.767065592,0.999885844749,388.915,0.995548,5.169,1.0,-9999,-9999,-9999,1.0,30.8439,0.99395,-9999,0.152388,25.119,0.996005,-9999,0.217353,-9999,-9999,22.8356,25.1123,43.4362,45.6885,0.964441,0.957078,3.40789,3.41694,10.9789,10.5912,42.5518,45.2439,0.964155,0.958447,3.402,3.41824,10.9771,10.5917,43.4507,45.6502,0.961692,0.958282,1.68902,1.61291,26.2738,33.2778,35.7115,42.5238,48.0808,54.151,61.1685,27.5213,34.7737,39.4392,44.0752,53.0975,54.8235,61.0848,0.980765,0.976712,0.975342,0.968493,0.951313,0.945148,0.936929,0.979509,0.975913,0.971861,0.958676,0.948916,0.944292,0.935731,2.66025,2.67711,0.414436,0.403467,0.970938,0.96788,0.00874803,0.00875502,0.0541458,0.0541728,-1.12481,-1.12469,2.4089,2.4139,0.953534,0.939711,0.015226,0.0152753,0.0226643,0.0221041,2.65952,2.67678,0.41874,0.405272,0.96996,0.968188,0.00871946,0.00870271,0.0541412,0.0541643,-1.12859,-1.12616,2.40796,2.41338,0.953844,0.943014,0.0152061,0.0153074,0.0226509,0.0221263,2.55558,2.60139,2.61186,2.66025,2.68074,2.70826,2.74299,2.57217,2.60896,2.63363,2.67127,2.70145,2.71588,2.74313,0.987421,0.983286,0.982815,0.970938,0.967293,0.957525,0.950335,0.986403,0.982699,0.979696,0.966427,0.9602,0.957436,0.949519,-1.14349,-1.13671,-1.13255,-1.12883,-1.11597,-1.10314,-1.09342,-1.14604,-1.13463,-1.13126,-1.12551,-1.10428,-1.10268,-1.0941,0.970005,0.968324,0.94835,0.962839,0.933697,0.927843,0.918689,0.969619,0.967826,0.946698,0.942781,0.931713,0.930634,0.913324,1069.85,1066.55,1065.15,3.6225,1028.01,1037.42,1046.71,1065.92,1081.3,1092.94,1097.24,1057.32,1060.66,1059.35,3.88988,1022.49,1032.96,1038.46,1059.67,1071.53,1091.49,1098.63,1022.25,1021.31,1019.5,2.2274,995.967,1002.9,1007.06,1020.1,1024.31,1038.12,1040.49,1007.03,1018.11,1015.9,2.40499,994.413,1002.01,1004.02,1014.91,1022.44,1037.4,1039.71,1007.24,1012.39,1003.69,8.65116,887.771,965.165,977.027,992.489,1030.53,1065.52,1076.15,1021.27,1022.74,1036.22,11.4883,922.751,976.781,991.493,1014.03,1046.91,1123.16,1154.34,997.734,1011.34,1008.09,3.85727,954.287,980.906,998.962,1007.52,1018.14,1036.37,1043.52,1012.43,1011.89,1009.36,4.2994,960.241,974.45,1000.33,1011.15,1017.05,1044.43,1050.16,822.093,1.0
2008,0.982,1.0,-0.208,2.2,1.0,1.885,2.422,1.0,0.903,-0.754,2.117,2.128,2.581,0.982,1.0,-0.208,2.2,1.0,1.885,2.422,1.0,144.719,0.999488,140.804,144.719,0.999488,267.06,1.0,267.016,267.06,1.0,256.698,0.999488,255.556,256.707,0.999488,3.785,1.0,3.699,3.785,1.0,94.394,94.404,1.0,386.884,399.303,0.999943,2.831,3.026,1.0,0.471008934256,0.852800546448,67.6132294931,0.987932604736,286.108829159,0.930270947177,-9999,-9999,23.942956094,0.984688069217,20.7241657257,0.985143442623,322.346456512,1.0,390.398,0.998748,4.842,1.0,-9999,-9999,-9999,1.0,30.4736,0.994194,-9999,0.150901,25.3702,0.994592,-9999,0.222267,-9999,-9999,22.8579,25.0301,-71.7836,-72.917,0.962204,0.95378,3.92609,3.93168,9.1932,8.83954,-72.8268,-71.8441,0.960155,0.955943,3.9308,3.94333,9.19522,8.84473,-74.4047,-74.3712,0.950323,0.950854,1.52604,1.46997,-94.9819,-85.0017,-80.2937,-73.0727,-71.0159,-68.3763,-59.3148,-95.7437,-84.185,-79.5898,-72.917,-70.9,-68.3509,-60.3042,0.980476,0.975182,0.970515,0.95082,0.966587,0.928848,0.853597,0.980476,0.975182,0.970515,0.95378,0.966758,0.928848,0.908128,2.60579,2.60785,0.380232,0.378803,0.966271,0.957332,0.00883548,0.00895976,0.0670052,0.0662008,-1.64693,-1.65103,2.6753,2.67053,0.952382,0.945102,0.0180562,0.0180382,0.0199822,0.0201994,2.60063,2.61052,0.380017,0.381254,0.964157,0.958777,0.00884252,0.0089342,0.0670061,0.0661974,-1.64605,-1.6485,2.66906,2.67056,0.949967,0.947515,0.0180794,0.018111,0.0200031,0.0202644,2.44016,2.5161,2.53857,2.60271,2.62844,2.64894,2.68967,2.43315,2.51751,2.54185,2.60271,2.62849,2.6487,2.68065,0.985767,0.981528,0.978097,0.954641,0.932882,0.917148,0.899353,0.985767,0.981614,0.978878,0.967247,0.932882,0.924553,0.909147,-1.66217,-1.66003,-1.65469,-1.64711,-1.64581,-1.64291,-1.63804,-1.66218,-1.65896,-1.65562,-1.64967,-1.64481,-1.64078,-1.63639,0.919214,0.927295,0.967794,0.953899,0.959924,0.958033,0.955516,0.933478,0.92692,0.918582,0.944822,0.962557,0.956929,0.955897,1015.56,1008.8,1006.47,4.94432,937.092,976.565,990.248,1008.6,1021.94,1033.81,1051.51,998.263,999.908,1005.97,5.1292,940.113,974.956,989.452,1001.05,1023.05,1035.55,1054.89,1088.69,1080.64,1080.84,3.60533,1032.84,1060.75,1069.84,1079.85,1094.94,1101.51,1115.31,1070.41,1072.73,1080.37,3.72162,1035.09,1059.96,1069.7,1074.66,1095.05,1102.19,1112.46,1067.5,1062.43,1060.43,11.1201,931.86,978.842,1023.65,1057.56,1088.0,1094.27,1227.42,1031.35,1027.6,1046.76,12.7701,923.58,942.578,1010.55,1031.35,1085.71,1091.18,1221.73,1175.1,1154.14,1150.66,8.44433,1058.4,1090.25,1121.84,1148.68,1173.14,1179.32,1278.69,1159.01,1155.8,1153.98,9.13535,1055.84,1089.75,1115.7,1144.04,1178.24,1186.97,1279.73,838.299,1.0
2009,0.935,0.997717,-0.232,2.037,1.0,1.84,2.361,0.996681,0.838,-0.803,1.985,2.024,2.535,0.94,0.997717,-0.232,2.037,1.0,1.847,2.366,0.996681,140.698,0.997945,136.041,140.558,0.997945,267.537,0.992123,268.05,267.806,0.992123,257.1,0.997717,256.89,257.114,0.997717,3.479,0.997717,3.428,3.483,0.997717,94.506,94.514,0.967694,409.89,442.0,0.999943,2.771,2.965,0.968151,0.452090570761,0.904452054795,66.9158707222,0.955308219178,270.654976999,0.988184931507,-9999,-9999,22.4233336445,0.948515981735,20.0135367596,0.952511415525,321.360276396,0.967294520548,391.544,0.991667,4.328,0.992009,-9999,-9999,-9999,1.0,28.8762,0.99024,-9999,0.136927,24.6687,0.991324,-9999,0.215079,-9999,-9999,22.8274,25.1479,-161.719,-158.771,0.957021,0.947945,3.69396,3.62841,9.72174,8.96309,-162.098,-160.481,0.955993,0.949144,3.69905,3.64122,9.72367,8.96829,-162.63,-160.832,0.949745,0.946719,1.60894,1.49926,-185.209,-169.847,-168.615,-163.388,-155.418,-151.862,-147.327,-184.061,-168.601,-167.864,-161.886,-153.51,-152.209,-147.435,0.976598,0.967237,0.967066,0.951427,0.922717,0.939897,0.934989,0.976884,0.967066,0.962443,0.956963,0.92032,0.894635,0.937728,2.52473,2.56712,0.392272,0.390727,0.962456,0.956019,0.00837795,0.00828592,0.101343,0.0906144,-2.03986,-2.05184,2.78669,2.78962,0.948485,0.936254,0.0169799,0.0166711,0.0209797,0.0226872,2.52682,2.55665,0.390621,0.389932,0.961262,0.956857,0.00831307,0.00827469,0.101338,0.0906133,-2.04255,-2.05322,2.79047,2.78562,0.94781,0.937803,0.0170342,0.0167459,0.0210236,0.0227422,2.34187,2.44531,2.46681,2.52473,2.59631,2.64731,2.66032,2.35371,2.46679,2.49188,2.55157,2.61598,2.64726,2.65802,0.984694,0.979354,0.975599,0.962456,0.947621,0.910997,0.941599,0.984998,0.975599,0.972841,0.957501,0.947376,0.910997,0.896122,-2.07578,-2.0582,-2.05584,-2.0489,-2.03857,-2.03355,-2.02632,-2.07707,-2.0683,-2.05612,-2.05213,-2.04255,-2.03752,-2.02776,0.910209,0.930776,0.927662,0.944395,0.960357,0.969806,0.966513,0.887116,0.917369,0.933753,0.952166,0.954475,0.959654,0.962871,986.14,978.911,983.725,5.51294,913.484,953.745,960.492,980.078,997.619,1013.2,1047.56,979.049,980.232,978.125,6.01753,907.347,943.517,953.655,978.154,989.304,1012.14,1050.18,1143.58,1139.39,1144.56,4.26376,1097.54,1122.35,1128.53,1141.93,1148.62,1160.86,1199.77,1125.94,1142.33,1140.75,4.63456,1092.56,1113.23,1122.68,1138.89,1145.6,1158.68,1203.08,1072.65,1076.6,1033.22,15.5358,880.457,903.051,931.16,1068.88,1115.27,1128.31,1160.98,963.701,988.486,1008.89,17.0575,856.51,892.085,904.984,971.208,1104.77,1140.02,1158.67,1209.65,1209.34,1184.5,9.73463,1073.97,1107.04,1121.84,1209.53,1235.37,1240.39,1260.25,1192.33,1158.67,1170.42,10.8235,1074.39,1093.9,1105.56,1148.4,1231.49,1247.83,1264.73,757.41,1.0
2010,2.55,0.9996,1.444,1.869,1.0,3.396,2.251,0.999236,2.337,0.821,1.803,3.486,2.347,2.551,0.9996,1.444,1.869,1.0,3.398,2.251,0.999236,130.84,0.998174,127.63,130.869,0.998174,279.543,0.998744,278.399,279.551,0.998744,269.517,0.998116,270.237,269.496,0.998116,3.43,0.9996,3.128,3.43,0.9996,94.394,94.405,0.989783,654.168,705.0,0.999315,2.752,2.821,0.989783,0.462202671748,0.835102739726,63.8056824073,0.985216894977,251.734178241,0.986529680365,-9999,-9999,20.18692397,0.963127853881,18.5528772802,0.980650684932,329.131571612,0.987271689498,395.233,0.98887,4.472,0.998744,-9999,-9999,-9999,1.0,30.056,0.985616,-9999,0.142921,19.5134,0.985103,-9999,0.198027,-9999,-9999,22.7315,25.0877,-104.021,-112.727,0.939954,0.929224,4.10632,4.01919,10.5812,11.4354,-105.011,-114.777,0.939098,0.92968,4.09524,4.04988,10.577,11.4462,-109.017,-111.191,0.934491,0.927434,1.17386,1.23057,-125.264,-122.453,-110.653,-107.977,-103.716,-102.949,-101.725,-125.979,-124.671,-114.536,-109.108,-105.709,-103.259,-102.476,0.894521,0.912957,0.928482,0.923402,0.943208,0.94258,0.950913,0.890982,0.899658,0.965639,0.934189,0.939669,0.949829,0.942523,2.72909,2.68471,0.44358,0.410448,0.953974,0.937592,0.00896765,0.00856339,0.0470186,0.0472968,-1.74113,-1.7574,2.90799,2.89232,0.923612,0.915676,0.0189934,0.0187338,0.0294078,0.0298206,2.72648,2.67317,0.437191,0.415191,0.953323,0.939696,0.00890842,0.00849797,0.0470073,0.047285,-1.74435,-1.75956,2.90968,2.88814,0.922779,0.915086,0.018962,0.0188908,0.0293875,0.0299195,2.62397,2.64639,2.68338,2.70879,2.72965,2.7387,2.7473,2.624,2.64027,2.66339,2.70694,2.72298,2.7333,2.74133,0.907351,0.898448,0.869728,0.948986,0.957687,0.957505,0.962782,0.907351,0.901899,0.897727,0.952933,0.954135,0.957047,0.957859,-1.79827,-1.77872,-1.75403,-1.74631,-1.73905,-1.73382,-1.72778,-1.79808,-1.78682,-1.75895,-1.75222,-1.74224,-1.74041,-1.73164,0.869666,0.89971,0.917383,0.906771,0.931018,0.937142,0.949101,0.869324,0.888807,0.915441,0.91106,0.926257,0.924296,0.941849,1059.07,1086.48,1068.63,2.915,1040.3,1045.59,1055.55,1068.92,1084.39,1086.69,1089.94,1082.43,1092.01,1071.34,2.45679,1042.85,1049.44,1057.23,1076.69,1083.15,1086.58,1090.66,1168.62,1201.26,1179.82,2.3513,1155.46,1166.15,1167.68,1184.23,1190.07,1195.23,1200.53,1187.51,1197.02,1180.36,1.97906,1158.95,1166.29,1168.68,1183.74,1188.67,1194.63,1197.17,1047.6,1048.09,1066.96,8.08286,1013.1,1025.98,1033.58,1043.72,1074.69,1129.23,1157.31,1026.56,1027.34,1057.71,6.38728,1011.49,1028.0,1034.14,1046.7,1062.32,1077.45,1137.49,1185.16,1182.64,1192.58,3.49497,1165.33,1171.83,1178.26,1187.07,1195.27,1225.2,1235.1,1191.01,1186.57,1188.36,2.92326,1167.83,1172.3,1175.69,1185.76,1193.64,1201.58,1224.1,936.837,1.0
