TIMESTAMP,TA_F_MDS,TA_F_MDS_QC,TA_F_MDS_NIGHT,TA_F_MDS_NIGHT_SD,TA_F_MDS_NIGHT_QC,TA_F_MDS_DAY,TA_F_MDS_DAY_SD,TA_F_MDS_DAY_QC,TA_ERA,TA_ERA_NIGHT,TA_ERA_NIGHT_SD,TA_ERA_DAY,TA_ERA_DAY_SD,TA_F,TA_F_QC,TA_F_NIGHT,TA_F_NIGHT_SD,TA_F_NIGHT_QC,TA_F_DAY,TA_F_DAY_SD,TA_F_DAY_QC,SW_IN_F_MDS,SW_IN_F_MDS_QC,SW_IN_ERA,SW_IN_F,SW_IN_F_QC,LW_IN_F_MDS,LW_IN_F_MDS_QC,LW_IN_ERA,LW_IN_F,LW_IN_F_QC,LW_IN_JSB,LW_IN_JSB_QC,LW_IN_JSB_ERA,LW_IN_JSB_F,LW_IN_JSB_F_QC,VPD_F_MDS,VPD_F_MDS_QC,VPD_ERA,VPD_F,VPD_F_QC,PA_ERA,PA_F,PA_F_QC,P_ERA,P_F,P_F_QC,WS_ERA,WS_F,WS_F_QC,USTAR,USTAR_QC,NETRAD,NETRAD_QC,PPFD_IN,PPFD_IN_QC,PPFD_OUT,PPFD_OUT_QC,CO2_F_MDS,CO2_F_MDS_QC,TS_F_MDS_1,TS_F_MDS_1_QC,SWC_F_MDS_1,SWC_F_MDS_1_QC,G_F_MDS,G_F_MDS_QC,LE_F_MDS,LE_F_MDS_QC,LE_CORR,LE_RANDUNC,H_F_MDS,H_F_MDS_QC,H_CORR,H_RANDUNC,EBC_CF_N,EBC_CF_METHOD,NIGHT_RANDUNC_N,DAY_RANDUNC_N,NEE_CUT_REF,NEE_VUT_REF,NEE_CUT_REF_QC,NEE_VUT_REF_QC,NEE_CUT_REF_RANDUNC,NEE_VUT_REF_RANDUNC,NEE_CUT_REF_JOINTUNC,NEE_VUT_REF_JOINTUNC,NEE_CUT_USTAR50,NEE_VUT_USTAR50,NEE_CUT_USTAR50_QC,NEE_VUT_USTAR50_QC,NEE_CUT_USTAR50_RANDUNC,NEE_VUT_USTAR50_RANDUNC,NEE_CUT_USTAR50_JOINTUNC,NEE_VUT_USTAR50_JOINTUNC,NEE_CUT_MEAN,NEE_VUT_MEAN,NEE_CUT_MEAN_QC,NEE_VUT_MEAN_QC,NEE_CUT_SE,NEE_VUT_SE,NEE_CUT_05,NEE_CUT_16,NEE_CUT_25,NEE_CUT_50,NEE_CUT_75,NEE_CUT_84,NEE_CUT_95,NEE_VUT_05,NEE_VUT_16,NEE_VUT_25,NEE_VUT_50,NEE_VUT_75,NEE_VUT_84,NEE_VUT_95,NEE_CUT_05_QC,NEE_CUT_16_QC,NEE_CUT_25_QC,NEE_CUT_50_QC,NEE_CUT_75_QC,NEE_CUT_84_QC,NEE_CUT_95_QC,NEE_VUT_05_QC,NEE_VUT_16_QC,NEE_VUT_25_QC,NEE_VUT_50_QC,NEE_VUT_75_QC,NEE_VUT_84_QC,NEE_VUT_95_QC,NEE_CUT_REF_NIGHT,NEE_VUT_REF_NIGHT,NEE_CUT_REF_NIGHT_SD,NEE_VUT_REF_NIGHT_SD,NEE_CUT_REF_NIGHT_QC,NEE_VUT_REF_NIGHT_QC,NEE_CUT_REF_NIGHT_RANDUNC,NEE_VUT_REF_NIGHT_RANDUNC,NEE_CUT_REF_NIGHT_JOINTUNC,NEE_VUT_REF_NIGHT_JOINTUNC,NEE_CUT_REF_DAY,NEE_VUT_REF_DAY,NEE_CUT_REF_DAY_SD,NEE_VUT_REF_DAY_SD,NEE_CUT_REF_DAY_QC,NEE_VUT_REF_DAY_QC,NEE_CUT_REF_DAY_RANDUNC,NEE_VUT_REF_DAY_RANDUNC,NEE_CUT_REF_DAY_JOINTUNC,NEE_VUT_REF_DAY_JOINTUNC,NEE_CUT_USTAR50_NIGHT,NEE_VUT_USTAR50_NIGHT,NEE_CUT_USTAR50_NIGHT_SD,NEE_VUT_USTAR50_NIGHT_SD,NEE_CUT_USTAR50_NIGHT_QC,NEE_VUT_USTAR50_NIGHT_QC,NEE_CUT_USTAR50_NIGHT_RANDUNC,NEE_VUT_USTAR50_NIGHT_RANDUNC,NEE_CUT_USTAR50_NIGHT_JOINTUNC,NEE_VUT_USTAR50_NIGHT_JOINTUNC,NEE_CUT_USTAR50_DAY,NEE_VUT_USTAR50_DAY,NEE_CUT_USTAR50_DAY_SD,NEE_VUT_USTAR50_DAY_SD,NEE_CUT_USTAR50_DAY_QC,NEE_VUT_USTAR50_DAY_QC,NEE_CUT_USTAR50_DAY_RANDUNC,NEE_VUT_USTAR50_DAY_RANDUNC,NEE_CUT_USTAR50_DAY_JOINTUNC,NEE_VUT_USTAR50_DAY_JOINTUNC,NEE_CUT_05_NIGHT,NEE_CUT_16_NIGHT,NEE_CUT_25_NIGHT,NEE_CUT_50_NIGHT,NEE_CUT_75_NIGHT,NEE_CUT_84_NIGHT,NEE_CUT_95_NIGHT,NEE_VUT_05_NIGHT,NEE_VUT_16_NIGHT,NEE_VUT_25_NIGHT,NEE_VUT_50_NIGHT,NEE_VUT_75_NIGHT,NEE_VUT_84_NIGHT,NEE_VUT_95_NIGHT,NEE_CUT_05_NIGHT_QC,NEE_CUT_16_NIGHT_QC,NEE_CUT_25_NIGHT_QC,NEE_CUT_50_NIGHT_QC,NEE_CUT_75_NIGHT_QC,NEE_CUT_84_NIGHT_QC,NEE_CUT_95_NIGHT_QC,NEE_VUT_05_NIGHT_QC,NEE_VUT_16_NIGHT_QC,NEE_VUT_25_NIGHT_QC,NEE_VUT_50_NIGHT_QC,NEE_VUT_75_NIGHT_QC,NEE_VUT_84_NIGHT_QC,NEE_VUT_95_NIGHT_QC,NEE_CUT_05_DAY,NEE_CUT_16_DAY,NEE_CUT_25_DAY,NEE_CUT_50_DAY,NEE_CUT_75_DAY,NEE_CUT_84_DAY,NEE_CUT_95_DAY,NEE_VUT_05_DAY,NEE_VUT_16_DAY,NEE_VUT_25_DAY,NEE_VUT_50_DAY,NEE_VUT_75_DAY,NEE_VUT_84_DAY,NEE_VUT_95_DAY,NEE_CUT_05_DAY_QC,NEE_CUT_16_DAY_QC,NEE_CUT_25_DAY_QC,NEE_CUT_50_DAY_QC,NEE_CUT_75_DAY_QC,NEE_CUT_84_DAY_QC,NEE_CUT_95_DAY_QC,NEE_VUT_05_DAY_QC,NEE_VUT_16_DAY_QC,NEE_VUT_25_DAY_QC,NEE_VUT_50_DAY_QC,NEE_VUT_75_DAY_QC,NEE_VUT_84_DAY_QC,NEE_VUT_95_DAY_QC,RECO_NT_VUT_REF,RECO_NT_VUT_USTAR50,RECO_NT_VUT_MEAN,RECO_NT_VUT_SE,RECO_NT_VUT_05,RECO_NT_VUT_16,RECO_NT_VUT_25,RECO_NT_VUT_50,RECO_NT_VUT_75,RECO_NT_VUT_84,RECO_NT_VUT_95,RECO_NT_CUT_REF,RECO_NT_CUT_USTAR50,RECO_NT_CUT_MEAN,RECO_NT_CUT_SE,RECO_NT_CUT_05,RECO_NT_CUT_16,RECO_NT_CUT_25,RECO_NT_CUT_50,RECO_NT_CUT_75,RECO_NT_CUT_84,RECO_NT_CUT_95,GPP_NT_VUT_REF,GPP_NT_VUT_USTAR50,GPP_NT_VUT_MEAN,GPP_NT_VUT_SE,GPP_NT_VUT_05,GPP_NT_VUT_16,GPP_NT_VUT_25,GPP_NT_VUT_50,GPP_NT_VUT_75,GPP_NT_VUT_84,GPP_NT_VUT_95,GPP_NT_CUT_REF,GPP_NT_CUT_USTAR50,GPP_NT_CUT_MEAN,GPP_NT_CUT_SE,GPP_NT_CUT_05,GPP_NT_CUT_16,GPP_NT_CUT_25,GPP_NT_CUT_50,GPP_NT_CUT_75,GPP_NT_CUT_84,GPP_NT_CUT_95,RECO_DT_VUT_REF,RECO_DT_VUT_USTAR50,RECO_DT_VUT_MEAN,RECO_DT_VUT_SE,RECO_DT_VUT_05,RECO_DT_VUT_16,RECO_DT_VUT_25,RECO_DT_VUT_50,RECO_DT_VUT_75,RECO_DT_VUT_84,RECO_DT_VUT_95,RECO_DT_CUT_REF,RECO_DT_CUT_USTAR50,RECO_DT_CUT_MEAN,RECO_DT_CUT_SE,RECO_DT_CUT_05,RECO_DT_CUT_16,RECO_DT_CUT_25,RECO_DT_CUT_50,RECO_DT_CUT_75,RECO_DT_CUT_84,RECO_DT_CUT_95,GPP_DT_VUT_REF,GPP_DT_VUT_USTAR50,GPP_DT_VUT_MEAN,GPP_DT_VUT_SE,GPP_DT_VUT_05,GPP_DT_VUT_16,GPP_DT_VUT_25,GPP_DT_VUT_50,GPP_DT_VUT_75,GPP_DT_VUT_84,GPP_DT_VUT_95,GPP_DT_CUT_REF,GPP_DT_CUT_USTAR50,GPP_DT_CUT_MEAN,GPP_DT_CUT_SE,GPP_DT_CUT_05,GPP_DT_CUT_16,GPP_DT_CUT_25,GPP_DT_CUT_50,GPP_DT_CUT_75,GPP_DT_CUT_84,GPP_DT_CUT_95,RECO_SR,RECO_SR_N
2004,-9999,-9999,-9999,-9999,-9999,-9999,-9999,-9999,11.354,9.444,1.712,13.085,2.752,11.705,0.669285,9.817,1.473,0.669711,13.415,2.252,0.669126,-9999,-9999,202.452,209.294,0.624089,-9999,-9999,323.262,323.262,0.0,-9999,-9999,299.96,306.384,0.622723,-9999,-9999,7.747,7.407,0.667976,84.101,84.166,0.490551,569.284,569.284,0.0,2.13,2.327,0.64276,0.277708279392,0.635815118397,95.1313161789,0.66581284153,422.666382993,0.609801912568,-9999,-9999,-9999,-9999,-9999,-9999,-9999,-9999,-6.0808,3.0,34.2192,0.509164,40.8581,0.114457,57.9298,0.505749,69.1688,0.193698,0.500512,1,13.7678,15.7268,-294.514,-298.671,0.478825,0.500342,1.71569,1.66392,14.8101,8.17351,-297.006,-297.552,0.48446,0.500968,1.71774,1.6639,14.8104,8.1735,-293.264,-307.27,0.466025,0.499397,3.07552,1.16834,-313.662,-308.927,-303.994,-298.538,-282.993,-279.506,-265.854,-319.199,-314.159,-313.206,-309.498,-298.671,-298.154,-297.568,0.452869,0.49778,0.489697,0.417407,0.396232,0.469092,0.466985,0.503188,0.502903,0.501537,0.4963,0.500342,0.500455,0.500968,0.326744,0.280251,0.393656,0.50902,0.485606,0.506445,0.00452525,0.00465117,0.110729,0.078125,-1.761,-1.73416,0.874128,0.874747,0.470992,0.495395,0.00748853,0.00716932,0.0925374,0.0235769,0.306896,0.28185,0.436549,0.498538,0.487871,0.507383,0.00452905,0.00465121,0.110729,0.078125,-1.74888,-1.72991,0.851696,0.872642,0.481262,0.495529,0.0074982,0.00716919,0.0925382,0.0235768,0.107121,0.177068,0.219173,0.295901,0.344785,0.398342,0.468861,0.110945,0.149071,0.16576,0.226167,0.294828,0.305043,0.326205,0.369359,0.399746,0.455835,0.488514,0.492237,0.498629,0.509127,0.488124,0.4952,0.498481,0.507484,0.508473,0.509356,0.510872,-1.85736,-1.82339,-1.78407,-1.74508,-1.69345,-1.63892,-1.53072,-1.77233,-1.74975,-1.74177,-1.73205,-1.71113,-1.70482,-1.69827,0.364994,0.427495,0.452273,0.481494,0.490603,0.494624,0.498516,0.484589,0.491362,0.493474,0.495678,0.49817,0.499546,0.49964,134.825,144.133,134.302,3.03379,96.4111,112.072,119.83,138.207,149.144,150.919,161.516,146.168,155.912,153.192,5.68937,100.779,113.366,138.073,151.22,161.246,164.405,216.56,449.191,441.686,441.572,2.16363,415.498,425.602,431.751,441.701,449.273,452.436,461.661,445.261,452.918,446.456,4.70088,403.927,410.072,427.028,448.735,459.487,461.416,485.196,450.02,447.546,383.351,11.2707,277.005,282.685,288.685,397.319,444.878,449.32,455.1,306.349,82.4041,251.983,20.9358,82.3989,88.6012,91.9474,282.487,350.197,374.321,442.363,508.96,520.721,484.704,7.3168,379.275,441.821,455.019,486.916,520.979,532.968,544.719,199.877,196.292,366.649,25.5571,163.65,192.368,196.148,418.907,439.68,520.721,549.051,-9999,-9999
2005,11.428,0.959989,9.484,1.415,0.96347,13.088,2.086,0.956731,11.222,9.239,1.747,12.996,2.805,11.497,0.959989,9.521,1.45,0.96347,13.191,2.119,0.956731,214.609,0.917409,206.017,221.012,0.917409,-9999,-9999,320.109,320.109,0.0,287.738,0.887443,298.113,291.505,0.887443,8.776,0.920034,8.181,8.686,0.920034,84.139,84.106,0.935559,303.022,182.427,1.0,2.195,2.356,0.901256,0.239073511028,0.89252283105,92.8053835175,0.880878995434,375.416981253,0.898230593607,46.2301136911,0.811015981735,361.156,0.529509,12.93,0.960502,17.082,0.95976,-3.11387,3.0,17.2211,0.929623,20.0869,0.0875231,60.4775,0.930194,70.5419,0.159252,0.875685,1,13.9397,14.8575,48.4673,41.3673,0.516096,0.52637,1.5085,1.37509,16.797,3.1738,46.1253,41.1473,0.519578,0.527454,1.50156,1.37451,16.7964,3.17354,56.5566,43.4694,0.505979,0.522887,3.8131,0.748111,40.4134,41.5597,42.2373,46.0664,55.9405,75.0179,104.336,39.1847,40.3495,40.9703,41.4089,45.0832,46.0704,53.004,0.527911,0.527683,0.524658,0.522317,0.497089,0.481678,0.446747,0.528025,0.527911,0.527568,0.527568,0.52089,0.51758,0.505651,0.0616735,0.0470522,0.11705,0.136966,0.522331,0.533126,0.00506106,0.00456735,0.0697456,0.0442993,0.195138,0.175257,0.390481,0.395486,0.51064,0.520255,0.00608599,0.00558265,0.0790098,0.0183976,0.0607489,0.0489267,0.118372,0.14418,0.524276,0.534641,0.00502912,0.0045716,0.0697433,0.0442997,0.185838,0.17326,0.390281,0.397014,0.51495,0.521061,0.00606434,0.0055758,0.0790081,0.0183955,-0.0385597,-0.0105414,0.0172283,0.0569156,0.102294,0.128582,0.1608,-0.0239424,0.00178589,0.0246517,0.0496913,0.0782029,0.0899123,0.114575,0.440808,0.479319,0.499713,0.522602,0.531224,0.534703,0.536155,0.491749,0.516074,0.527096,0.534793,0.535546,0.536003,0.536443,0.152879,0.161765,0.169365,0.188928,0.23522,0.319315,0.45884,0.153881,0.164308,0.167669,0.174058,0.186673,0.199368,0.240752,0.405148,0.463631,0.498637,0.515314,0.518811,0.520448,0.521786,0.492983,0.511915,0.517937,0.52097,0.521685,0.521786,0.521878,19.3442,17.5064,26.4615,1.8659,15.763,17.5595,18.1608,20.3709,37.8352,41.3519,50.6797,39.8012,43.0475,39.042,2.27104,17.3721,19.154,21.7308,40.2072,47.5856,56.6676,60.6815,-15.4108,-23.6409,-17.0079,1.22516,-23.6872,-23.4217,-22.2542,-20.8928,-13.4682,-6.11584,-2.88218,-4.26007,-3.07779,-17.5147,2.72719,-58.4796,-23.8511,-22.2611,-14.7276,-6.05379,-4.66114,-3.20133,109.108,111.39,100.255,2.06753,76.8617,86.096,90.2778,98.3641,110.591,113.247,119.088,112.805,146.928,131.517,5.83073,62.7062,90.7422,103.733,130.589,164.301,167.289,171.743,144.211,142.673,126.561,12.9846,0.389736,4.35897,5.06788,143.944,205.974,208.06,215.148,246.525,238.805,199.414,13.6584,0.837949,10.6167,207.836,220.097,242.963,249.415,271.427,-9999,-9999
2006,11.638,0.850685,10.331,1.145,0.853411,12.718,1.638,0.8481,12.093,10.225,1.658,13.738,2.646,11.988,0.850685,10.537,1.257,0.853411,13.245,1.858,0.8481,186.514,0.591952,198.839,198.064,0.591952,-9999,-9999,332.33,332.33,0.0,313.037,0.4496,305.272,306.474,0.4496,7.501,0.698516,8.154,8.341,0.698516,84.102,84.109,0.764384,696.007,411.478,1.0,2.197,2.392,0.792637,0.265166360155,0.761643835616,94.530303341,0.842694063927,341.885670841,0.567066210046,-9999,-9999,371.483,0.804452,13.037,0.879852,24.512,0.0997146,-3.76423,3.0,25.1375,0.82871,30.8682,0.117473,47.1389,0.831221,57.8854,0.174739,0.821347,1,17.3973,19.2082,12.9132,3.75225,0.730936,0.751769,1.94319,1.86385,21.0133,10.9106,8.8761,1.17235,0.7371,0.759475,1.95333,1.87529,21.0142,10.9125,16.5765,4.17531,0.714857,0.754511,3.91931,1.56572,-6.1091,-3.45306,0.00180254,8.54937,18.3067,38.3934,61.3481,-6.5212,-5.86003,-4.03691,0.715761,8.99497,15.6404,22.6187,0.796918,0.779167,0.764384,0.738584,0.701884,0.642751,0.559132,0.798687,0.794635,0.78379,0.759874,0.737329,0.726541,0.689326,0.28054,0.247326,0.30057,0.304009,0.699472,0.727275,0.00665463,0.00626806,0.115211,0.0901504,-0.162523,-0.181489,0.735869,0.74515,0.750428,0.765855,0.00769817,0.00746623,0.0966007,0.0338459,0.269246,0.234035,0.299986,0.307265,0.706229,0.738823,0.00669498,0.00631743,0.115213,0.0901538,-0.175267,-0.182323,0.74391,0.747209,0.756729,0.770544,0.00773421,0.00750456,0.0966036,0.0338544,0.059162,0.122851,0.176313,0.259162,0.320273,0.352888,0.406662,0.117418,0.146489,0.173702,0.233088,0.293841,0.326354,0.358131,0.533075,0.591961,0.660535,0.708841,0.740998,0.767686,0.80409,0.650816,0.674187,0.706637,0.738332,0.772026,0.804904,0.814532,-0.233212,-0.214073,-0.19884,-0.170532,-0.113889,-0.0214865,0.154434,-0.222276,-0.210348,-0.200768,-0.180817,-0.163496,-0.144324,-0.0845898,0.523405,0.634825,0.711901,0.757215,0.772229,0.777836,0.781613,0.697385,0.730933,0.755562,0.770171,0.777368,0.780666,0.782363,105.699,109.109,108.289,2.83086,82.2471,85.1043,90.593,106.339,123.899,127.061,135.191,120.607,124.459,121.979,3.68049,83.8438,91.3569,101.579,124.085,132.759,151.174,157.724,114.835,107.937,104.113,1.51859,88.7683,90.9644,94.6299,105.211,113.058,114.67,115.152,114.213,115.583,105.403,1.81083,78.7043,92.7821,96.9743,108.16,114.213,115.899,116.697,317.147,516.011,346.136,8.7792,233.959,283.984,313.196,342.816,383.241,396.963,411.201,274.024,254.15,318.187,18.7505,214.683,229.651,245.451,270.727,350.873,368.534,532.262,251.441,351.319,257.425,4.90897,194.434,228.645,240.163,259.431,272.943,285.235,295.736,201.255,197.337,222.792,5.64273,177.559,192.182,198.917,217.085,233.988,244.076,305.228,-9999,-9999
2007,11.629,0.903995,10.237,1.044,0.905478,12.856,1.596,0.902211,11.762,9.856,1.744,13.465,2.79,11.284,0.903995,9.846,1.193,0.905478,12.569,1.727,0.902211,196.668,0.709247,201.694,202.259,0.709247,-9999,-9999,327.24,327.24,0.0,306.169,0.708276,302.29,304.047,0.708276,7.376,0.90137,8.166,7.083,0.90137,84.139,84.146,0.853425,511.235,385.11,1.0,2.18,2.024,0.828824,0.263489671097,0.580136986301,91.4398781186,0.901484018265,397.338910303,0.666666666667,-9999,-9999,375.545,0.835445,12.266,0.904966,25.931,0.905023,-3.31125,3.0,23.9945,0.872432,29.0474,0.124787,52.3177,0.835616,63.3351,0.175035,0.826199,1,20.7342,23.4603,7.86325,0.661405,0.745548,0.760902,1.73485,1.7121,25.6324,9.04673,4.42974,-2.402,0.7496,0.76347,1.73476,1.70658,25.6324,9.04569,17.6667,1.49626,0.731309,0.758724,6.03756,1.86752,-11.8312,-9.57751,-6.20558,4.38669,19.251,41.5697,92.9482,-10.502,-8.49861,-7.54814,-2.42896,6.48945,9.26788,25.4686,0.788356,0.782249,0.773116,0.749144,0.727454,0.681621,0.602683,0.782534,0.778425,0.776541,0.763927,0.747432,0.743151,0.714098,0.333497,0.318775,0.248515,0.243906,0.73538,0.748214,0.00559036,0.00547162,0.0941772,0.0561773,-0.263495,-0.287383,0.830356,0.827651,0.761664,0.780098,0.00707357,0.00701559,0.122546,0.0421801,0.329274,0.314179,0.247469,0.239285,0.735612,0.750416,0.00559054,0.00545058,0.0941772,0.0561752,-0.277885,-0.298138,0.830138,0.834238,0.771492,0.783149,0.00707293,0.00699502,0.122546,0.0421766,0.174444,0.222988,0.262739,0.317908,0.374208,0.41101,0.461398,0.237509,0.26232,0.277506,0.309397,0.355514,0.374141,0.403937,0.59283,0.678066,0.722917,0.741723,0.759498,0.766079,0.771725,0.699551,0.729096,0.737815,0.751979,0.760931,0.763553,0.766343,-0.348967,-0.331032,-0.315867,-0.276604,-0.198149,-0.0863492,0.18928,-0.340614,-0.325882,-0.318231,-0.297609,-0.268279,-0.242697,-0.166918,0.549092,0.635806,0.717336,0.77262,0.792649,0.803652,0.810705,0.699707,0.738184,0.765429,0.783168,0.798831,0.801082,0.804686,127.692,127.281,127.67,0.514875,124.883,125.292,125.643,126.74,127.772,129.989,134.71,126.309,126.234,131.435,1.63683,119.496,125.299,125.939,126.942,131.027,141.895,153.254,122.867,129.683,126.174,1.41527,104.665,112.742,122.806,129.445,133.091,133.571,134.005,122.933,121.805,113.768,4.49632,43.2006,89.724,109.048,122.62,131.327,132.989,134.014,318.171,417.51,324.637,6.54175,257.033,287.832,306.825,320.314,337.512,344.018,417.764,293.33,403.2,303.03,8.96543,196.124,224.03,273.067,297.923,342.435,368.567,384.061,241.348,288.437,247.364,3.87677,181.741,230.379,241.348,249.856,258.41,261.347,288.753,240.397,277.665,240.098,7.57355,143.982,167.162,226.334,256.073,272.003,276.999,281.994,-9999,-9999
2008,11.857,0.944501,10.43,1.214,0.946038,13.089,1.634,0.942601,11.689,9.811,1.667,13.365,2.675,11.921,0.944501,10.45,1.265,0.946038,13.214,1.704,0.942601,203.762,0.83339,200.288,208.074,0.83339,-9999,-9999,329.579,329.579,0.0,306.728,0.833049,303.66,306.084,0.833049,7.796,0.943704,8.182,7.877,0.943704,84.059,84.041,0.882172,684.142,660.086,0.999943,2.359,2.363,0.868796,0.24353358104,0.855191256831,90.3576683334,0.931124772313,437.15076458,0.809369307832,34.5539699783,0.771801001821,378.806,0.893386,11.442,0.944501,26.284,0.944843,-6.33407,3.0,26.0065,0.90995,31.2819,0.129368,51.0603,0.896744,61.4179,0.175673,0.881546,1,22.571,24.6694,-0.909952,-5.98018,0.833618,0.843408,1.79441,1.79097,34.436,8.77126,-3.49563,-8.95815,0.837944,0.845913,1.79744,1.79363,34.4362,8.7718,9.40933,-8.81756,0.819641,0.844527,6.57995,1.6532,-31.0261,-23.0324,-15.8507,-3.41132,10.8762,45.7461,91.6154,-23.22,-19.341,-16.7209,-9.6266,-3.12306,-2.16805,1.22984,0.873179,0.863559,0.854451,0.839709,0.815574,0.772199,0.705487,0.863559,0.858265,0.855476,0.846368,0.835155,0.836919,0.824169,0.331384,0.326245,0.251349,0.248395,0.83382,0.841717,0.00557352,0.00555331,0.116161,0.062594,-0.265343,-0.286583,0.83403,0.839203,0.835853,0.848209,0.00747313,0.00746396,0.141806,0.0319157,0.329561,0.316036,0.251826,0.255983,0.834785,0.843728,0.00559326,0.00557505,0.116162,0.0625959,-0.277699,-0.291999,0.833781,0.839986,0.84324,0.851316,0.00747926,0.00746659,0.141806,0.0319164,0.118912,0.196545,0.247803,0.318624,0.385355,0.428599,0.470705,0.201891,0.244466,0.265715,0.310328,0.350127,0.36916,0.391219,0.680062,0.772269,0.804062,0.842284,0.852422,0.860778,0.875449,0.800161,0.832462,0.835364,0.844583,0.853453,0.857006,0.861179,-0.351716,-0.332156,-0.313916,-0.276388,-0.200319,-0.0489393,0.169783,-0.335145,-0.322845,-0.316803,-0.292684,-0.270371,-0.260784,-0.221402,0.63515,0.734231,0.806033,0.844025,0.857626,0.864396,0.869072,0.807809,0.835112,0.84124,0.851041,0.858222,0.861538,0.864167,130.118,133.042,133.632,1.79771,116.618,121.7,125.434,131.857,140.236,143.348,151.842,138.002,138.744,139.6,2.96194,105.824,116.889,126.806,138.385,150.692,159.013,167.921,142.387,142.0,142.449,0.521327,139.052,140.385,140.892,142.155,143.139,145.217,148.216,142.9,142.24,130.191,4.94745,40.6551,110.198,136.297,141.197,142.9,147.285,148.377,230.428,238.724,260.139,7.45527,198.609,206.514,218.908,239.735,298.914,319.76,341.292,199.166,245.194,245.675,7.36009,170.728,194.573,211.607,245.301,273.007,291.966,317.256,227.086,197.734,210.527,2.29849,196.248,198.225,199.438,204.494,218.546,228.493,237.734,205.791,206.918,199.798,4.35274,122.107,182.003,194.465,206.713,211.596,216.59,225.672,-9999,-9999
2009,12.508,0.971975,11.085,1.258,0.975489,13.725,1.692,0.967494,12.171,10.223,1.755,13.89,2.729,12.384,0.971975,10.961,1.289,0.975489,13.601,1.729,0.967494,215.356,0.940811,202.749,216.293,0.940811,-9999,-9999,330.829,330.829,0.0,303.071,0.939269,304.393,302.279,0.939269,8.863,0.962557,8.636,8.754,0.962557,83.994,83.956,0.900342,724.342,1143.884,0.999943,2.348,2.639,0.923858,0.297343751834,0.91752283105,90.9130491391,0.912271689498,431.12249092,0.915696347032,54.5307692309,0.871175799087,373.966,0.959589,12.812,0.941553,21.533,0.973174,-5.38402,3.0,24.2487,0.954566,28.9351,0.118381,57.417,0.961244,68.5137,0.196649,2.0,2,22.9644,25.0301,15.2841,10.4726,0.930422,0.934304,1.63268,1.61948,31.1561,10.55,10.9421,9.06542,0.93339,0.938527,1.63281,1.61821,31.1561,10.5499,23.827,10.2893,0.914642,0.93611,5.83822,1.99002,-9.79257,-6.19474,0.839061,10.7599,29.551,56.0319,88.1184,-5.91472,-1.5498,1.11668,8.46687,13.3215,19.3002,31.0764,0.951313,0.949943,0.947888,0.934018,0.915354,0.871404,0.814783,0.949886,0.949486,0.947888,0.93847,0.931963,0.927112,0.913242,0.348635,0.332606,0.255582,0.265011,0.941913,0.944333,0.00537498,0.00527859,0.131498,0.0628221,-0.246151,-0.255045,0.825669,0.823919,0.916351,0.92172,0.00663289,0.00661512,0.101208,0.034074,0.333686,0.328618,0.262617,0.267747,0.943913,0.950209,0.00538334,0.00527424,0.131499,0.0628217,-0.253555,-0.258715,0.824485,0.82594,0.920344,0.924276,0.00662799,0.00661005,0.101207,0.034073,0.184422,0.225076,0.269847,0.331175,0.41321,0.487852,0.544875,0.232258,0.260749,0.279433,0.325038,0.35945,0.385949,0.435131,0.779879,0.870758,0.914453,0.949351,0.960754,0.961326,0.961554,0.904731,0.937278,0.943011,0.947812,0.960864,0.961326,0.961326,-0.329323,-0.305397,-0.285707,-0.253443,-0.196865,-0.103417,0.0383405,-0.30938,-0.289161,-0.280778,-0.26049,-0.239606,-0.22231,-0.190057,0.749272,0.848603,0.892818,0.921048,0.932283,0.936971,0.93985,0.881992,0.908927,0.917084,0.923524,0.932193,0.935046,0.936697,145.318,145.693,146.231,2.62964,121.205,126.902,134.01,145.318,151.417,160.657,176.129,147.201,148.709,156.64,5.12221,112.569,120.933,133.642,148.549,173.92,196.33,215.995,137.418,136.628,135.941,0.74666,127.12,128.737,133.293,136.737,138.096,141.087,141.774,137.232,137.767,132.813,2.00867,99.5672,125.515,127.968,136.736,139.396,140.848,141.747,224.567,185.717,219.219,6.11045,169.772,179.09,185.82,216.837,231.35,245.359,264.366,193.418,200.151,237.032,8.83098,187.714,192.705,193.756,201.835,275.617,302.026,329.934,199.279,184.497,189.229,1.27266,177.519,180.02,181.388,189.929,192.922,198.268,200.231,183.383,175.1,180.408,2.21375,167.32,172.135,173.706,176.606,180.913,185.219,217.309,-9999,-9999
2010,11.279,0.999886,9.941,1.238,1.0,12.426,1.606,0.999726,11.387,9.615,1.584,12.935,2.534,11.279,0.999886,9.941,1.238,1.0,12.426,1.606,0.999726,190.459,0.861301,196.232,190.405,0.861301,-9999,-9999,326.575,326.575,0.0,308.055,0.859932,301.901,310.328,0.859932,7.556,0.998516,7.603,7.561,0.998516,83.868,83.855,0.891324,926.293,1008.333,0.999943,2.305,2.634,0.985502,0.308947301341,0.983390410959,82.7205473674,0.993892694064,363.835070464,0.848915525114,43.0721405882,0.985331050228,376.298,0.921975,12.174,0.999543,21.807,0.999772,-5.1815,3.0,20.6746,0.920377,24.472,0.106132,53.5114,0.993208,63.3403,0.205972,0.9125,1,21.6712,23.8493,2.89886,13.1883,0.889269,0.881678,1.57382,1.59089,41.5858,37.5325,-3.69537,4.02969,0.893664,0.888756,1.57786,1.59623,41.586,37.5327,7.90821,20.5317,0.877249,0.867988,6.63481,6.23355,-39.4383,-32.348,-21.3737,-4.13974,20.5496,50.7641,84.0217,-20.7204,-11.7511,-6.76974,4.0326,40.6771,63.2465,93.3118,0.909989,0.907534,0.902968,0.894178,0.876427,0.841838,0.794007,0.902169,0.898116,0.896062,0.888984,0.854623,0.823744,0.784475,0.498729,0.536472,0.269698,0.265166,0.896008,0.888524,0.00543023,0.00559605,0.148293,0.117022,-0.383296,-0.364303,0.773531,0.773762,0.885191,0.876724,0.00620878,0.00619762,0.109254,0.130811,0.47517,0.504035,0.275235,0.269334,0.898981,0.895767,0.0054535,0.00562823,0.148294,0.117024,-0.394661,-0.382576,0.768932,0.775153,0.890846,0.884403,0.00621792,0.00620841,0.109255,0.130811,0.290334,0.336965,0.395081,0.47294,0.563526,0.633352,0.687902,0.37677,0.425133,0.453335,0.501601,0.61263,0.658911,0.695988,0.772964,0.8356,0.882156,0.898543,0.90847,0.913082,0.918008,0.757016,0.80533,0.856239,0.895653,0.902291,0.903627,0.90572,-0.469579,-0.449257,-0.431087,-0.393727,-0.335803,-0.231102,-0.067273,-0.454649,-0.434559,-0.416116,-0.38083,-0.272252,-0.173232,-0.0195857,0.747382,0.831181,0.866369,0.890687,0.898922,0.903433,0.905753,0.731956,0.808811,0.845879,0.885141,0.893394,0.895154,0.898063,172.543,175.327,184.587,4.83425,145.537,156.19,161.499,174.927,206.417,222.292,232.064,161.541,165.363,171.573,5.53136,123.634,131.675,144.422,164.167,190.08,209.982,231.634,168.429,171.297,164.055,1.70577,138.752,156.034,162.922,168.157,169.399,170.359,170.894,168.461,169.058,163.665,1.6542,133.494,159.218,163.073,166.671,168.639,169.881,170.742,215.228,184.304,226.48,5.41267,189.692,198.029,208.846,216.625,228.572,238.964,291.599,184.165,217.349,228.09,13.4377,156.45,163.991,174.737,189.992,247.329,279.173,402.751,236.831,226.299,228.931,4.48934,149.34,198.634,224.658,231.813,243.127,249.359,270.521,266.046,269.941,249.887,5.68411,202.411,220.913,225.995,241.722,266.009,286.479,332.299,-9999,-9999
2011,11.537,1.0,10.129,1.113,1.0,12.78,1.61,1.0,11.878,9.975,1.686,13.574,2.693,11.537,1.0,10.129,1.113,1.0,12.78,1.61,1.0,186.214,0.999886,201.48,186.216,0.999886,-9999,-9999,326.584,326.584,0.0,307.251,0.999886,301.906,307.252,0.999886,7.828,1.0,8.005,7.828,1.0,84.133,84.153,0.999943,531.667,583.866,0.999886,2.242,2.174,0.978596,0.252222895049,0.97100456621,86.0937891764,0.997888127854,357.554387771,0.999429223744,32.0086306083,0.999942922374,369.94,0.999315,12.146,1.0,21.01,1.0,-5.02286,3.0,19.5169,0.999201,23.1015,0.0942264,57.6873,0.999886,68.2826,0.192603,0.992979,1,22.9644,25.0219,-73.4953,-68.6434,0.99532,0.991381,1.54368,1.5348,18.125,19.2367,-76.6961,-70.5018,0.996233,0.993151,1.54463,1.53206,18.1251,19.2365,-68.8085,-61.2071,0.977283,0.970121,4.06361,4.07884,-93.2189,-89.3151,-84.2944,-76.8725,-64.5899,-53.1968,-24.5461,-83.2349,-78.5997,-77.3498,-71.3786,-58.5188,-40.2489,-10.5691,0.998231,0.998116,0.99726,0.996005,0.987728,0.951142,0.895662,0.997146,0.996747,0.996404,0.993436,0.964041,0.930194,0.874144,0.299055,0.314826,0.23423,0.216583,0.998772,0.996424,0.0050153,0.00492568,0.0944044,0.0870796,-0.57216,-0.561719,0.750212,0.745032,0.992419,0.987225,0.00631679,0.00632053,0.0657979,0.084054,0.288573,0.308021,0.248984,0.220824,0.999229,0.996674,0.00502027,0.00491858,0.0944046,0.0870792,-0.578607,-0.565167,0.751891,0.746698,0.99381,0.990339,0.0063194,0.00630813,0.0657981,0.0840531,0.154415,0.195711,0.233798,0.286617,0.34129,0.384253,0.450237,0.194243,0.237258,0.263981,0.305366,0.364407,0.411139,0.458076,0.858823,0.961351,0.989055,0.998772,0.999478,0.999609,0.999609,0.849153,0.941766,0.97728,0.996804,0.999229,0.999348,0.999609,-0.64751,-0.616815,-0.598704,-0.577546,-0.54117,-0.485827,-0.37069,-0.637734,-0.605977,-0.591291,-0.566929,-0.507633,-0.438344,-0.327211,0.840689,0.93628,0.982182,0.993904,0.996065,0.997079,0.997718,0.800274,0.91227,0.95615,0.990129,0.994093,0.995056,0.996029,116.261,118.257,128.032,4.00482,101.377,108.68,110.659,116.359,135.653,162.784,171.528,112.124,110.109,118.081,4.38659,84.5086,90.4628,99.2376,110.737,127.185,141.547,170.352,191.517,188.758,189.239,0.988417,172.401,186.221,187.103,188.078,192.583,195.758,199.078,189.233,186.805,186.889,1.05335,177.451,179.25,181.163,187.171,189.233,193.989,195.811,276.296,255.204,330.528,17.0811,214.911,247.965,260.58,273.981,376.062,429.573,503.335,198.177,258.056,271.713,12.5005,175.271,193.142,202.025,255.879,332.114,346.728,433.414,323.755,289.214,306.389,6.40745,264.573,276.394,280.159,289.551,323.755,350.195,380.155,269.521,266.631,273.624,4.11418,241.869,249.035,256.334,265.935,275.409,308.733,316.487,-9999,-9999
2012,12.105,0.992202,10.611,1.292,0.993666,13.398,1.68,0.990963,11.945,9.958,1.846,13.705,2.888,12.071,0.992202,10.573,1.296,0.993666,13.367,1.693,0.990963,200.65,0.992372,205.947,200.417,0.992372,-9999,-9999,325.15,325.15,0.0,300.754,0.992202,301.066,300.746,0.992202,9.873,0.992202,9.034,9.807,0.992202,84.122,84.122,0.970628,512.759,512.759,0.0,2.184,2.42,0.980931,0.280550778988,0.977971311475,88.0850432246,0.987818761384,384.111813717,0.988729508197,31.6696288911,0.990266393443,372.247,0.986339,12.72,0.992202,19.262,0.992202,-5.05556,3.0,15.8847,0.982639,19.0112,0.0812483,62.7001,0.992031,75.0411,0.180687,0.976207,1,22.9781,25.0191,34.7512,65.2728,0.978085,0.952641,1.45964,1.4658,26.4923,35.7383,33.4463,49.4108,0.978142,0.97171,1.46164,1.47442,26.4924,35.7386,43.3138,67.172,0.96332,0.943151,5.3653,6.73135,14.5717,17.7412,21.2118,32.8974,43.142,70.6453,106.718,26.0039,32.5156,34.7351,44.2514,90.594,103.932,144.309,0.979679,0.979053,0.978597,0.978199,0.97467,0.945355,0.897541,0.97837,0.978142,0.977687,0.973702,0.915699,0.899135,0.85576,0.28825,0.355884,0.221129,0.176498,0.979558,0.95914,0.00441523,0.00446908,0.0870051,0.0895961,-0.094403,-0.00397749,0.686217,0.675616,0.978808,0.946106,0.0061574,0.00616195,0.0793131,0.141325,0.285992,0.326819,0.230957,0.19032,0.977802,0.978227,0.00443203,0.00448962,0.0870059,0.0895972,-0.0991877,-0.0572786,0.688445,0.676704,0.980563,0.967148,0.0061593,0.0062017,0.0793132,0.141326,0.177566,0.206134,0.230886,0.275846,0.328408,0.37992,0.436301,0.220742,0.250358,0.267674,0.319375,0.41078,0.429327,0.473874,0.866221,0.932437,0.972274,0.978521,0.983896,0.986552,0.987066,0.833988,0.893966,0.921883,0.97812,0.986286,0.986383,0.986924,-0.151025,-0.136713,-0.124361,-0.10081,-0.0549436,0.0214343,0.178408,-0.133729,-0.118138,-0.104441,-0.0593908,0.102934,0.164242,0.327474,0.836718,0.924354,0.967484,0.980697,0.982585,0.984111,0.984806,0.786746,0.869735,0.901693,0.967446,0.980541,0.983085,0.98403,123.381,126.908,137.038,3.61302,107.071,115.183,117.629,124.29,157.855,164.41,173.156,113.203,116.122,118.293,3.76741,87.682,92.4959,100.105,115.581,124.312,146.714,166.317,73.5069,77.4968,69.8663,3.60435,13.6773,58.5861,64.4148,78.1186,82.3522,82.7309,83.4289,82.4521,82.6762,74.9793,2.19402,38.4757,71.9312,73.6143,78.8935,82.04,82.5594,83.212,230.626,254.164,274.179,9.8956,219.45,228.305,232.234,249.317,287.119,330.377,379.686,186.711,208.429,230.648,6.67362,183.645,189.067,193.102,211.039,258.592,285.712,300.864,177.232,173.116,176.971,5.9733,77.792,148.7,169.597,177.727,190.649,200.802,223.796,173.58,165.454,161.927,2.84907,112.911,152.14,154.571,162.5,173.58,177.963,181.162,-9999,-9999
2013,11.101,1.0,9.614,1.202,1.0,12.404,1.638,1.0,11.23,9.335,1.686,12.927,2.709,11.101,1.0,9.614,1.202,1.0,12.404,1.638,1.0,193.052,0.999886,201.772,193.028,0.999886,-9999,-9999,321.12,321.12,0.0,300.727,0.999886,298.705,300.731,0.999886,7.868,1.0,7.586,7.868,1.0,84.079,84.082,0.956107,492.825,492.825,0.0,2.338,2.49,0.992237,0.290548775197,0.989440639269,88.8427504452,0.998287671233,370.485020807,0.99897260274,30.2077552325,0.999828767123,385.245,0.989555,11.975,1.0,19.294,1.0,-5.48772,3.0,18.1172,0.98984,21.6832,0.0888981,58.0982,0.999943,69.5334,0.190027,1.0,2,22.9644,25.0356,-31.4081,-5.62991,0.980822,0.968322,1.85705,1.84271,33.4476,43.8621,-38.1598,-18.1716,0.983105,0.976884,1.85951,1.84871,33.4477,43.8623,-24.2989,2.66693,0.968164,0.945668,6.46105,7.92664,-63.3257,-56.1773,-51.5768,-38.4781,-17.9304,10.6147,49.9997,-46.228,-40.9302,-33.237,-17.935,27.4376,46.7164,87.612,0.989669,0.989555,0.989212,0.983105,0.976941,0.95137,0.88242,0.98887,0.983219,0.982192,0.976941,0.922203,0.885731,0.844578,0.379716,0.426755,0.261312,0.221925,0.975913,0.968489,0.00564681,0.00555861,0.114739,0.115437,-0.443939,-0.354365,0.787131,0.776683,0.988123,0.971439,0.00784432,0.00781057,0.108839,0.178863,0.357345,0.408585,0.276337,0.24145,0.976644,0.975354,0.00565975,0.00558708,0.11474,0.115438,-0.457352,-0.402265,0.782824,0.780259,0.992127,0.980877,0.0078514,0.0078298,0.108839,0.178864,0.199293,0.255295,0.294765,0.352155,0.422473,0.484496,0.546431,0.26416,0.303832,0.333297,0.403001,0.504782,0.534438,0.580111,0.864484,0.935062,0.973891,0.977365,0.985084,0.985084,0.985084,0.839433,0.874147,0.906953,0.975484,0.976778,0.977365,0.984399,-0.519448,-0.503354,-0.489319,-0.45858,-0.390956,-0.286243,-0.101541,-0.498415,-0.480398,-0.460626,-0.403972,-0.211158,-0.123012,0.0596121,0.845174,0.944992,0.978117,0.992211,0.99548,0.996031,0.996122,0.773354,0.877696,0.919002,0.982387,0.989587,0.992443,0.995206,147.238,146.923,153.679,3.23876,123.609,128.057,137.403,148.097,174.303,176.022,180.116,127.702,130.494,136.511,3.66441,104.1,113.629,117.24,130.322,148.056,173.452,174.765,154.308,165.095,151.012,5.32107,68.035,123.855,142.81,166.779,168.951,169.174,170.64,168.755,168.653,160.81,3.46952,105.006,154.333,165.461,168.444,169.351,169.827,170.082,256.001,254.539,303.089,14.3508,208.961,223.808,235.516,262.535,339.827,428.421,462.474,187.625,182.808,226.935,8.93725,172.279,179.691,181.073,203.518,258.837,279.921,319.436,253.539,246.387,263.735,6.19684,234.362,239.174,240.915,245.915,271.99,299.493,352.451,234.504,242.578,249.187,6.44535,171.775,234.702,235.337,240.951,256.574,280.232,297.202,-9999,-9999
