TIMESTAMP,TA_F,TA_F_QC,SW_IN_F,SW_IN_F_QC,LW_IN_F,LW_IN_F_QC,VPD_F,VPD_F_QC,PA_F,PA_F_QC,P_F,P_F_QC,WS_F,WS_F_QC,USTAR,USTAR_QC,NETRAD,NETRAD_QC,PPFD_IN,PPFD_IN_QC,CO2_F_MDS,CO2_F_MDS_QC,TS_F_MDS_1,TS_F_MDS_1_QC,G_F_MDS,G_F_MDS_QC,LE_F_MDS,LE_F_MDS_QC,LE_CORR,LE_RANDUNC,H_F_MDS,H_F_MDS_QC,H_CORR,H_RANDUNC,NEE_VUT_REF,NEE_VUT_REF_QC,NEE_VUT_REF_RANDUNC,NEE_VUT_25,NEE_VUT_50,NEE_VUT_75,NEE_VUT_25_QC,NEE_VUT_50_QC,NEE_VUT_75_QC,RECO_NT_VUT_REF,RECO_NT_VUT_25,RECO_NT_VUT_50,RECO_NT_VUT_75,GPP_NT_VUT_REF,GPP_NT_VUT_25,GPP_NT_VUT_50,GPP_NT_VUT_75,RECO_DT_VUT_REF,RECO_DT_VUT_25,RECO_DT_VUT_50,RECO_DT_VUT_75,GPP_DT_VUT_REF,GPP_DT_VUT_25,GPP_DT_VUT_50,GPP_DT_VUT_75,RECO_SR,RECO_SR_N
1991,8.014,0.180594,137.546,0.525457,265.084,0.0,3.344,0.179795,98.534,0.0,1262.417,0.178082,1.976,0.135959,-9999,-9999,-9999,-9999,-9999,-9999,-9999,-9999,-9999,-9999,-9999,1.0,11.013,0.0,-9999,-9999,16.0668,0.177626,-9999,0.647067,298.869,0.174886,7.98951,298.533,299.395,301.146,0.174886,0.174772,0.174201,635.652,634.187,635.652,641.421,337.099,333.889,336.546,340.179,666.918,672.676,682.666,687.741,294.346,292.837,295.38,306.998,126.998,0.219178
1992,8.387,0.896403,140.778,0.889458,263.162,0.0,2.746,0.888775,98.489,0.47393,1101.7,1.0,2.272,0.724841,0.495597182869,0.643328779599,60.8633987368,0.722108378871,268.849291557,0.758424408015,-9999,-9999,8.58,0.894126,-9999,1.0,33.2759,0.610087,-9999,0.27979,29.3571,0.883766,-9999,0.355854,-117.89,0.844945,6.61214,-118.375,-116.346,-109.883,0.846311,0.84301,0.839936,968.623,969.624,985.801,994.4,1087.0,1089.21,1102.14,1105.98,1079.23,1066.25,1084.07,1102.51,1202.98,1202.86,1207.52,1216.01,930.854,1.0
1993,7.516,0.584018,149.267,0.891667,265.649,0.0,3.351,0.502283,98.717,0.773288,1226.5,1.0,2.307,0.677511,0.510303560014,0.592808219178,65.4876430858,0.724885844749,277.725428695,0.797374429224,-9999,-9999,8.234,0.847489,-9999,1.0,48.2087,0.540068,-9999,0.315005,25.9934,0.884361,-9999,0.592265,-184.776,0.847831,11.4588,-199.909,-184.776,-149.613,0.853653,0.847831,0.823744,1044.93,1031.04,1048.53,1080.96,1234.53,1227.32,1233.3,1244.29,1278.27,1375.35,1411.68,1488.64,1595.47,1486.38,1525.13,1571.65,1008.95,1.0
1994,8.552,0.796119,150.096,0.936872,261.219,0.0,3.245,0.793721,98.209,0.867123,1326.1,1.0,2.355,0.848744,0.52833727803,0.799086757991,65.883222079,0.840296803653,292.374431595,0.862214611872,365.428,0.813813,8.887,0.928196,-9999,1.0,32.9437,0.780822,-9999,0.213226,30.5533,0.939954,-9999,0.326628,-182.25,0.898516,8.18254,-198.118,-181.886,-142.993,0.904795,0.89589,0.870434,1054.14,1042.97,1092.11,1161.68,1241.78,1239.35,1270.77,1306.27,1128.49,1132.11,1175.03,1221.33,1367.66,1359.73,1396.99,1415.47,1063.52,1.0
1995,7.647,0.949315,153.325,0.94395,254.515,0.0,3.077,0.947945,98.434,0.845205,1077.4,1.0,2.257,0.791324,0.513182825072,0.718949771689,84.0011671547,0.834132420091,293.824395235,0.874771689498,368.366,0.936872,8.991,0.949315,-9999,1.0,35.3361,0.926941,-9999,0.205222,34.1151,0.936187,-9999,0.281193,-227.71,0.881621,6.8055,-241.125,-222.072,-169.016,0.888356,0.879224,0.833562,1015.67,1011.72,1047.26,1154.4,1256.79,1253.36,1264.34,1298.73,996.808,1015.93,1057.71,1242.15,1307.96,1311.18,1326.07,1358.74,889.623,1.0
1996,7.418,0.958561,140.679,0.954007,257.577,0.0,2.965,0.956512,98.458,0.919057,1469.6,1.0,2.328,0.862363,0.514253661657,0.802254098361,75.6566118487,0.892987249545,277.203777851,0.882513661202,369.683,0.913251,8.81,0.958219,-9999,1.0,32.5773,0.944217,-9999,0.207119,28.4413,0.954804,-9999,0.328772,-73.2656,0.904144,7.69149,-112.007,-51.4924,19.7802,0.924977,0.89276,0.842555,1215.34,1165.71,1275.44,1307.28,1309.71,1272.51,1288.19,1309.71,1202.59,1169.01,1192.66,1266.39,1348.03,1317.13,1340.76,1360.22,988.022,1.0
1997,7.13,0.839954,147.027,0.839954,264.5,0.0,3.208,0.834247,98.41,0.715183,932.7,1.0,2.301,0.827626,0.532862413257,0.764497716895,72.2925604848,0.676940639269,283.291186606,0.647716894977,370.234,0.929795,7.847,0.815183,-9999,1.0,36.9278,0.829795,-9999,0.177302,33.053,0.930251,-9999,0.325591,-96.6442,0.862443,8.18401,-119.241,-86.0994,-42.4963,0.879566,0.859932,0.833676,1329.42,1324.11,1349.38,1368.64,1444.43,1422.65,1446.7,1451.49,1429.81,1340.96,1397.65,1454.01,1386.32,1367.48,1397.54,1437.25,1035.43,1.0
1998,8.892,0.9621,147.001,0.960845,267.629,0.0,3.491,0.960502,98.479,0.920548,954.9,1.0,2.196,0.830251,0.470756612134,0.738584474886,76.5863465918,0.88196347032,292.12383783,0.898401826484,373.419,0.954338,9.597,0.947831,-9999,1.0,32.8109,0.944064,-9999,0.223599,38.7497,0.951598,-9999,0.362008,-86.9342,0.893037,9.33505,-103.57,-85.5733,-75.6309,0.908219,0.875913,0.857306,1082.33,1092.9,1106.06,1123.88,1184.78,1189.97,1195.14,1201.67,1157.95,1118.23,1161.89,1263.39,1252.21,1238.6,1257.44,1277.57,982.562,1.0
1999,9.011,0.951484,157.443,0.901712,265.185,0.0,3.999,0.949886,98.708,0.812329,1027.2,1.0,2.187,0.728881,0.496193447008,0.63904109589,96.709256325,0.874885844749,324.490920371,0.781849315068,375.857,0.933562,10.091,0.951712,-9999,1.0,37.2515,0.919064,-9999,0.250234,44.5419,0.926826,-9999,0.416073,-163.615,0.878539,8.00099,-182.569,-163.615,-153.363,0.892009,0.878539,0.842123,1186.58,1167.79,1178.39,1186.79,1357.32,1321.14,1333.79,1344.64,1062.89,1112.04,1145.22,1187.3,1339.28,1339.28,1357.41,1371.43,1044.55,1.0
2000,8.125,0.807946,138.658,0.941485,260.725,0.0,3.176,0.806125,98.702,0.888661,1082.8,1.0,2.284,0.774362,0.543720001281,0.717099271403,59.1306913074,0.830942622951,269.288256766,0.867258652095,383.028,0.91826,8.566,0.925433,-9999,1.0,39.4046,0.769581,-9999,0.269161,31.4716,0.932491,-9999,0.297931,-238.565,0.903347,8.84551,-250.561,-234.978,-211.915,0.913365,0.900159,0.878643,1285.22,1243.63,1282.46,1299.51,1522.71,1481.75,1492.04,1513.63,1225.43,1204.79,1226.91,1261.06,1477.56,1437.09,1472.18,1497.14,1074.63,1.0
2001,8.692,0.869977,155.409,0.910616,261.249,0.0,3.71,0.811073,98.805,0.867808,803.444,0.878082,2.214,0.777283,0.499626787619,0.751141552511,79.7182847881,0.776826484018,316.824034918,0.800456621005,381.404,0.909018,8.37,0.872831,-9999,1.0,33.2453,0.794406,-9999,0.121278,29.955,0.919977,-9999,0.352721,-396.216,0.880479,6.15247,-399.586,-388.295,-372.378,0.891553,0.878196,0.832877,1186.33,1166.28,1202.98,1258.21,1582.75,1566.36,1589.31,1625.78,1180.77,1172.28,1272.65,1351.18,1644.02,1608.54,1645.95,1703.08,1130.61,1.0
2002,8.478,0.525228,149.499,0.80137,268.542,0.0,3.251,0.517808,98.479,0.766895,1006.682,0.982877,2.234,0.808676,0.531664780374,0.756849315068,-9999,-9999,313.129829135,0.600913242009,380.549,0.66895,0.477,0.00787671,-9999,1.0,37.1929,0.518493,-9999,0.247242,28.7199,0.90274,-9999,0.400079,-204.731,0.647146,11.4302,-237.84,-190.2,-158.786,0.66153,0.640297,0.619635,1259.74,1256.66,1326.48,1511.28,1475.74,1472.86,1516.68,1644.96,1200.64,1190.93,1229.09,1299.51,1474.36,1469.53,1490.69,1515.71,-9999,0.0
2003,7.37,0.787557,142.159,0.759018,265.191,0.0,2.95,0.417808,98.276,0.613356,1312.8,0.991781,2.192,0.81621,0.508082756312,0.77602739726,64.8239557401,0.563356164384,307.751296253,0.51404109589,379.866,0.492922,8.098,0.791781,-9999,1.0,23.9689,0.771918,-9999,0.07254,24.685,0.940753,-9999,0.410466,-191.972,0.750799,5.67361,-210.835,-193.72,-189.167,0.755479,0.737671,0.736644,1272.65,1240.63,1272.65,1303.12,1473.79,1443.24,1471.3,1495.82,1929.81,1570.27,1737.03,2226.38,1988.24,1933.08,2034.14,2133.21,1109.07,1.0
2004,7.525,1.0,161.018,1.0,264.342,0.0,3.482,1.0,98.508,0.639003,1175.4,1.0,2.229,0.873406,0.526300530995,0.828438069217,36.9514523711,0.509676684882,321.75422424,0.950591985428,381.704,0.603256,8.757,0.723588,-9999,1.0,30.3857,0.985087,-9999,0.20895,31.9489,0.989299,-9999,0.334287,-435.191,0.879781,7.70595,-453.541,-432.578,-423.457,0.883652,0.877277,0.87352,1270.46,1265.15,1297.99,1315.09,1716.59,1716.59,1722.19,1739.16,1421.64,1406.11,1430.51,1451.85,1765.77,1743.8,1751.92,1760.39,910.591,1.0
2005,7.984,1.0,152.717,1.0,261.415,0.0,3.535,1.0,98.467,0.653881,1484.2,1.0,2.098,0.597146,0.518828471732,0.51997716895,-9999,-9999,293.68652968,1.0,387.922,0.454909,8.86,0.870662,-9999,1.0,27.167,0.774087,-9999,0.165913,26.5951,0.910959,-9999,0.319026,-325.509,0.636187,5.87573,-338.865,-331.597,-326.55,0.63653,0.63653,0.629224,1014.79,995.958,1012.99,1019.66,1345.68,1333.02,1338.33,1349.87,1086.58,1073.5,1096.0,1214.94,1324.88,1286.44,1301.68,1334.06,1166.74,1.0
2006,8.937,1.0,153.754,1.0,264.645,0.0,3.908,1.0,98.335,0.944178,1144.3,1.0,2.149,0.823402,0.528122410572,0.789840182648,100.404780945,0.826826484018,306.56231984,0.97602739726,382.045,0.526027,8.564,0.912443,-9999,1.0,31.8742,0.933447,-9999,0.211008,27.7617,0.976712,-9999,0.352201,-474.534,0.872489,7.45809,-477.183,-474.101,-470.448,0.869635,0.876142,0.873174,1169.02,1152.16,1163.35,1169.02,1639.0,1632.49,1637.39,1641.56,1193.18,1192.72,1207.49,1228.68,1694.24,1681.6,1689.25,1704.12,974.708,1.0
2007,7.646,1.0,162.841,0.990868,260.683,0.0,4.146,1.0,98.571,0.806279,1190.0,1.0,2.127,0.698059,0.538667614832,0.647146118721,90.0119824133,0.775,361.152812042,0.837442922374,371.394,0.761872,7.881,0.866096,-9999,1.0,33.8102,0.816895,-9999,0.164441,29.6462,0.944635,-9999,0.306877,-527.413,0.767123,10.1326,-530.869,-526.451,-513.018,0.766553,0.767123,0.744178,1114.48,1078.95,1104.6,1164.59,1627.78,1609.19,1629.2,1675.48,1038.85,1038.85,1056.52,1186.2,1638.99,1635.9,1644.51,1699.97,1402.72,1.0
2008,7.638,1.0,155.391,0.999772,262.088,0.0,3.64,1.0,98.604,0.675774,1626.1,1.0,1.921,0.522769,-9999,-9999,-9999,-9999,299.476273702,0.997950819672,392.673,0.878188,8.2,0.873975,-9999,1.0,28.6136,0.808402,-9999,0.194017,26.1388,0.922814,-9999,0.304795,-631.629,0.706967,10.6188,-625.154,-616.088,-605.633,0.722791,0.674522,0.734631,985.967,965.058,979.017,992.882,1609.13,1585.71,1592.96,1604.87,1107.41,1040.3,1084.3,1124.88,1579.53,1633.78,1662.19,1678.5,700.961,1.0
2009,6.984,0.530708,153.88,0.999772,261.234,0.0,3.769,0.530708,98.758,0.853082,1329.1,1.0,2.213,0.692466,0.485659620096,0.554566210046,-9999,-9999,352.937896148,0.853082191781,393.203,0.959817,10.869,0.512671,-9999,1.0,36.6908,0.495548,-9999,0.221594,27.0012,0.98379,-9999,0.4449,-160.514,0.830365,6.94038,-274.009,-80.6837,-19.0105,0.930479,0.76758,0.64395,1161.76,1116.64,1154.96,1618.24,1400.89,1320.02,1400.89,1634.16,1335.26,1335.26,1600.4,1776.96,1745.38,1619.75,1673.11,1732.97,1587.81,1.0
2010,9.026,1.0,158.531,1.0,265.536,0.0,4.742,1.0,98.38,0.909361,1161.2,1.0,2.203,1.0,0.556928453118,0.778538812785,126.749295391,0.824771689498,308.012315547,0.992237442922,393.874,0.958105,4.093,0.0100457,-9999,1.0,15.4433,0.009132,-9999,0.315469,24.9106,0.98242,-9999,0.303287,298.137,0.888927,11.3426,84.2797,365.071,520.844,0.92226,0.860274,0.791438,2202.91,2028.84,2295.62,2646.61,2023.18,1931.26,1981.0,2252.37,2006.26,1891.02,2073.84,2266.29,2022.35,1856.1,1952.43,2039.07,-9999,0.0
2011,8.746,1.0,159.64,0.999772,260.059,0.0,3.701,0.898858,98.551,1.0,1634.7,1.0,2.03,1.0,0.500259169994,0.696118721461,115.257256154,0.844178082192,361.899608025,0.83196347032,399.965,0.974658,7.094,0.923288,-9999,1.0,32.9196,0.969292,-9999,0.166514,24.5781,0.987785,-9999,0.304971,60.8672,0.897146,11.5902,46.668,87.4704,167.756,0.936758,0.867237,0.786644,1738.33,1682.22,1816.17,1917.65,1671.72,1632.36,1663.44,1742.14,1536.84,1636.6,1723.31,1992.49,1790.22,1769.36,1788.78,1833.2,713.167,1.0
2012,9.588,0.998862,154.871,0.998406,254.999,0.0,3.574,0.998862,98.882,0.90699,840.7,0.997268,2.042,0.997154,0.493575003483,0.807035519126,83.1940643651,0.87795992714,297.687489274,0.996470856102,399.578,0.742714,10.061,0.709927,-9999,1.0,37.145,0.960724,-9999,0.224656,30.7797,0.963001,-9999,0.348999,-381.195,0.862136,9.6378,-408.649,-378.009,-306.648,0.882628,0.873634,0.800205,1371.69,1332.5,1414.79,1548.86,1750.79,1748.19,1795.98,1864.94,1152.9,1156.18,1197.15,1307.9,1622.79,1629.2,1650.69,1676.3,1414.4,1.0
