TIMESTAMP,TA_F_MDS,TA_F_MDS_QC,TA_F_MDS_NIGHT,TA_F_MDS_NIGHT_SD,TA_F_MDS_NIGHT_QC,TA_F_MDS_DAY,TA_F_MDS_DAY_SD,TA_F_MDS_DAY_QC,TA_ERA,TA_ERA_NIGHT,TA_ERA_NIGHT_SD,TA_ERA_DAY,TA_ERA_DAY_SD,TA_F,TA_F_QC,TA_F_NIGHT,TA_F_NIGHT_SD,TA_F_NIGHT_QC,TA_F_DAY,TA_F_DAY_SD,TA_F_DAY_QC,SW_IN_F_MDS,SW_IN_F_MDS_QC,SW_IN_ERA,SW_IN_F,SW_IN_F_QC,LW_IN_F_MDS,LW_IN_F_MDS_QC,LW_IN_ERA,LW_IN_F,LW_IN_F_QC,LW_IN_JSB,LW_IN_JSB_QC,LW_IN_JSB_ERA,LW_IN_JSB_F,LW_IN_JSB_F_QC,VPD_F_MDS,VPD_F_MDS_QC,VPD_ERA,VPD_F,VPD_F_QC,PA_ERA,PA_F,PA_F_QC,P_ERA,P_F,P_F_QC,WS_ERA,WS_F,WS_F_QC,USTAR,USTAR_QC,NETRAD,NETRAD_QC,SW_OUT,SW_OUT_QC,LW_OUT,LW_OUT_QC,CO2_F_MDS,CO2_F_MDS_QC,TS_F_MDS_1,TS_F_MDS_1_QC,SWC_F_MDS_1,SWC_F_MDS_1_QC,G_F_MDS,G_F_MDS_QC,LE_F_MDS,LE_F_MDS_QC,LE_CORR,LE_RANDUNC,H_F_MDS,H_F_MDS_QC,H_CORR,H_RANDUNC,EBC_CF_N,EBC_CF_METHOD,NIGHT_RANDUNC_N,DAY_RANDUNC_N,NEE_CUT_REF,NEE_VUT_REF,NEE_CUT_REF_QC,NEE_VUT_REF_QC,NEE_CUT_REF_RANDUNC,NEE_VUT_REF_RANDUNC,NEE_CUT_REF_JOINTUNC,NEE_VUT_REF_JOINTUNC,NEE_CUT_USTAR50,NEE_VUT_USTAR50,NEE_CUT_USTAR50_QC,NEE_VUT_USTAR50_QC,NEE_CUT_USTAR50_RANDUNC,NEE_VUT_USTAR50_RANDUNC,NEE_CUT_USTAR50_JOINTUNC,NEE_VUT_USTAR50_JOINTUNC,NEE_CUT_MEAN,NEE_VUT_MEAN,NEE_CUT_MEAN_QC,NEE_VUT_MEAN_QC,NEE_CUT_SE,NEE_VUT_SE,NEE_CUT_05,NEE_CUT_16,NEE_CUT_25,NEE_CUT_50,NEE_CUT_75,NEE_CUT_84,NEE_CUT_95,NEE_VUT_05,NEE_VUT_16,NEE_VUT_25,NEE_VUT_50,NEE_VUT_75,NEE_VUT_84,NEE_VUT_95,NEE_CUT_05_QC,NEE_CUT_16_QC,NEE_CUT_25_QC,NEE_CUT_50_QC,NEE_CUT_75_QC,NEE_CUT_84_QC,NEE_CUT_95_QC,NEE_VUT_05_QC,NEE_VUT_16_QC,NEE_VUT_25_QC,NEE_VUT_50_QC,NEE_VUT_75_QC,NEE_VUT_84_QC,NEE_VUT_95_QC,NEE_CUT_REF_NIGHT,NEE_VUT_REF_NIGHT,NEE_CUT_REF_NIGHT_SD,NEE_VUT_REF_NIGHT_SD,NEE_CUT_REF_NIGHT_QC,NEE_VUT_REF_NIGHT_QC,NEE_CUT_REF_NIGHT_RANDUNC,NEE_VUT_REF_NIGHT_RANDUNC,NEE_CUT_REF_NIGHT_JOINTUNC,NEE_VUT_REF_NIGHT_JOINTUNC,NEE_CUT_REF_DAY,NEE_VUT_REF_DAY,NEE_CUT_REF_DAY_SD,NEE_VUT_REF_DAY_SD,NEE_CUT_REF_DAY_QC,NEE_VUT_REF_DAY_QC,NEE_CUT_REF_DAY_RANDUNC,NEE_VUT_REF_DAY_RANDUNC,NEE_CUT_REF_DAY_JOINTUNC,NEE_VUT_REF_DAY_JOINTUNC,NEE_CUT_USTAR50_NIGHT,NEE_VUT_USTAR50_NIGHT,NEE_CUT_USTAR50_NIGHT_SD,NEE_VUT_USTAR50_NIGHT_SD,NEE_CUT_USTAR50_NIGHT_QC,NEE_VUT_USTAR50_NIGHT_QC,NEE_CUT_USTAR50_NIGHT_RANDUNC,NEE_VUT_USTAR50_NIGHT_RANDUNC,NEE_CUT_USTAR50_NIGHT_JOINTUNC,NEE_VUT_USTAR50_NIGHT_JOINTUNC,NEE_CUT_USTAR50_DAY,NEE_VUT_USTAR50_DAY,NEE_CUT_USTAR50_DAY_SD,NEE_VUT_USTAR50_DAY_SD,NEE_CUT_USTAR50_DAY_QC,NEE_VUT_USTAR50_DAY_QC,NEE_CUT_USTAR50_DAY_RANDUNC,NEE_VUT_USTAR50_DAY_RANDUNC,NEE_CUT_USTAR50_DAY_JOINTUNC,NEE_VUT_USTAR50_DAY_JOINTUNC,NEE_CUT_05_NIGHT,NEE_CUT_16_NIGHT,NEE_CUT_25_NIGHT,NEE_CUT_50_NIGHT,NEE_CUT_75_NIGHT,NEE_CUT_84_NIGHT,NEE_CUT_95_NIGHT,NEE_VUT_05_NIGHT,NEE_VUT_16_NIGHT,NEE_VUT_25_NIGHT,NEE_VUT_50_NIGHT,NEE_VUT_75_NIGHT,NEE_VUT_84_NIGHT,NEE_VUT_95_NIGHT,NEE_CUT_05_NIGHT_QC,NEE_CUT_16_NIGHT_QC,NEE_CUT_25_NIGHT_QC,NEE_CUT_50_NIGHT_QC,NEE_CUT_75_NIGHT_QC,NEE_CUT_84_NIGHT_QC,NEE_CUT_95_NIGHT_QC,NEE_VUT_05_NIGHT_QC,NEE_VUT_16_NIGHT_QC,NEE_VUT_25_NIGHT_QC,NEE_VUT_50_NIGHT_QC,NEE_VUT_75_NIGHT_QC,NEE_VUT_84_NIGHT_QC,NEE_VUT_95_NIGHT_QC,NEE_CUT_05_DAY,NEE_CUT_16_DAY,NEE_CUT_25_DAY,NEE_CUT_50_DAY,NEE_CUT_75_DAY,NEE_CUT_84_DAY,NEE_CUT_95_DAY,NEE_VUT_05_DAY,NEE_VUT_16_DAY,NEE_VUT_25_DAY,NEE_VUT_50_DAY,NEE_VUT_75_DAY,NEE_VUT_84_DAY,NEE_VUT_95_DAY,NEE_CUT_05_DAY_QC,NEE_CUT_16_DAY_QC,NEE_CUT_25_DAY_QC,NEE_CUT_50_DAY_QC,NEE_CUT_75_DAY_QC,NEE_CUT_84_DAY_QC,NEE_CUT_95_DAY_QC,NEE_VUT_05_DAY_QC,NEE_VUT_16_DAY_QC,NEE_VUT_25_DAY_QC,NEE_VUT_50_DAY_QC,NEE_VUT_75_DAY_QC,NEE_VUT_84_DAY_QC,NEE_VUT_95_DAY_QC,RECO_NT_VUT_REF,RECO_NT_VUT_USTAR50,RECO_NT_VUT_MEAN,RECO_NT_VUT_SE,RECO_NT_VUT_05,RECO_NT_VUT_16,RECO_NT_VUT_25,RECO_NT_VUT_50,RECO_NT_VUT_75,RECO_NT_VUT_84,RECO_NT_VUT_95,RECO_NT_CUT_REF,RECO_NT_CUT_USTAR50,RECO_NT_CUT_MEAN,RECO_NT_CUT_SE,RECO_NT_CUT_05,RECO_NT_CUT_16,RECO_NT_CUT_25,RECO_NT_CUT_50,RECO_NT_CUT_75,RECO_NT_CUT_84,RECO_NT_CUT_95,GPP_NT_VUT_REF,GPP_NT_VUT_USTAR50,GPP_NT_VUT_MEAN,GPP_NT_VUT_SE,GPP_NT_VUT_05,GPP_NT_VUT_16,GPP_NT_VUT_25,GPP_NT_VUT_50,GPP_NT_VUT_75,GPP_NT_VUT_84,GPP_NT_VUT_95,GPP_NT_CUT_REF,GPP_NT_CUT_USTAR50,GPP_NT_CUT_MEAN,GPP_NT_CUT_SE,GPP_NT_CUT_05,GPP_NT_CUT_16,GPP_NT_CUT_25,GPP_NT_CUT_50,GPP_NT_CUT_75,GPP_NT_CUT_84,GPP_NT_CUT_95,RECO_DT_VUT_REF,RECO_DT_VUT_USTAR50,RECO_DT_VUT_MEAN,RECO_DT_VUT_SE,RECO_DT_VUT_05,RECO_DT_VUT_16,RECO_DT_VUT_25,RECO_DT_VUT_50,RECO_DT_VUT_75,RECO_DT_VUT_84,RECO_DT_VUT_95,RECO_DT_CUT_REF,RECO_DT_CUT_USTAR50,RECO_DT_CUT_MEAN,RECO_DT_CUT_SE,RECO_DT_CUT_05,RECO_DT_CUT_16,RECO_DT_CUT_25,RECO_DT_CUT_50,RECO_DT_CUT_75,RECO_DT_CUT_84,RECO_DT_CUT_95,GPP_DT_VUT_REF,GPP_DT_VUT_USTAR50,GPP_DT_VUT_MEAN,GPP_DT_VUT_SE,GPP_DT_VUT_05,GPP_DT_VUT_16,GPP_DT_VUT_25,GPP_DT_VUT_50,GPP_DT_VUT_75,GPP_DT_VUT_84,GPP_DT_VUT_95,GPP_DT_CUT_REF,GPP_DT_CUT_USTAR50,GPP_DT_CUT_MEAN,GPP_DT_CUT_SE,GPP_DT_CUT_05,GPP_DT_CUT_16,GPP_DT_CUT_25,GPP_DT_CUT_50,GPP_DT_CUT_75,GPP_DT_CUT_84,GPP_DT_CUT_95,RECO_SR,RECO_SR_N
2001,-9999,-9999,-9999,-9999,-9999,-9999,-9999,-9999,9.282,7.667,1.688,10.601,2.597,7.526,0.833105,6.452,1.539,0.840805,8.365,1.892,0.826134,-9999,-9999,189.397,188.921,0.833219,-9999,-9999,293.339,293.339,0.0,-9999,-9999,310.1,294.215,0.832648,-9999,-9999,4.558,3.371,0.832648,87.16,87.106,0.826142,776.811,970.279,0.834932,2.694,2.976,0.730251,0.574605522259,0.668493150685,95.379857076,0.818835616438,24.8594695599,0.705479452055,-9999,-9999,-9999,-9999,-9999,-9999,-9999,-9999,-0.379255,0.834361,58.4881,0.791553,55.569,0.559296,40.1423,0.792237,38.1388,0.459626,0.760845,1,9.58356,9.75068,-617.067,-544.618,0.764041,0.781507,32.9538,34.0983,75.7125,34.0983,-565.52,-544.618,0.76758,0.781507,33.7175,34.0983,76.048,34.0983,-600.37,-544.62,0.76607,0.781507,11.7835,0.00153059,-794.515,-673.602,-642.329,-565.52,-544.779,-537.273,-529.726,-544.618,-544.618,-544.618,-544.618,-544.618,-544.618,-544.618,0.740753,0.746575,0.759361,0.76758,0.772945,0.775228,0.779795,0.781507,0.781507,0.781507,0.781507,0.781507,0.781507,0.781507,6.25065,6.30187,2.82172,2.84972,0.798169,0.81282,0.104153,0.11191,0.234405,0.11191,-8.05517,-7.78344,9.79506,9.91523,0.735465,0.754006,0.139057,0.140487,0.197887,0.140487,6.42798,6.30187,2.97127,2.84972,0.797713,0.81282,0.109891,0.11191,0.23701,0.11191,-7.96715,-7.78344,9.89926,9.91523,0.742337,0.754006,0.139609,0.140487,0.198275,0.140487,5.49323,6.01459,6.14481,6.32305,6.4249,6.43458,6.45907,6.30187,6.30187,6.30187,6.30187,6.30187,6.30187,6.30187,0.76695,0.786232,0.79194,0.798169,0.811239,0.805423,0.811239,0.81282,0.81282,0.81282,0.81282,0.81282,0.81282,0.81282,-8.19408,-8.12429,-8.08636,-7.96715,-7.88028,-7.84271,-7.77744,-7.78344,-7.78344,-7.78344,-7.78344,-7.78344,-7.78344,-7.78344,0.723184,0.729628,0.733368,0.742337,0.74488,0.747059,0.751998,0.754006,0.754006,0.754006,0.754006,0.754006,0.754006,0.754006,3354.49,3354.49,3354.49,5.09725e-13,3354.49,3354.49,3354.49,3354.49,3354.49,3354.49,3354.49,3401.33,3472.99,3389.45,39.4591,2621.78,3347.11,3406.35,3471.54,3496.35,3512.81,3521.05,3899.11,3899.11,3899.11,0.0015306,3899.11,3899.11,3899.11,3899.11,3899.11,3899.11,3899.11,4049.26,4038.51,3989.82,30.9834,3416.29,3899.17,4016.32,4030.22,4046.85,4057.7,4194.43,1904.56,1904.56,1904.56,1.45636e-13,1904.56,1904.56,1904.56,1904.56,1904.56,1904.56,1904.56,1953.45,1981.9,2008.17,24.0058,1870.5,1917.59,1922.42,1978.15,2004.45,2017.65,2400.65,2988.15,2988.15,2988.15,2.18454e-13,2988.15,2988.15,2988.15,2988.15,2988.15,2988.15,2988.15,2958.53,2776.63,2933.79,15.632,2776.63,2793.75,2841.22,2958.53,2998.12,3027.62,3050.88,2712.07,0.898402
2002,9.171,0.954566,8.175,1.745,0.966888,9.948,1.929,0.945179,9.367,7.667,1.78,10.751,2.785,9.233,0.954566,8.205,1.758,0.966888,10.038,1.982,0.945179,200.305,0.955479,198.976,199.572,0.955479,-9999,-9999,287.859,287.859,0.0,298.93,0.954224,304.796,300.008,0.954224,4.343,0.954452,4.783,4.415,0.954452,87.219,87.19,0.947717,774.447,976.57,0.958105,2.769,3.048,0.955365,0.57566383689,0.831050228311,93.1896522222,0.937785388128,29.7192142275,0.799086757991,-9999,-9999,334.709,0.90605,9.787,0.957877,20.5,0.959132,-0.326077,0.955708,58.6422,0.903425,48.9913,0.399567,50.2525,0.903082,41.9823,0.361757,0.843379,1,8.68767,9.58082,-626.763,-642.753,0.86484,0.848174,74.544,75.8224,98.8972,92.0513,-690.299,-642.753,0.865982,0.848174,73.1678,75.8224,97.8641,92.0513,-673.459,-651.515,0.860174,0.836918,9.21476,8.84912,-740.903,-735.232,-728.641,-690.299,-626.763,-605.249,-571.683,-752.769,-709.528,-689.893,-646.19,-609.406,-605.136,-564.095,0.868721,0.875685,0.867922,0.865982,0.86484,0.855479,0.862443,0.776826,0.814726,0.819178,0.834817,0.856963,0.855479,0.861187,4.38106,3.92648,6.11417,6.01148,0.896398,0.871976,0.255166,0.262985,0.371387,0.535428,-6.72994,-6.50769,15.7924,15.7413,0.840218,0.828912,0.295513,0.298662,0.338468,0.349997,4.046,3.92648,6.03728,6.01148,0.8966,0.871976,0.246168,0.262985,0.365264,0.535428,-6.80751,-6.50769,15.7805,15.7413,0.842789,0.828912,0.292993,0.298662,0.33627,0.349997,3.50895,3.84136,3.84171,3.9841,4.29916,4.38106,4.56797,3.09398,3.44827,3.51058,3.9346,4.31978,4.38106,4.56876,0.820988,0.898859,0.898859,0.901352,0.887537,0.896398,0.895987,0.778464,0.818112,0.820988,0.901121,0.889557,0.896398,0.895987,-6.91712,-6.90202,-6.87034,-6.80751,-6.59962,-6.57198,-6.50767,-6.84005,-6.72994,-6.59962,-6.56426,-6.44657,-6.36498,-6.22685,0.847791,0.848641,0.848628,0.842789,0.83158,0.830712,0.829083,0.843861,0.840218,0.83158,0.815315,0.765613,0.805767,0.797472,2417.31,2555.01,2472.58,38.8644,2093.18,2168.23,2218.89,2535.24,2703.44,2724.69,2759.27,2731.89,2732.3,2686.82,24.4715,2218.89,2535.24,2703.44,2732.3,2754.41,2817.18,2826.09,3107.2,3197.76,3124.09,34.6915,2772.21,2842.84,2902.78,3140.38,3267.54,3330.84,3446.34,3330.95,3422.6,3360.28,26.8054,2903.04,3140.49,3267.65,3442.83,3473.19,3483.05,3484.61,3223.21,3552.89,3258.72,31.686,2909.58,2971.08,3134.82,3242.35,3332.26,3502.78,3552.89,3223.64,3223.21,3172.43,28.5211,2909.58,2971.08,3053.25,3162.24,3242.54,3282.86,3502.78,2672.06,3016.21,2674.97,31.0838,2423.33,2446.12,2541.43,2672.06,2768.54,2783.35,3020.99,2653.05,2672.06,2659.83,24.1839,2423.33,2516.86,2522.22,2672.06,2719.55,2783.35,2945.81,4203.86,1.0
2003,8.166,0.998402,7.089,1.682,1.0,9.024,1.935,0.9967,9.373,7.725,1.713,10.688,2.669,8.168,0.998402,7.089,1.682,1.0,9.027,1.942,0.9967,191.959,0.997945,193.32,192.036,0.997945,-9999,-9999,292.144,292.144,0.0,295.823,0.997945,308.943,295.865,0.997945,4.424,0.998402,4.663,4.425,0.998402,87.24,87.199,0.997374,1058.711,1073.276,0.999201,2.736,3.155,0.999429,0.583342781404,0.959246575342,93.5137406012,0.993493150685,27.9230146869,0.880593607306,-9999,-9999,346.194,0.981279,9.534,0.997146,21.3,0.998174,-0.302791,0.99589,52.4129,0.975114,45.2526,0.408825,54.2296,0.975342,46.8212,0.365272,0.944406,1,8.90685,10.7315,-891.84,-923.629,0.930365,0.91347,84.4721,87.3915,94.6397,92.8814,-898.622,-923.629,0.933904,0.91347,84.5992,87.3915,94.7532,92.8814,-926.325,-918.768,0.927811,0.906453,5.99418,5.03982,-986.435,-977.19,-968.278,-916.504,-894.56,-891.84,-885.9,-983.364,-954.759,-940.078,-916.426,-893.004,-891.84,-882.017,0.942694,0.941781,0.905137,0.925,0.930708,0.930365,0.934817,0.943379,0.90742,0.915753,0.925,0.899658,0.930365,0.894292,1.90271,1.95476,5.64377,5.41241,0.955709,0.930272,0.313423,0.325697,0.43105,0.480275,-5.53365,-5.8308,17.1336,17.0259,0.905625,0.894977,0.314441,0.324012,0.349913,0.370589,1.8621,1.95476,5.67083,5.41241,0.960693,0.930272,0.314495,0.325697,0.43183,0.480275,-5.55407,-5.8308,17.2161,17.0259,0.908931,0.894977,0.314527,0.324012,0.34999,0.370589,1.26801,1.32794,1.43958,1.85937,1.90271,1.91979,2.06131,1.29709,1.356,1.75154,1.89282,1.99068,2.06193,2.09911,0.971191,0.970735,0.965141,0.960998,0.955709,0.946485,0.936179,0.860973,0.890436,0.923655,0.930744,0.912107,0.936179,0.936529,-5.84807,-5.78795,-5.72491,-5.53365,-5.50744,-5.48092,-5.46877,-5.84822,-5.8308,-5.78795,-5.7046,-5.53365,-5.47106,-5.40057,0.898385,0.900914,0.902904,0.905625,0.91637,0.91438,0.917554,0.898385,0.894977,0.900914,0.883475,0.905625,0.858082,0.860181,2134.16,1970.63,2063.0,23.3201,1896.38,1915.5,1929.55,2021.16,2144.07,2218.95,2260.82,1991.41,1973.9,1952.13,13.7851,1846.25,1896.14,1896.38,1929.55,1970.63,1981.91,2134.16,3027.17,2894.26,2981.77,23.7236,2807.34,2831.81,2836.46,2972.75,3051.64,3178.9,3202.1,2849.77,2872.52,2878.46,13.6283,2807.34,2820.54,2831.89,2849.77,2891.08,2897.28,3027.24,2095.0,1887.41,2129.26,44.9209,1887.41,1891.76,1900.0,2030.96,2240.04,2314.06,2701.25,2040.35,2095.0,2084.01,23.0597,1889.97,1900.0,1953.82,2037.59,2244.03,2251.4,2296.78,1553.7,1549.77,1500.63,29.4384,1288.42,1291.47,1325.23,1506.02,1554.33,1737.18,1859.28,1454.23,1553.7,1478.57,17.4728,1288.42,1328.49,1440.15,1450.5,1553.7,1602.77,1636.94,2513.34,1.0
2004,9.462,0.961862,8.576,1.632,0.964236,10.155,1.775,0.959285,9.448,7.74,1.737,10.818,2.747,9.33,0.961862,8.431,1.628,0.964236,10.036,1.811,0.959285,196.819,0.961862,197.293,194.811,0.961862,-9999,-9999,290.716,290.716,0.0,300.307,0.961862,307.561,301.744,0.961862,4.985,0.961862,4.921,4.849,0.961862,87.179,87.159,0.958561,728.565,1002.783,0.960383,2.734,3.108,0.959016,0.571797899356,0.568989071038,98.0908306514,0.954804189435,29.3640312665,0.815573770492,-9999,-9999,355.93,0.606557,9.668,0.792577,20.5,0.731444,-0.0975246,0.791325,58.7822,0.59893,55.4395,0.589362,46.693,0.599841,44.0378,0.480452,0.574795,1,5.90984,7.79235,-513.449,-536.037,0.571721,0.569444,49.2214,49.3655,57.8109,63.299,-496.792,-536.037,0.57286,0.569444,48.5153,49.3655,57.211,63.299,-529.737,-532.16,0.57083,0.56289,4.83591,5.05828,-582.085,-557.434,-553.232,-536.915,-502.341,-496.792,-494.69,-587.036,-578.685,-558.05,-522.83,-502.121,-499.443,-494.596,0.561589,0.557946,0.576161,0.568989,0.573998,0.57286,0.573087,0.564777,0.560223,0.52311,0.571038,0.573998,0.57286,0.573087,4.18751,4.06173,3.82454,3.78673,0.586396,0.582368,0.161611,0.163596,0.242149,0.276614,-5.56515,-5.56672,9.89,9.80446,0.56176,0.560687,0.192603,0.192354,0.203184,0.196792,4.27558,4.06173,3.80154,3.78673,0.587079,0.582368,0.156256,0.163596,0.238609,0.276614,-5.55003,-5.56672,9.88095,9.80446,0.56322,0.560687,0.190808,0.192354,0.201483,0.196792,3.7591,3.91493,3.99237,4.17008,4.25175,4.27558,4.31934,3.75989,3.81145,3.94629,4.12124,4.18906,4.25755,4.28228,0.576728,0.569062,0.559946,0.593619,0.588445,0.587079,0.590212,0.576728,0.572644,0.568378,0.533608,0.5867,0.587079,0.588718,-5.67524,-5.665,-5.65652,-5.56906,-5.55027,-5.53557,-5.49145,-5.65818,-5.57474,-5.57295,-5.55091,-5.53352,-5.49162,-5.46325,0.570524,0.569574,0.569197,0.560141,0.562479,0.55592,0.535989,0.525695,0.561406,0.559684,0.56322,0.556467,0.536171,0.543364,2328.74,2251.91,2321.73,10.4665,2188.2,2237.97,2275.37,2305.19,2354.56,2391.53,2419.75,2275.37,2307.32,2299.43,8.22134,2188.2,2251.91,2264.98,2299.46,2307.32,2350.42,2391.53,2902.58,2787.94,2853.89,10.6733,2735.47,2798.2,2807.31,2825.0,2902.58,2922.05,2961.95,2788.82,2804.12,2829.16,9.51201,2727.35,2788.82,2804.12,2815.41,2845.11,2903.16,2947.22,2188.97,2175.17,2242.79,36.1549,2055.56,2058.09,2058.11,2168.05,2254.51,2469.05,2640.56,2254.51,2171.96,2199.94,22.6628,2055.56,2058.11,2086.87,2168.05,2254.51,2368.48,2444.49,2272.72,2383.35,2349.49,16.8816,2182.15,2247.91,2255.15,2306.9,2401.37,2450.11,2530.89,2272.72,2255.15,2310.64,15.0789,2182.15,2219.61,2255.15,2291.05,2383.35,2400.9,2450.11,3892.85,1.0
2005,9.573,0.92911,8.609,1.686,0.940405,10.339,1.766,0.917897,9.612,7.894,1.816,11.033,2.783,9.529,0.92911,8.553,1.686,0.940405,10.304,1.84,0.917897,195.736,0.929224,196.796,193.172,0.929224,-9999,-9999,290.803,290.803,0.0,302.184,0.92911,307.645,304.092,0.92911,4.534,0.92911,4.643,4.462,0.92911,87.233,87.209,0.917352,1069.856,1009.373,0.917922,2.701,3.066,0.919178,0.577397717082,0.861757990868,96.3386996717,0.908789954338,27.2844439353,0.773173515982,-9999,-9999,363.156,0.90605,9.789,0.927968,23.7,0.9121,-0.381369,0.927169,63.6744,0.900913,60.6682,0.405638,36.0287,0.90137,34.3277,0.300374,0.873402,1,10.874,11.7753,-359.137,-359.137,0.866438,0.866438,33.984,33.907,37.8644,44.3051,-370.9,-359.137,0.868037,0.866438,34.8268,33.907,38.6226,44.3051,-388.17,-384.088,0.865676,0.861199,2.91133,4.01537,-415.422,-404.294,-398.988,-392.959,-385.642,-370.9,-350.45,-434.107,-407.485,-402.303,-387.437,-359.137,-350.45,-349.868,0.839155,0.88379,0.883562,0.88653,0.879566,0.868037,0.861187,0.84726,0.830822,0.854795,0.870776,0.866438,0.861187,0.867808,5.79928,5.79928,3.12706,3.12706,0.892044,0.892044,0.127095,0.127091,0.174675,0.182436,-6.33045,-6.33045,10.7055,10.7055,0.841118,0.841118,0.126503,0.125978,0.145423,0.139058,5.7947,5.79928,3.17276,3.12706,0.892688,0.892044,0.132592,0.127091,0.178714,0.182436,-6.38772,-6.33045,10.6952,10.7055,0.843806,0.841118,0.127617,0.125978,0.146393,0.139058,5.49685,5.55505,5.6094,5.67259,5.76771,5.7947,5.79928,5.40725,5.53751,5.58816,5.7208,5.7947,5.79928,5.85704,0.851113,0.879678,0.871109,0.912933,0.908001,0.892688,0.892044,0.865323,0.876308,0.87652,0.906859,0.892688,0.892044,0.893016,-6.43952,-6.42519,-6.42253,-6.38259,-6.30664,-6.28173,-6.27894,-6.43952,-6.4015,-6.39777,-6.33045,-6.31499,-6.28375,-6.27072,0.851499,0.854868,0.853061,0.857537,0.814701,0.835365,0.823858,0.851499,0.848321,0.846277,0.841118,0.825319,0.838377,0.834472,2687.91,2840.72,2771.57,11.7262,2653.4,2682.92,2708.49,2802.3,2840.72,2840.72,2856.2,2856.2,2842.64,2766.01,10.1534,2666.69,2687.91,2696.99,2751.75,2829.69,2840.72,2842.64,3077.78,3199.86,3155.66,8.68759,3070.81,3082.47,3090.4,3179.56,3199.86,3206.65,3218.13,3137.03,3213.54,3154.18,8.32334,3075.02,3082.11,3099.29,3158.44,3199.86,3213.54,3218.23,2438.13,2302.38,2514.94,24.7427,2302.38,2326.88,2400.86,2494.27,2570.53,2687.87,2712.21,2400.86,2570.53,2493.22,22.8745,2302.38,2326.88,2396.66,2438.13,2570.53,2659.69,2712.21,2676.38,2613.49,2681.82,9.33214,2613.49,2613.67,2622.55,2681.75,2711.88,2757.43,2775.71,2622.55,2689.38,2680.59,9.24497,2613.49,2616.06,2622.55,2664.16,2711.88,2746.36,2791.02,3598.11,1.0
2006,10.109,0.984703,8.803,1.791,0.989634,11.122,2.065,0.980989,9.95,8.046,1.93,11.497,3.035,10.063,0.984703,8.768,1.801,0.989634,11.069,2.084,0.980989,212.844,0.984703,208.532,212.697,0.984703,-9999,-9999,287.999,287.999,0.0,298.126,0.984703,304.932,298.138,0.984703,5.897,0.984703,5.619,5.836,0.984703,87.375,87.34,0.980251,484.545,425.314,0.980251,2.603,2.972,0.980251,0.535075189609,0.96700913242,101.111532131,0.974315068493,30.8168280101,0.826940639269,-9999,-9999,357.889,0.973516,9.863,0.984703,21.1,0.984932,-0.947483,0.984247,66.4535,0.965753,62.0108,0.423261,41.0515,0.966895,38.3071,0.327485,0.949658,1,11.011,12.5534,-650.185,-638.72,0.947717,0.948858,20.6835,20.708,25.1991,25.3665,-643.797,-638.72,0.951598,0.948858,20.2999,20.708,24.8852,25.3665,-645.273,-644.314,0.947708,0.946727,2.57658,2.21725,-660.988,-659.365,-659.046,-643.797,-638.828,-630.576,-620.726,-660.993,-659.365,-654.229,-649.499,-638.72,-630.064,-620.537,0.960731,0.959018,0.957763,0.951598,0.948858,0.944977,0.942009,0.960731,0.959018,0.956507,0.937785,0.948858,0.931735,0.942009,5.66366,5.70504,2.37722,2.39146,0.966941,0.969072,0.0823876,0.0823658,0.102091,0.102453,-7.72333,-7.7073,9.42546,9.42997,0.932262,0.932952,0.0726971,0.0728891,0.123549,0.120448,5.74696,5.70504,2.42819,2.39146,0.973029,0.969072,0.0783179,0.0823658,0.0988356,0.102453,-7.74464,-7.7073,9.43465,9.42997,0.935198,0.932952,0.0734985,0.0728891,0.124022,0.120448,5.66043,5.66494,5.70504,5.76357,5.77475,5.78552,5.79585,5.66043,5.66366,5.68116,5.74696,5.77475,5.78552,5.78667,0.95834,0.960775,0.969072,0.977907,0.978181,0.978181,0.981058,0.95834,0.966941,0.964949,0.973029,0.978181,0.978181,0.977633,-7.85751,-7.85436,-7.84897,-7.74597,-7.70773,-7.65456,-7.64327,-7.85691,-7.8489,-7.80874,-7.74421,-7.70702,-7.65712,-7.63982,0.945739,0.946643,0.942063,0.929903,0.932952,0.926509,0.911883,0.944226,0.942063,0.940105,0.935198,0.91998,0.926509,0.916059,2608.11,2606.34,2610.15,7.73262,2595.04,2597.2,2599.07,2608.53,2615.84,2643.72,2669.14,2608.11,2611.21,2608.18,7.93824,2567.99,2597.2,2599.07,2610.06,2615.84,2641.42,2651.37,3260.35,3245.06,3254.46,6.90913,3245.06,3247.03,3249.8,3255.27,3265.86,3271.52,3294.14,3246.41,3255.01,3253.45,6.31746,3211.31,3246.41,3249.75,3255.31,3265.82,3267.25,3290.94,2001.8,2064.32,2046.7,9.42254,1965.33,2000.1,2005.21,2041.13,2071.53,2082.94,2092.95,2042.91,2082.94,2036.05,8.54739,1933.95,1983.26,2001.8,2041.13,2071.53,2082.94,2092.95,2842.65,2872.34,2847.06,4.31572,2804.35,2823.03,2830.6,2842.79,2866.51,2870.55,2872.34,2866.51,2870.33,2840.73,4.41725,2779.95,2805.2,2830.6,2842.65,2866.51,2870.33,2872.34,3343.66,1.0
2007,10.615,1.0,9.681,1.557,1.0,11.35,1.754,1.0,10.028,8.416,1.729,11.329,2.622,10.615,1.0,9.681,1.557,1.0,11.35,1.754,1.0,194.992,1.0,188.782,194.992,1.0,-9999,-9999,296.161,296.277,0.0105023,309.664,1.0,312.831,309.664,1.0,5.223,1.0,4.748,5.223,1.0,87.242,87.211,1.0,1103.886,1014.2,1.0,2.716,3.118,1.0,0.576500235501,0.983447488584,114.336961554,0.938127853881,-9999,-9999,-9999,-9999,364.685,0.986187,10.315,1.0,23.7,1.0,-0.828529,0.999772,66.4552,0.983562,66.9795,0.447693,36.7971,0.983676,37.0875,0.314765,0.923516,1,11.0164,12.6356,-473.03,-410.261,0.958105,0.961986,22.5413,22.7325,55.602,57.6417,-453.97,-410.261,0.960046,0.961986,22.473,22.7325,55.5743,57.6417,-469.83,-457.779,0.957021,0.959843,8.88811,7.40027,-591.536,-522.185,-519.114,-453.97,-424.855,-420.529,-411.916,-523.604,-522.09,-514.474,-435.951,-420.303,-416.151,-411.916,0.918151,0.95605,0.956849,0.960046,0.972831,0.965639,0.961986,0.937329,0.949772,0.938699,0.969292,0.965639,0.971918,0.961986,6.14347,6.43209,2.9797,3.11081,0.969859,0.972379,0.0801942,0.0835842,0.267712,0.261685,-7.18344,-7.12195,10.5271,10.5946,0.948962,0.953987,0.0867557,0.0854892,0.0975724,0.096566,6.23617,6.43209,3.02044,3.11081,0.970886,0.972379,0.0812439,0.0835842,0.268028,0.261685,-7.17956,-7.12195,10.5427,10.5946,0.951705,0.953987,0.0855397,0.0854892,0.0964928,0.096566,5.46447,5.86969,5.92092,6.23617,6.35523,6.38052,6.42115,5.86705,5.89597,5.92063,6.29043,6.38052,6.39193,6.42115,0.917797,0.938961,0.955637,0.970886,0.984191,0.975575,0.972379,0.969095,0.956322,0.942728,0.981539,0.975575,0.975575,0.972379,-7.22103,-7.21563,-7.21116,-7.17956,-7.12912,-7.12633,-7.12303,-7.22309,-7.21563,-7.21048,-7.13996,-7.12661,-7.12582,-7.09743,0.942691,0.949747,0.947832,0.951705,0.961481,0.959517,0.953987,0.935694,0.949747,0.947832,0.961905,0.958021,0.958021,0.956125,2728.2,2857.63,2760.85,12.4903,2617.78,2655.67,2673.18,2799.15,2819.88,2822.26,2857.63,2633.8,2775.01,2737.85,16.0112,2583.88,2636.24,2655.67,2775.01,2815.87,2819.88,2857.63,3223.43,3267.89,3218.63,5.61063,3139.99,3172.98,3196.61,3228.98,3242.82,3248.7,3267.89,3139.96,3228.98,3207.68,7.611,3117.57,3161.04,3175.41,3223.43,3242.82,3248.64,3269.55,2523.72,2585.01,2605.17,8.53105,2521.36,2561.43,2582.08,2600.06,2616.56,2668.3,2693.65,2590.93,2582.08,2610.03,8.46977,2521.36,2561.43,2582.08,2600.06,2650.2,2680.05,2693.65,2873.1,2909.34,2918.31,3.84309,2873.1,2897.55,2902.77,2915.71,2931.35,2941.56,2944.44,2909.34,2897.55,2917.97,3.53153,2870.32,2897.55,2902.77,2915.71,2930.52,2941.56,2951.07,4024.24,1.0
2008,9.28,0.997268,8.423,1.458,1.0,9.969,1.659,0.994966,9.231,7.559,1.656,10.604,2.659,9.28,0.997268,8.423,1.458,1.0,9.969,1.66,0.994966,197.661,0.992714,192.917,196.975,0.992714,288.35,0.992714,290.986,288.482,0.992714,299.064,0.992714,307.822,299.161,0.992714,4.501,0.997268,4.482,4.503,0.997268,87.22,87.179,0.994763,959.418,616.219,0.994763,2.687,3.04,0.994763,0.553784523146,0.970856102004,134.611108055,0.883652094718,-9999,-9999,357.282359618,0.985541894353,350.74,0.977231,9.274,0.997268,26.8,0.960952,-1.00246,0.997154,66.3434,0.975751,74.9107,0.422014,33.009,0.975524,37.2716,0.289441,0.869422,1,11.0164,12.541,-738.633,-717.406,0.955373,0.959472,19.0007,19.2804,37.8816,35.7455,-712.827,-717.406,0.957195,0.959472,19.2959,19.2804,38.0305,35.7455,-733.759,-724.055,0.951699,0.955758,5.72264,4.78034,-817.545,-773.1,-759.751,-713.159,-708.723,-707.556,-693.521,-799.649,-759.751,-738.633,-713.049,-707.556,-699.551,-692.889,0.893101,0.942168,0.947177,0.961749,0.960724,0.956284,0.964709,0.931808,0.947177,0.955373,0.957195,0.956284,0.962318,0.96357,5.4837,5.59185,1.96662,1.96993,0.986749,0.989465,0.0627283,0.065238,0.191118,0.175151,-7.90976,-7.92446,9.71158,9.70858,0.92979,0.935199,0.0761628,0.076212,0.0787932,0.0786812,5.5957,5.59185,1.97187,1.96993,0.988041,0.989465,0.0650755,0.065238,0.191901,0.175151,-7.90741,-7.92446,9.70551,9.70858,0.932017,0.935199,0.0764177,0.076212,0.0790396,0.0786812,5.10307,5.28253,5.36891,5.5957,5.63315,5.64359,5.69698,5.20155,5.35874,5.4837,5.61009,5.64247,5.68383,5.69698,0.911505,0.974751,0.979,0.988041,0.989714,0.989465,0.990055,0.95961,0.977015,0.986749,0.989465,0.989465,0.989714,0.990055,-7.95253,-7.93646,-7.92974,-7.90976,-7.8992,-7.89608,-7.88326,-7.94155,-7.93832,-7.93204,-7.91493,-7.90484,-7.8992,-7.88304,0.878113,0.909745,0.935746,0.92979,0.93122,0.92226,0.918749,0.938703,0.939045,0.937302,0.944756,0.93445,0.93122,0.920249,2607.78,2559.5,2557.59,5.37514,2488.93,2522.7,2530.07,2569.51,2579.87,2589.51,2595.27,2530.07,2522.7,2556.55,7.45864,2488.93,2514.58,2522.7,2563.17,2579.87,2589.51,2607.78,3315.34,3276.9,3281.65,3.68504,3235.78,3260.84,3273.53,3279.74,3288.16,3289.06,3315.34,3268.72,3235.53,3290.31,8.82181,3235.53,3259.53,3273.53,3277.88,3288.59,3290.65,3364.02,2196.3,2284.92,2266.04,9.65956,2190.14,2196.3,2217.69,2275.82,2327.05,2339.28,2352.4,2284.92,2350.69,2275.58,10.1814,2188.36,2209.98,2217.69,2268.17,2327.05,2350.69,2352.4,2928.85,2959.31,2957.38,3.45087,2928.85,2930.0,2934.54,2959.07,2974.44,2980.15,2984.14,2976.0,2974.44,2964.17,4.42662,2921.68,2934.54,2954.29,2968.1,2976.0,2980.15,2984.74,3475.11,1.0
2009,10.169,0.999315,9.248,1.569,1.0,10.89,1.756,0.998506,9.985,8.229,1.755,11.375,2.777,10.171,0.999315,9.248,1.569,1.0,10.894,1.759,0.998506,198.88,0.999315,196.594,198.901,0.999315,291.763,0.999087,293.288,291.754,0.999087,302.276,0.999315,310.051,302.28,0.999315,5.437,0.999315,5.222,5.438,0.999315,87.179,87.148,0.992694,827.731,514.743,0.992694,2.821,3.226,0.998288,0.57744076542,0.958333333333,142.430896521,0.867237442922,-9999,-9999,362.303882338,0.993949771689,367.094,0.974772,9.498,0.998858,25.5,0.999429,-0.33434,0.997945,78.4348,0.973858,84.5444,0.50542,25.3956,0.973858,27.3737,0.303842,0.841324,1,11.011,12.5425,-574.827,-581.556,0.93984,0.946461,22.1084,22.3902,25.986,25.9586,-576.224,-581.556,0.943836,0.946461,22.3354,22.3902,26.1794,25.9586,-587.922,-587.384,0.93962,0.943764,2.75601,1.94876,-638.556,-602.139,-599.193,-581.556,-576.224,-574.827,-568.267,-602.799,-601.097,-600.93,-586.815,-576.316,-574.827,-568.916,0.883447,0.949886,0.950913,0.946461,0.943836,0.93984,0.929452,0.952283,0.950799,0.952397,0.948174,0.943836,0.93984,0.937671,6.48105,6.45217,2.13458,2.19599,0.956482,0.963506,0.0714248,0.0742517,0.0964018,0.0959482,-7.99344,-8.01002,10.4133,10.4222,0.925771,0.931934,0.0900671,0.0898351,0.0957454,0.0944233,6.4866,6.45217,2.19648,2.19599,0.959994,0.963506,0.0738136,0.0742517,0.0981848,0.0959482,-8.01109,-8.01002,10.4164,10.4222,0.929904,0.931934,0.0897965,0.0898351,0.0954908,0.0944233,6.09583,6.3651,6.38499,6.45217,6.4863,6.49458,6.5096,6.3648,6.3651,6.38499,6.43777,6.48618,6.48663,6.50291,0.917539,0.964804,0.96687,0.963506,0.935524,0.942207,0.941964,0.964414,0.964804,0.96687,0.969953,0.949174,0.936209,0.974257,-8.06261,-8.05146,-8.04529,-8.01095,-7.99344,-7.98649,-7.97054,-8.06261,-8.0516,-8.04962,-8.01145,-8.00498,-7.99344,-7.96959,0.942505,0.936516,0.93416,0.928368,0.925771,0.92386,0.921414,0.942505,0.936516,0.939589,0.929904,0.933416,0.925771,0.921586,2754.87,2737.64,2751.08,6.73692,2707.15,2713.07,2714.47,2737.64,2761.35,2813.79,2820.42,2800.2,2751.33,2758.31,6.90492,2707.15,2714.47,2718.07,2737.64,2811.99,2814.59,2821.34,3334.87,3319.19,3338.47,5.87999,3308.08,3308.14,3314.51,3320.25,3336.17,3384.07,3393.15,3393.16,3327.55,3346.23,6.16397,3305.62,3313.67,3314.48,3328.82,3384.22,3388.69,3401.71,2244.01,2334.68,2310.81,6.19171,2244.01,2258.64,2297.09,2303.79,2334.68,2348.24,2371.94,2286.94,2312.29,2315.61,6.19701,2244.01,2270.98,2297.09,2312.29,2334.68,2358.59,2390.11,3020.04,3062.13,3042.37,2.3514,3019.14,3020.04,3027.03,3046.86,3051.55,3058.67,3062.13,3062.13,3051.55,3043.19,2.71329,3016.52,3021.07,3028.85,3046.01,3051.55,3058.67,3062.13,3672.12,1.0
2010,9.568,0.953653,8.719,1.336,0.958254,10.25,1.576,0.948672,9.349,7.836,1.551,10.589,2.38,9.487,0.953653,8.627,1.353,0.958254,10.18,1.602,0.948672,189.382,0.953653,181.588,187.08,0.953653,293.799,0.953653,298.166,294.426,0.953653,305.78,0.953539,314.771,307.093,0.953539,3.711,0.953653,4.005,3.71,0.953653,87.297,87.278,0.945662,1341.394,1483.926,0.945662,2.685,3.122,0.949201,0.585038773419,0.882876712329,130.126387056,0.849885844749,-9999,-9999,360.888085486,0.944178082192,371.194,0.93105,9.55,0.953082,28.4,0.978196,-0.969481,0.952854,70.3002,0.808676,76.5929,0.447428,28.3752,0.80879,30.9152,0.352485,0.72032,1,9.23562,10.5699,-627.432,-629.457,0.781849,0.782534,28.8047,28.4428,40.9836,40.2718,-606.166,-629.457,0.787329,0.782534,28.4756,28.4428,40.7529,40.2718,-618.101,-617.951,0.784449,0.783907,6.33473,5.00531,-723.573,-649.518,-638.56,-606.166,-594.443,-591.211,-572.383,-660.389,-649.186,-642.604,-621.169,-597.534,-592.166,-571.982,0.743151,0.780594,0.777968,0.787329,0.79121,0.792352,0.798973,0.761644,0.780594,0.77089,0.775799,0.789155,0.797945,0.798973,5.85175,5.84548,2.01841,2.0148,0.812869,0.812869,0.0958431,0.0933426,0.180537,0.178263,-7.76804,-7.76877,9.70854,9.71482,0.75398,0.755187,0.114862,0.114581,0.116904,0.117723,5.96482,5.84548,2.05528,2.0148,0.820017,0.812869,0.0945893,0.0933426,0.179874,0.178263,-7.75548,-7.76877,9.73882,9.71482,0.757003,0.755187,0.114075,0.114581,0.116131,0.117723,5.24163,5.72771,5.78474,5.96435,6.00948,6.0337,6.12139,5.57163,5.72996,5.74638,5.83685,5.99895,6.0337,6.12398,0.754816,0.804057,0.807941,0.828193,0.822803,0.832454,0.832703,0.785571,0.812542,0.811347,0.812869,0.820291,0.832454,0.832703,-7.784,-7.77097,-7.76804,-7.74322,-7.72791,-7.72746,-7.72408,-7.7826,-7.77812,-7.77208,-7.75028,-7.7275,-7.72408,-7.71939,0.751304,0.730085,0.75398,0.760051,0.743495,0.748214,0.768857,0.751304,0.750794,0.753019,0.767105,0.76612,0.768857,0.769567,2588.26,2597.96,2634.74,9.55403,2519.37,2588.26,2597.96,2626.02,2686.82,2687.48,2696.87,2579.89,2687.48,2634.32,10.506,2459.76,2581.42,2597.96,2674.05,2686.82,2687.48,2696.87,3237.45,3227.42,3252.7,5.1101,3179.76,3227.42,3237.45,3250.12,3274.27,3286.08,3293.43,3238.66,3293.64,3252.42,5.17548,3179.81,3225.13,3237.78,3255.37,3274.33,3284.69,3293.64,2283.75,2175.08,2268.19,8.79402,2154.75,2229.06,2245.31,2281.85,2287.62,2291.48,2328.9,2291.48,2281.85,2269.25,12.1415,2154.75,2176.59,2229.35,2272.69,2287.62,2291.48,2407.24,2952.98,2897.66,2957.75,4.6716,2911.48,2923.9,2939.18,2952.98,2981.48,2981.99,2992.4,2992.4,2981.99,2958.45,6.18513,2897.66,2923.9,2932.56,2952.08,2981.48,2981.99,3031.43,3484.44,1.0
2011,9.635,0.93242,8.571,1.259,0.941869,10.488,1.471,0.922595,9.077,7.606,1.503,10.286,2.353,9.775,0.93242,8.687,1.325,0.941869,10.657,1.545,0.922595,181.553,0.932877,179.316,183.012,0.932877,292.886,0.932306,297.369,293.152,0.932306,311.144,0.928653,314.0,311.919,0.928653,3.401,0.93242,3.637,3.504,0.93242,87.278,87.459,0.881507,1228.347,1311.247,0.882306,2.621,3.107,0.949886,0.542355766926,0.875342465753,124.679147548,0.805365296804,-9999,-9999,359.924863292,0.920205479452,365.788,0.886986,9.141,0.95137,25.4,0.956164,-1.61824,0.949886,65.1172,0.885845,70.235,0.406359,31.6887,0.885959,34.1792,0.282568,0.765982,1,10.7452,11.4767,-668.594,-658.499,0.854909,0.855479,25.3155,24.6978,38.858,43.1599,-657.199,-668.172,0.856279,0.854909,24.6009,25.2942,38.3963,43.5039,-651.372,-646.402,0.852289,0.851678,4.13588,4.58972,-674.573,-668.594,-665.603,-660.667,-657.199,-609.634,-596.156,-668.095,-667.244,-662.732,-658.394,-650.781,-596.454,-596.156,0.858676,0.854909,0.867808,0.865753,0.856279,0.817694,0.84726,0.854909,0.852854,0.849886,0.861416,0.851484,0.844521,0.84726,5.43435,5.45068,2.29193,2.30895,0.891173,0.890854,0.0861225,0.083648,0.106066,0.150652,-7.58971,-7.54613,9.31613,9.35796,0.82407,0.825444,0.101053,0.0990217,0.15017,0.141421,5.51125,5.43989,2.33515,2.29656,0.891675,0.891173,0.0828342,0.0859405,0.103414,0.151937,-7.59138,-7.5908,9.37623,9.31534,0.826249,0.82407,0.0989985,0.101056,0.148796,0.142853,5.41832,5.44455,5.45068,5.51482,5.55819,5.56837,5.70075,5.44023,5.45016,5.45068,5.52052,5.55819,5.70075,5.71476,0.886762,0.888457,0.890854,0.891675,0.846478,0.894591,0.885772,0.891173,0.887309,0.890854,0.891675,0.846478,0.885772,0.883133,-7.69901,-7.67596,-7.67446,-7.59138,-7.54517,-7.45379,-7.41745,-7.69901,-7.67596,-7.61776,-7.59106,-7.54613,-7.47402,-7.37668,0.841303,0.832928,0.835129,0.826249,0.825444,0.814949,0.772065,0.841303,0.832928,0.829703,0.826249,0.825444,0.812085,0.800983,2706.36,2654.17,2730.08,9.42687,2604.12,2669.0,2693.99,2730.44,2765.7,2768.97,2819.3,2669.0,2768.97,2739.1,9.37048,2630.15,2654.17,2694.26,2750.1,2769.92,2810.15,2819.3,3345.32,3322.34,3376.48,11.4775,3200.57,3303.44,3336.25,3384.62,3424.98,3424.98,3477.69,3345.52,3426.17,3390.47,11.2164,3235.17,3322.76,3344.01,3408.86,3440.28,3462.13,3477.71,2209.56,2340.26,2278.45,16.1038,2086.27,2144.92,2245.35,2271.49,2330.46,2352.42,2352.91,2254.92,2260.47,2263.75,16.9704,2086.27,2144.92,2154.48,2260.47,2330.46,2340.26,2390.91,2839.1,2888.94,2862.12,5.89943,2773.17,2829.18,2846.11,2870.05,2878.22,2883.65,2888.94,2864.51,2874.18,2857.92,6.1017,2773.17,2818.77,2829.18,2862.23,2877.69,2888.94,2904.71,2997.86,1.0
2012,8.819,0.750455,7.81,1.227,0.765742,9.587,1.765,0.737981,8.852,7.3,1.581,10.104,2.452,9.063,0.750455,7.944,1.415,0.765742,9.941,1.893,0.737981,191.163,0.923611,187.122,192.313,0.923611,290.427,0.924294,292.858,289.157,0.924294,300.071,0.750114,309.634,303.788,0.750114,3.734,0.750455,3.884,3.917,0.750455,87.247,87.444,0.851548,1228.817,1135.756,0.690801,2.711,3.038,0.82377,0.548414867464,0.77720856102,134.502370667,0.80737704918,-9999,-9999,358.418509449,0.914048269581,370.859,0.688638,9.049,0.796334,25.7,0.80214,-4.25242,0.796107,61.9242,0.681694,70.3516,0.430576,35.198,0.679303,39.9882,0.409791,0.526981,1,7.44536,7.44262,-1314.18,-1306.4,0.648566,0.652322,49.9133,49.6136,121.554,70.6684,-1298.19,-1306.4,0.65107,0.652322,50.0364,49.6136,121.604,70.6684,-1274.02,-1297.23,0.648648,0.650424,20.9589,17.0211,-1419.65,-1375.21,-1341.62,-1306.4,-1288.32,-1153.55,-1056.74,-1419.74,-1375.7,-1353.87,-1306.4,-1288.32,-1275.05,-1123.71,0.659267,0.660861,0.645492,0.652322,0.656535,0.641166,0.625569,0.659267,0.661316,0.647769,0.652322,0.656535,0.654599,0.63684,4.3687,4.49917,3.07522,3.14477,0.689686,0.692608,0.188985,0.18815,0.442134,0.341665,-9.48459,-9.53428,12.4203,12.407,0.614689,0.618766,0.182671,0.18106,0.229399,0.194724,4.49903,4.49917,3.11619,3.14477,0.69238,0.692608,0.189964,0.18815,0.442553,0.341665,-9.49404,-9.53428,12.4353,12.407,0.61679,0.618766,0.182581,0.18106,0.229327,0.194724,3.90832,4.09101,4.13714,4.49903,4.59279,4.89043,5.01448,3.90832,4.07923,4.13714,4.46652,4.59279,4.64961,4.99237,0.701222,0.701981,0.688471,0.69238,0.695575,0.682735,0.665694,0.701222,0.701981,0.688471,0.693746,0.695575,0.69383,0.686409,-9.59529,-9.5715,-9.53428,-9.49668,-9.43048,-9.29397,-8.79853,-9.59564,-9.57099,-9.53428,-9.50564,-9.45068,-9.42768,-9.03564,0.624865,0.625727,0.618766,0.622521,0.605654,0.603724,0.591666,0.624865,0.625727,0.618766,0.61315,0.60728,0.610274,0.598495,2999.39,3097.15,3017.0,23.6824,2809.99,2864.66,2890.91,2999.39,3114.74,3169.16,3178.42,2999.39,3114.74,3007.68,22.4602,2809.99,2864.66,2890.91,2999.39,3114.74,3136.72,3178.42,4323.4,4403.55,4314.24,22.5335,3991.28,4222.39,4232.58,4353.25,4416.43,4431.28,4457.12,4232.53,4412.93,4281.7,27.874,3905.61,4002.35,4222.46,4323.12,4412.93,4431.65,4457.49,2336.72,2463.39,2420.51,23.5585,2252.55,2296.26,2308.12,2399.87,2463.39,2472.96,2744.45,2472.96,2422.38,2458.75,35.0424,2252.55,2285.1,2296.26,2399.87,2472.96,2710.4,2877.83,2750.13,2826.88,2795.1,15.4392,2662.84,2691.34,2699.6,2776.92,2840.21,2890.65,2938.68,2826.88,2899.1,2816.35,21.8962,2662.84,2683.14,2699.6,2776.92,2885.68,2938.68,3071.42,3800.24,1.0
2013,10.347,0.992009,9.268,1.648,0.992694,11.189,1.831,0.991324,9.736,8.065,1.785,11.063,2.7,10.333,0.992009,9.246,1.658,0.992694,11.183,1.85,0.991324,200.894,0.990639,194.408,200.66,0.990639,298.366,0.990525,293.553,298.54,0.990525,303.404,0.990639,310.307,303.512,0.990639,5.479,0.992009,4.834,5.466,0.992009,87.218,87.183,0.991438,850.89,889.422,0.991438,2.812,3.212,0.999772,0.591523322763,0.942465753425,127.819424553,0.922488584475,-9999,-9999,363.809386337,0.977739726027,363.347,0.970776,9.377,0.999886,27.8,1.0,-1.09407,0.999543,73.661,0.9621,80.2445,0.456229,32.0763,0.9621,34.9432,0.302871,0.898516,1,10.9123,11.8301,-836.383,-822.509,0.930594,0.935502,26.5571,28.5071,36.3092,32.3474,-838.515,-822.509,0.933562,0.935502,26.3922,28.5071,36.1888,32.3474,-814.39,-815.778,0.927557,0.933242,3.56646,2.64091,-839.338,-838.515,-836.383,-817.462,-796.376,-788.994,-780.134,-839.338,-837.624,-824.748,-818.357,-807.049,-807.049,-781.147,0.934247,0.933562,0.930594,0.941438,0.909703,0.911187,0.905708,0.934247,0.931735,0.898288,0.936073,0.938813,0.938813,0.924886,6.88788,7.00035,2.92065,2.91353,0.953792,0.957322,0.0854354,0.0871479,0.145027,0.12285,-9.60131,-9.63241,12.5968,12.7098,0.90946,0.915797,0.109337,0.119972,0.119181,0.121778,6.8879,7.00035,2.91288,2.91353,0.954845,0.957322,0.0833992,0.0871479,0.143837,0.12285,-9.60921,-9.63241,12.6194,12.7098,0.914224,0.915797,0.109659,0.119972,0.119476,0.121778,6.79713,6.88788,6.8879,7.00035,7.05973,7.12226,7.19364,6.8733,6.88656,6.91926,7.00035,7.02042,7.05973,7.12686,0.912015,0.953792,0.954845,0.957322,0.965717,0.924835,0.944233,0.955873,0.953792,0.954096,0.957322,0.962308,0.965717,0.930968,-9.64092,-9.62727,-9.60921,-9.60131,-9.56859,-9.53241,-9.46861,-9.64092,-9.63241,-9.62734,-9.60884,-9.59063,-9.59063,-9.53241,0.92541,0.911205,0.914224,0.90946,0.903335,0.898827,0.890838,0.92541,0.915797,0.911205,0.916294,0.918217,0.918217,0.898827,2881.49,2862.84,2923.63,9.42357,2862.84,2864.99,2865.05,2915.59,2966.87,2978.75,3027.89,2978.58,2881.49,2931.36,11.3268,2836.17,2864.99,2881.49,2915.59,2978.75,3024.65,3034.01,3704.41,3685.34,3739.41,7.64082,3683.34,3685.34,3704.39,3731.46,3779.58,3789.12,3813.53,3785.22,3720.0,3745.75,8.44523,3660.1,3685.34,3713.94,3740.58,3785.22,3800.78,3822.86,2734.56,2744.53,2739.42,12.1832,2582.5,2674.78,2714.93,2744.53,2783.77,2796.81,2862.02,2744.53,2612.26,2745.51,13.1982,2582.5,2612.26,2713.71,2744.7,2796.81,2812.72,2851.37,3482.73,3529.89,3517.25,9.19156,3410.49,3475.99,3481.24,3525.52,3529.89,3542.72,3625.94,3410.49,3454.22,3521.91,10.8528,3410.49,3454.22,3479.55,3525.52,3533.49,3545.88,3674.89,4276.94,1.0
2014,10.774,1.0,9.69,1.505,1.0,11.645,1.784,1.0,9.992,8.305,1.709,11.337,2.686,10.774,1.0,9.69,1.505,1.0,11.645,1.784,1.0,199.912,0.994178,193.953,200.122,0.994178,305.981,0.994178,295.376,305.859,0.994178,307.806,0.994178,312.071,307.718,0.994178,5.653,1.0,4.81,5.653,1.0,87.287,87.269,0.999886,1048.617,1062.2,0.999886,2.662,3.045,0.999658,0.547103229083,0.986301369863,113.625178854,0.981164383562,-9999,-9999,365.99670899,0.992579908676,371.309,0.986073,9.689,1.0,31.5,1.0,-1.15886,0.999886,68.8939,0.97637,77.1856,0.427274,33.3585,0.976142,37.3734,0.319635,0.952626,1,11.0274,12.4877,-591.209,-567.366,0.949658,0.95605,24.6209,24.9654,38.8495,33.3885,-579.133,-567.366,0.951484,0.95605,24.4628,24.9654,38.7495,33.3885,-586.623,-574.84,0.946915,0.953516,4.25046,3.64073,-635.681,-620.2,-614.173,-579.133,-565.927,-560.096,-556.874,-624.946,-601.215,-591.209,-566.151,-560.096,-556.874,-551.61,0.938128,0.930822,0.943836,0.951484,0.962785,0.959132,0.96016,0.942352,0.945776,0.949658,0.961644,0.959132,0.96016,0.965183,7.62781,7.73686,2.24109,2.31583,0.969611,0.979507,0.0880373,0.0872859,0.200197,0.155656,-8.94706,-8.9185,11.0805,11.1364,0.933157,0.936988,0.0945918,0.0972325,0.107036,0.100874,7.68524,7.73686,2.27214,2.31583,0.973664,0.979507,0.0863477,0.0872859,0.19946,0.155656,-8.92932,-8.9185,11.1086,11.1364,0.933783,0.936988,0.0947456,0.0972325,0.107172,0.100874,7.30381,7.38888,7.47608,7.68524,7.74367,7.74848,7.76981,7.40162,7.51205,7.62781,7.73253,7.74848,7.76981,7.77815,0.938918,0.936926,0.96566,0.973664,0.981566,0.977985,0.982388,0.958044,0.966438,0.969611,0.984237,0.977985,0.982388,0.985264,-8.99576,-8.97488,-8.93899,-8.91315,-8.89334,-8.8747,-8.84686,-8.99216,-8.94706,-8.92932,-8.9091,-8.89334,-8.89334,-8.86189,0.922876,0.922498,0.93386,0.91964,0.942123,0.949255,0.911391,0.928169,0.933157,0.933783,0.945406,0.942123,0.942123,0.951671,3297.88,3311.82,3298.88,6.95614,3243.39,3267.85,3281.89,3286.99,3311.82,3328.6,3387.7,3312.38,3297.88,3302.84,9.48392,3165.23,3267.85,3281.89,3297.88,3328.6,3362.02,3392.42,3894.65,3879.19,3873.72,9.34644,3803.92,3810.14,3848.61,3856.34,3894.65,3897.51,4007.9,3897.51,3877.01,3889.46,11.7087,3774.32,3847.08,3848.61,3866.36,3897.51,3983.82,4028.1,2565.39,2733.3,2690.27,9.19864,2565.39,2647.7,2659.19,2683.9,2733.3,2736.24,2756.34,2733.3,2684.28,2707.58,10.1543,2613.88,2647.7,2661.44,2714.87,2736.24,2756.34,2789.5,3248.32,3321.86,3314.78,7.13898,3248.32,3269.0,3278.04,3294.32,3339.33,3368.41,3376.21,3376.21,3327.61,3328.29,7.49501,3248.32,3270.98,3280.92,3329.03,3359.53,3376.21,3379.64,3924.66,1.0
