TIMESTAMP,TA_F_MDS,TA_F_MDS_QC,TA_F_MDS_NIGHT,TA_F_MDS_NIGHT_SD,TA_F_MDS_NIGHT_QC,TA_F_MDS_DAY,TA_F_MDS_DAY_SD,TA_F_MDS_DAY_QC,TA_ERA,TA_ERA_NIGHT,TA_ERA_NIGHT_SD,TA_ERA_DAY,TA_ERA_DAY_SD,TA_F,TA_F_QC,TA_F_NIGHT,TA_F_NIGHT_SD,TA_F_NIGHT_QC,TA_F_DAY,TA_F_DAY_SD,TA_F_DAY_QC,SW_IN_F_MDS,SW_IN_F_MDS_QC,SW_IN_ERA,SW_IN_F,SW_IN_F_QC,LW_IN_F_MDS,LW_IN_F_MDS_QC,LW_IN_ERA,LW_IN_F,LW_IN_F_QC,LW_IN_JSB,LW_IN_JSB_QC,LW_IN_JSB_ERA,LW_IN_JSB_F,LW_IN_JSB_F_QC,VPD_F_MDS,VPD_F_MDS_QC,VPD_ERA,VPD_F,VPD_F_QC,PA_ERA,PA_F,PA_F_QC,P_ERA,P_F,P_F_QC,WS_ERA,WS_F,WS_F_QC,USTAR,USTAR_QC,NETRAD,NETRAD_QC,PPFD_IN,PPFD_IN_QC,CO2_F_MDS,CO2_F_MDS_QC,TS_F_MDS_1,TS_F_MDS_1_QC,SWC_F_MDS_1,SWC_F_MDS_1_QC,G_F_MDS,G_F_MDS_QC,LE_F_MDS,LE_F_MDS_QC,LE_CORR,LE_RANDUNC,H_F_MDS,H_F_MDS_QC,H_CORR,H_RANDUNC,EBC_CF_N,EBC_CF_METHOD,NIGHT_RANDUNC_N,DAY_RANDUNC_N,NEE_CUT_REF,NEE_VUT_REF,NEE_CUT_REF_QC,NEE_VUT_REF_QC,NEE_CUT_REF_RANDUNC,NEE_VUT_REF_RANDUNC,NEE_CUT_REF_JOINTUNC,NEE_VUT_REF_JOINTUNC,NEE_CUT_USTAR50,NEE_VUT_USTAR50,NEE_CUT_USTAR50_QC,NEE_VUT_USTAR50_QC,NEE_CUT_USTAR50_RANDUNC,NEE_VUT_USTAR50_RANDUNC,NEE_CUT_USTAR50_JOINTUNC,NEE_VUT_USTAR50_JOINTUNC,NEE_CUT_MEAN,NEE_VUT_MEAN,NEE_CUT_MEAN_QC,NEE_VUT_MEAN_QC,NEE_CUT_SE,NEE_VUT_SE,NEE_CUT_05,NEE_CUT_16,NEE_CUT_25,NEE_CUT_50,NEE_CUT_75,NEE_CUT_84,NEE_CUT_95,NEE_VUT_05,NEE_VUT_16,NEE_VUT_25,NEE_VUT_50,NEE_VUT_75,NEE_VUT_84,NEE_VUT_95,NEE_CUT_05_QC,NEE_CUT_16_QC,NEE_CUT_25_QC,NEE_CUT_50_QC,NEE_CUT_75_QC,NEE_CUT_84_QC,NEE_CUT_95_QC,NEE_VUT_05_QC,NEE_VUT_16_QC,NEE_VUT_25_QC,NEE_VUT_50_QC,NEE_VUT_75_QC,NEE_VUT_84_QC,NEE_VUT_95_QC,NEE_CUT_REF_NIGHT,NEE_VUT_REF_NIGHT,NEE_CUT_REF_NIGHT_SD,NEE_VUT_REF_NIGHT_SD,NEE_CUT_REF_NIGHT_QC,NEE_VUT_REF_NIGHT_QC,NEE_CUT_REF_NIGHT_RANDUNC,NEE_VUT_REF_NIGHT_RANDUNC,NEE_CUT_REF_NIGHT_JOINTUNC,NEE_VUT_REF_NIGHT_JOINTUNC,NEE_CUT_REF_DAY,NEE_VUT_REF_DAY,NEE_CUT_REF_DAY_SD,NEE_VUT_REF_DAY_SD,NEE_CUT_REF_DAY_QC,NEE_VUT_REF_DAY_QC,NEE_CUT_REF_DAY_RANDUNC,NEE_VUT_REF_DAY_RANDUNC,NEE_CUT_REF_DAY_JOINTUNC,NEE_VUT_REF_DAY_JOINTUNC,NEE_CUT_USTAR50_NIGHT,NEE_VUT_USTAR50_NIGHT,NEE_CUT_USTAR50_NIGHT_SD,NEE_VUT_USTAR50_NIGHT_SD,NEE_CUT_USTAR50_NIGHT_QC,NEE_VUT_USTAR50_NIGHT_QC,NEE_CUT_USTAR50_NIGHT_RANDUNC,NEE_VUT_USTAR50_NIGHT_RANDUNC,NEE_CUT_USTAR50_NIGHT_JOINTUNC,NEE_VUT_USTAR50_NIGHT_JOINTUNC,NEE_CUT_USTAR50_DAY,NEE_VUT_USTAR50_DAY,NEE_CUT_USTAR50_DAY_SD,NEE_VUT_USTAR50_DAY_SD,NEE_CUT_USTAR50_DAY_QC,NEE_VUT_USTAR50_DAY_QC,NEE_CUT_USTAR50_DAY_RANDUNC,NEE_VUT_USTAR50_DAY_RANDUNC,NEE_CUT_USTAR50_DAY_JOINTUNC,NEE_VUT_USTAR50_DAY_JOINTUNC,NEE_CUT_05_NIGHT,NEE_CUT_16_NIGHT,NEE_CUT_25_NIGHT,NEE_CUT_50_NIGHT,NEE_CUT_75_NIGHT,NEE_CUT_84_NIGHT,NEE_CUT_95_NIGHT,NEE_VUT_05_NIGHT,NEE_VUT_16_NIGHT,NEE_VUT_25_NIGHT,NEE_VUT_50_NIGHT,NEE_VUT_75_NIGHT,NEE_VUT_84_NIGHT,NEE_VUT_95_NIGHT,NEE_CUT_05_NIGHT_QC,NEE_CUT_16_NIGHT_QC,NEE_CUT_25_NIGHT_QC,NEE_CUT_50_NIGHT_QC,NEE_CUT_75_NIGHT_QC,NEE_CUT_84_NIGHT_QC,NEE_CUT_95_NIGHT_QC,NEE_VUT_05_NIGHT_QC,NEE_VUT_16_NIGHT_QC,NEE_VUT_25_NIGHT_QC,NEE_VUT_50_NIGHT_QC,NEE_VUT_75_NIGHT_QC,NEE_VUT_84_NIGHT_QC,NEE_VUT_95_NIGHT_QC,NEE_CUT_05_DAY,NEE_CUT_16_DAY,NEE_CUT_25_DAY,NEE_CUT_50_DAY,NEE_CUT_75_DAY,NEE_CUT_84_DAY,NEE_CUT_95_DAY,NEE_VUT_05_DAY,NEE_VUT_16_DAY,NEE_VUT_25_DAY,NEE_VUT_50_DAY,NEE_VUT_75_DAY,NEE_VUT_84_DAY,NEE_VUT_95_DAY,NEE_CUT_05_DAY_QC,NEE_CUT_16_DAY_QC,NEE_CUT_25_DAY_QC,NEE_CUT_50_DAY_QC,NEE_CUT_75_DAY_QC,NEE_CUT_84_DAY_QC,NEE_CUT_95_DAY_QC,NEE_VUT_05_DAY_QC,NEE_VUT_16_DAY_QC,NEE_VUT_25_DAY_QC,NEE_VUT_50_DAY_QC,NEE_VUT_75_DAY_QC,NEE_VUT_84_DAY_QC,NEE_VUT_95_DAY_QC,RECO_NT_VUT_REF,RECO_NT_VUT_USTAR50,RECO_NT_VUT_MEAN,RECO_NT_VUT_SE,RECO_NT_VUT_05,RECO_NT_VUT_16,RECO_NT_VUT_25,RECO_NT_VUT_50,RECO_NT_VUT_75,RECO_NT_VUT_84,RECO_NT_VUT_95,RECO_NT_CUT_REF,RECO_NT_CUT_USTAR50,RECO_NT_CUT_MEAN,RECO_NT_CUT_SE,RECO_NT_CUT_05,RECO_NT_CUT_16,RECO_NT_CUT_25,RECO_NT_CUT_50,RECO_NT_CUT_75,RECO_NT_CUT_84,RECO_NT_CUT_95,GPP_NT_VUT_REF,GPP_NT_VUT_USTAR50,GPP_NT_VUT_MEAN,GPP_NT_VUT_SE,GPP_NT_VUT_05,GPP_NT_VUT_16,GPP_NT_VUT_25,GPP_NT_VUT_50,GPP_NT_VUT_75,GPP_NT_VUT_84,GPP_NT_VUT_95,GPP_NT_CUT_REF,GPP_NT_CUT_USTAR50,GPP_NT_CUT_MEAN,GPP_NT_CUT_SE,GPP_NT_CUT_05,GPP_NT_CUT_16,GPP_NT_CUT_25,GPP_NT_CUT_50,GPP_NT_CUT_75,GPP_NT_CUT_84,GPP_NT_CUT_95,RECO_DT_VUT_REF,RECO_DT_VUT_USTAR50,RECO_DT_VUT_MEAN,RECO_DT_VUT_SE,RECO_DT_VUT_05,RECO_DT_VUT_16,RECO_DT_VUT_25,RECO_DT_VUT_50,RECO_DT_VUT_75,RECO_DT_VUT_84,RECO_DT_VUT_95,RECO_DT_CUT_REF,RECO_DT_CUT_USTAR50,RECO_DT_CUT_MEAN,RECO_DT_CUT_SE,RECO_DT_CUT_05,RECO_DT_CUT_16,RECO_DT_CUT_25,RECO_DT_CUT_50,RECO_DT_CUT_75,RECO_DT_CUT_84,RECO_DT_CUT_95,GPP_DT_VUT_REF,GPP_DT_VUT_USTAR50,GPP_DT_VUT_MEAN,GPP_DT_VUT_SE,GPP_DT_VUT_05,GPP_DT_VUT_16,GPP_DT_VUT_25,GPP_DT_VUT_50,GPP_DT_VUT_75,GPP_DT_VUT_84,GPP_DT_VUT_95,GPP_DT_CUT_REF,GPP_DT_CUT_USTAR50,GPP_DT_CUT_MEAN,GPP_DT_CUT_SE,GPP_DT_CUT_05,GPP_DT_CUT_16,GPP_DT_CUT_25,GPP_DT_CUT_50,GPP_DT_CUT_75,GPP_DT_CUT_84,GPP_DT_CUT_95,RECO_SR,RECO_SR_N
1997,-9999,-9999,-9999,-9999,-9999,-9999,-9999,-9999,11.283,8.953,2.062,13.303,3.174,11.406,0.25742,9.03,1.776,0.272451,13.456,2.925,0.248017,-9999,-9999,214.691,214.321,0.252683,-9999,-9999,296.969,296.969,0.0,-9999,-9999,298.849,303.431,0.251256,-9999,-9999,8.392,8.254,0.256792,86.716,86.71,0.1746,1186.775,1184.633,0.23379,1.535,1.565,0.241438,-9999,-9999,-9999,-9999,-9999,-9999,-9999,-9999,-9999,-9999,-9999,-9999,3.32706,0.49121,66.9973,0.256735,70.2419,0.337981,41.8175,0.256963,43.8426,0.290101,1.0,3,0.0246575,7.2411,-277.177,-800.48,0.228082,0.252797,9.61408,8.76586,310.849,37.0023,-176.54,-785.397,0.136587,0.251941,11.427,8.97531,310.91,37.0524,-481.521,-773.187,0.164108,0.251635,44.0509,9.09657,-852.547,-800.48,-785.397,-396.796,-277.177,-179.079,-115.824,-823.764,-823.764,-800.48,-785.397,-763.58,-751.866,-691.501,0.0702055,0.252797,0.251941,0.105194,0.228082,0.20468,0.145605,0.253253,0.253253,0.252797,0.251941,0.251655,0.251199,0.248858,3.78878,0.815313,1.62888,1.19702,0.232541,0.272451,0.0522206,0.0387218,2.06043,0.257474,-4.84472,-4.74989,2.72084,2.72953,0.227359,0.240459,0.0280209,0.0286326,0.664313,0.0505308,4.93245,0.910069,2.48691,1.30935,0.0685214,0.271613,0.23986,0.0403606,2.07369,0.257725,-5.21598,-4.75323,2.88953,2.72484,0.182026,0.239604,0.0302605,0.0288759,0.664411,0.050669,0.694469,0.815313,1.06772,4.074,4.31767,4.93485,5.12313,0.6626,0.6626,0.815313,0.910069,1.06772,1.17169,1.53774,0.0,0.272451,0.271613,0.0379278,0.0379278,0.0685214,0.120056,0.272451,0.272451,0.272451,0.271613,0.271613,0.271461,0.268224,-6.57575,-6.08067,-5.66136,-5.32003,-4.77531,-4.75323,-4.74989,-4.83684,-4.8133,-4.81211,-4.75323,-4.74989,-4.73003,-4.73003,0.117289,0.137512,0.16851,0.187485,0.239114,0.239604,0.240459,0.232951,0.238458,0.237532,0.239604,0.240459,0.241225,0.241225,364.146,408.261,447.725,22.3385,287.319,287.319,364.146,408.261,538.103,566.114,702.122,538.103,2524.28,984.776,123.771,364.146,408.261,538.103,675.484,684.939,2249.98,2524.28,1164.63,1193.66,1220.91,14.6012,1111.08,1111.08,1164.63,1193.66,1301.68,1317.98,1393.62,1295.45,2700.82,961.631,162.788,-106.942,-92.5064,-28.9644,1164.63,1406.99,2297.66,2705.58,1133.85,1167.14,1161.71,9.51842,1073.98,1073.98,1133.85,1167.14,1185.73,1217.78,1234.31,1489.97,906.219,1336.18,95.8494,915.4,981.521,1038.96,1133.85,1367.0,1504.15,2170.68,1623.31,1639.43,1653.57,10.1456,1571.81,1571.81,1623.31,1639.43,1667.68,1745.15,1758.15,1815.55,1673.91,1848.86,40.698,1618.67,1623.31,1639.43,1781.53,1986.66,2042.83,2067.57,-9999,-9999
1998,10.775,0.498744,9.018,1.082,0.501075,12.315,2.045,0.496907,9.93,7.872,1.831,11.689,2.752,9.656,0.498744,7.679,1.399,0.501075,11.351,2.364,0.496907,180.483,0.499144,192.184,191.431,0.499144,-9999,-9999,303.573,303.573,0.0,302.885,0.498116,305.958,306.311,0.498116,5.953,0.498116,7.337,6.977,0.498116,86.66,86.696,0.493607,2140.012,2020.264,0.493607,1.523,1.609,0.421005,-9999,-9999,-9999,-9999,-9999,-9999,375.848,0.461872,11.378,0.498744,24.801,0.49863,-0.0723525,0.582534,55.5059,0.498116,58.194,0.374954,37.4577,0.498916,39.2717,0.230989,1.0,2,4.73699,11.9836,-724.58,-821.784,0.418322,0.459532,12.7159,10.9471,334.851,42.8859,-343.739,-821.401,0.308505,0.459532,17.6097,10.9471,335.072,42.8859,-497.83,-805.269,0.331441,0.458858,47.8479,4.86587,-946.71,-821.784,-797.515,-505.806,-253.859,-152.566,-84.1248,-848.366,-848.366,-821.784,-821.401,-797.515,-765.436,-758.192,0.185902,0.459532,0.45976,0.332763,0.298973,0.269406,0.280708,0.460103,0.460103,0.459532,0.459532,0.45976,0.458562,0.45742,1.42563,0.579275,2.3819,1.1589,0.396481,0.464949,0.0569311,0.042762,2.06785,0.240785,-4.85325,-4.68575,3.78894,3.73136,0.435789,0.45521,0.0410506,0.0390431,0.319411,0.0411636,3.37432,0.58109,2.51777,1.15998,0.232825,0.464949,0.104027,0.042762,2.06968,0.240785,-4.52944,-4.68586,4.77348,3.73115,0.361036,0.45521,0.0501714,0.0390431,0.320711,0.0411636,0.579275,0.690402,0.82601,2.80657,4.3549,4.82453,4.91832,0.440246,0.440246,0.579275,0.58109,0.690402,0.91416,1.00502,0.464949,0.465814,0.46556,0.128573,0.170673,0.209803,0.209917,0.465958,0.465958,0.464949,0.464949,0.465814,0.465451,0.465298,-5.87063,-5.27564,-5.00599,-4.73854,-4.66384,-4.64211,-4.54824,-4.77405,-4.69078,-4.69003,-4.68575,-4.66888,-4.66469,-4.66384,0.238631,0.28058,0.306905,0.451185,0.454944,0.388922,0.362579,0.449357,0.45303,0.455543,0.45521,0.453987,0.454944,0.454944,289.785,289.785,329.11,15.0934,253.569,253.569,286.708,289.785,289.785,440.745,482.044,396.859,1494.2,1223.03,99.4514,286.708,289.785,396.859,1494.2,1740.65,1753.73,1862.69,1111.57,1111.19,1134.38,11.1233,1084.22,1084.52,1101.94,1111.19,1111.7,1206.13,1240.24,1390.41,1837.94,1720.86,71.7021,1084.22,1111.57,1171.73,1830.7,1967.96,2044.19,2279.18,847.391,847.391,884.795,18.4025,805.694,805.694,818.654,847.391,935.767,935.767,987.598,1678.51,1514.9,1385.09,95.8676,724.515,847.391,880.919,1149.07,1640.39,1682.68,2632.28,1366.84,1366.84,1394.45,10.4554,1322.31,1322.31,1366.84,1366.84,1422.68,1422.68,1423.7,1745.21,2077.68,1643.17,44.2967,1322.31,1366.84,1417.6,1628.01,1845.25,1968.4,2083.68,-9999,-9999
1999,15.036,0.613128,12.483,1.343,0.613851,17.298,2.624,0.612603,10.661,8.193,2.188,12.817,3.315,11.121,0.613128,8.776,1.582,0.613851,13.157,2.737,0.612603,248.417,0.602683,216.393,209.987,0.602683,-9999,-9999,291.795,291.795,0.0,304.299,0.602511,293.28,299.124,0.602511,11.059,0.612671,8.502,8.536,0.612671,86.793,86.824,0.612272,1169.314,1206.308,0.612272,1.519,1.681,0.612272,0.235566840746,0.507762557078,130.899592969,0.612271689498,430.089304816,0.601312785388,372.141,0.612728,12.631,0.613128,21.386,0.613071,2.90564,0.677112,78.2274,0.612671,82.0158,0.230474,44.8389,0.613014,47.0104,0.238902,0.611815,1,7.5589,14.5616,-288.228,-527.298,0.591324,0.611644,6.27999,6.77684,270.949,275.795,-5.93544,-422.26,0.475628,0.609989,7.84659,6.52816,270.99,275.789,-180.259,-316.943,0.510578,0.565872,36.7439,36.1812,-562.385,-527.501,-474.231,-64.4616,-5.97321,14.2514,56.6334,-566.459,-554.428,-533.003,-431.906,-55.2561,-3.00569,2.59845,0.612215,0.611644,0.610788,0.499087,0.441895,0.47597,0.46992,0.612215,0.611986,0.611815,0.610274,0.512785,0.476998,0.474258,3.44297,2.07596,1.83312,1.83022,0.581197,0.612177,0.0220132,0.0249369,1.40616,1.45836,-4.48976,-4.52882,3.47084,3.37709,0.596683,0.611092,0.0241988,0.0254457,0.14545,0.131672,4.83037,2.63889,1.84831,1.62127,0.395157,0.610326,0.0321452,0.0234689,1.40635,1.45834,-4.2646,-4.4924,3.81605,3.42145,0.531356,0.609432,0.0266815,0.0248676,0.145884,0.131561,1.87876,2.07272,2.36534,4.50815,4.83742,4.88469,5.08166,1.85551,1.92213,2.04221,2.58943,4.63908,4.83842,4.87478,0.613394,0.612177,0.610959,0.359809,0.394554,0.399766,0.399544,0.613394,0.612938,0.612481,0.610654,0.439633,0.399653,0.400448,-4.53009,-4.52782,-4.51353,-4.29192,-4.25439,-4.24098,-4.2228,-4.53009,-4.52854,-4.52706,-4.4999,-4.32882,-4.27016,-4.24603,0.611223,0.611092,0.61038,0.487436,0.436263,0.508572,0.523085,0.611223,0.611223,0.611223,0.609682,0.573353,0.508334,0.515287,584.84,784.017,1180.96,87.0169,506.674,535.141,586.306,1018.43,1838.24,1863.04,1875.67,917.088,1843.31,1514.88,86.715,514.339,615.934,917.088,1845.67,1882.67,1900.54,1940.24,1261.71,1206.28,1497.9,51.9515,1071.53,1089.57,1119.31,1456.64,1858.78,1872.3,1889.66,1516.25,1849.25,1695.14,53.1472,1087.27,1143.44,1391.32,1826.38,1887.86,1910.93,2004.29,439.409,524.134,761.937,62.3582,411.332,429.26,434.417,502.03,1181.31,1251.9,1356.51,896.434,1265.65,1037.1,67.6918,415.227,434.417,461.782,1219.2,1296.18,1394.57,1616.6,1233.0,1254.21,1514.94,61.7621,1192.31,1219.0,1233.0,1256.14,1844.23,1902.74,2104.55,1489.42,1849.1,1786.04,71.1604,1199.15,1230.29,1240.81,1838.68,2075.64,2230.34,2597.49,-9999,-9999
2000,10.899,0.993283,8.72,1.359,0.995486,12.748,2.458,0.991351,10.892,8.54,2.022,12.919,3.095,10.874,0.993283,8.704,1.363,0.995486,12.715,2.46,0.991351,208.912,0.993568,208.504,208.883,0.993568,-9999,-9999,298.072,298.072,0.0,292.666,0.992885,300.037,292.513,0.992885,7.98,0.992885,8.232,7.979,0.992885,86.771,86.744,0.98873,1400.691,1476.209,0.987705,1.461,1.689,0.988046,0.256534287967,0.789105191257,109.548161214,0.976662112933,401.953452067,0.987591074681,374.384,0.990096,10.098,0.993283,27.385,0.992885,0.635237,0.993283,51.0387,0.992828,56.1097,0.154004,46.8218,0.992828,51.4738,0.187889,0.978313,1,17.0902,23.6448,-191.74,-321.78,0.973816,0.986111,5.088,5.19852,384.705,389.01,306.31,300.776,0.806182,0.806125,5.90389,5.90798,384.716,389.02,77.9317,71.8979,0.833336,0.836676,53.703,53.1376,-432.396,-415.388,-379.497,285.758,352.559,353.954,359.075,-435.021,-424.641,-356.48,280.208,351.933,353.309,359.319,0.989583,0.989299,0.988616,0.681296,0.72319,0.754269,0.658641,0.989583,0.989356,0.987363,0.805612,0.662341,0.714481,0.592953,1.96564,1.29443,0.727777,0.956385,0.982567,0.993463,0.0181223,0.0187235,2.13281,2.1546,-2.72776,-2.7897,3.15769,3.08676,0.965254,0.978743,0.0195744,0.0198358,0.151517,0.153908,4.84656,4.82472,0.72882,0.732546,0.698989,0.699086,0.0233683,0.0233796,2.13286,2.15464,-2.57675,-2.58113,3.77343,3.76931,0.878135,0.877861,0.0207815,0.0207988,0.151678,0.154035,0.731694,0.818743,1.00032,4.72195,5.0684,5.0842,5.09626,0.721268,0.774473,1.11855,4.7114,5.06152,5.0835,5.11488,0.995081,0.994957,0.994704,0.56485,0.61238,0.61059,0.647901,0.995081,0.994957,0.994028,0.696699,0.613363,0.649325,0.653247,-2.8437,-2.83633,-2.81833,-2.57823,-2.54329,-2.53583,-2.50103,-2.84699,-2.8406,-2.80786,-2.59284,-2.54483,-2.53535,-2.52022,0.983911,0.983519,0.982325,0.896006,0.826968,0.849015,0.709774,0.983911,0.98361,0.980631,0.878877,0.779858,0.853642,0.717266,397.467,2336.15,1570.03,132.201,319.209,341.161,498.46,1987.54,2201.63,2299.7,2331.94,435.351,2336.15,1584.1,133.675,323.357,362.9,435.351,2181.26,2208.39,2321.66,2335.69,987.006,2035.37,1498.13,80.4166,754.23,765.802,854.94,1829.67,1853.64,1975.1,2030.03,925.925,2029.84,1506.17,81.2076,755.753,778.288,814.848,1828.15,1925.45,1974.3,2042.63,833.538,1156.01,1192.58,67.2136,591.822,604.169,682.343,1218.15,1602.19,1630.38,1737.47,1025.69,1190.8,1248.01,73.3287,616.216,630.011,696.674,1226.56,1659.81,1719.11,1788.2,1094.97,1303.14,1287.4,37.8985,943.145,952.252,986.226,1337.93,1491.41,1522.21,1585.77,1123.42,1310.6,1304.69,40.2526,954.467,961.213,987.455,1332.73,1524.1,1552.32,1606.87,-9999,-9999
2001,11.564,0.968379,9.286,1.318,0.971143,13.48,2.478,0.965988,11.484,9.046,2.128,13.555,3.26,11.633,0.968379,9.374,1.319,0.971143,13.533,2.469,0.965988,224.42,0.968779,215.533,223.752,0.968779,-9999,-9999,297.833,297.833,0.0,292.642,0.967694,299.78,294.062,0.967694,9.05,0.967694,9.066,9.114,0.967694,86.72,86.712,0.963813,1339.783,1210.872,0.963356,1.532,1.635,0.951427,0.281651559448,0.827682648402,112.783909146,0.962671232877,437.763411876,0.962671232877,371.146,0.967295,10.364,0.968379,23.359,0.968265,1.26403,0.968322,46.4506,0.967637,52.9516,0.141625,49.1301,0.967523,56.0061,0.207317,0.961758,1,17.9205,24.0658,-315.82,-94.2167,0.955822,0.848459,3.75639,4.31737,288.972,229.055,21.4267,50.6827,0.799429,0.775913,4.38534,4.61204,288.981,229.061,-128.5,-46.2487,0.843826,0.816764,40.8036,31.8614,-514.425,-501.19,-475.194,18.4264,67.0522,76.7047,84.6158,-487.017,-377.439,-144.309,50.9726,72.8291,80.5902,86.0633,0.966324,0.966096,0.965468,0.795091,0.777968,0.762443,0.743037,0.966039,0.959532,0.889326,0.776199,0.763984,0.759932,0.754395,1.79039,3.0694,0.670437,0.601093,0.961023,0.749326,0.0142292,0.0192,1.58815,1.26263,-3.02842,-2.98528,2.8301,2.99638,0.950627,0.915443,0.0138262,0.013847,0.11862,0.101225,3.69897,3.87832,0.568914,0.627338,0.684111,0.66011,0.0194162,0.0225434,1.58821,1.26268,-2.92561,-2.91692,3.16546,3.24919,0.879096,0.854592,0.0141057,0.0141541,0.118653,0.101267,0.731474,0.804097,0.948954,3.68578,3.96693,3.98028,4.00405,0.880319,1.4642,2.77135,3.87829,3.97625,3.98917,4.00402,0.971143,0.971143,0.970991,0.68472,0.667449,0.647483,0.64828,0.971143,0.965086,0.829818,0.66011,0.666685,0.649834,0.64828,-3.11908,-3.11473,-3.11045,-2.92962,-2.89827,-2.87911,-2.8358,-3.11152,-3.06224,-2.98999,-2.91645,-2.89155,-2.86169,-2.83316,0.962175,0.961894,0.960849,0.886828,0.849125,0.836971,0.803329,0.961693,0.954379,0.927118,0.853711,0.838343,0.83121,0.81159,1013.8,1702.34,1516.82,92.9066,351.803,576.385,1114.1,1708.57,1825.88,1937.27,2164.68,378.294,1544.61,1291.94,112.159,297.298,323.437,378.294,1558.54,1788.48,1931.98,2164.14,1486.67,1651.66,1563.07,62.0768,838.821,953.824,1258.41,1654.76,1760.68,1851.21,2079.55,914.576,1523.18,1420.44,72.1601,811.723,824.628,853.488,1541.36,1717.17,1848.08,2079.52,1083.3,1292.65,1114.7,55.1074,474.544,579.597,848.553,1252.48,1348.61,1375.64,1415.59,757.055,1215.08,977.433,62.2929,422.258,431.508,473.58,1085.16,1305.86,1361.83,1414.95,1259.39,1417.04,1295.59,29.7175,945.828,1007.26,1164.19,1359.97,1424.43,1435.81,1453.82,1048.12,1310.29,1218.25,32.475,928.663,942.782,949.704,1305.84,1411.53,1430.54,1449.6,-9999,-9999
2002,11.325,0.988584,9.024,1.417,0.99121,13.303,2.576,0.985691,11.144,8.594,2.188,13.364,3.379,11.325,0.988584,9.016,1.426,0.99121,13.311,2.592,0.985691,220.992,0.98887,218.108,221.776,0.98887,-9999,-9999,292.678,292.678,0.0,290.69,0.982021,294.231,290.225,0.982021,8.572,0.982021,8.885,8.612,0.982021,86.762,86.736,0.984589,1177.792,1255.802,0.983904,1.506,1.556,0.977397,0.268809201009,0.84446347032,118.640568063,0.976712328767,426.528478198,0.982305936073,372.78,0.986073,10.096,0.988584,23.015,0.949658,1.36407,0.988584,51.9936,0.981336,62.5924,0.158453,43.8648,0.980822,52.8065,0.214132,0.970605,1,16.6247,23.4164,-553.063,-289.664,0.953368,0.857363,4.18912,4.10868,305.852,294.487,-171.938,-157.312,0.774658,0.759075,4.00236,4.26639,305.85,294.489,-363.119,-294.633,0.828589,0.798729,42.6759,37.4335,-781.312,-766.219,-735.026,-181.11,-155.747,-154.572,-151.593,-771.409,-742.68,-382.762,-163.008,-154.96,-153.763,-151.585,0.979452,0.97911,0.978596,0.775171,0.768664,0.766381,0.696062,0.979224,0.978881,0.887043,0.728253,0.764326,0.761358,0.696062,1.85343,3.32924,0.568508,0.574987,0.958957,0.762665,0.0151703,0.0147044,1.62259,1.56294,-4.26268,-4.13185,3.5081,3.72924,0.949721,0.917813,0.0159948,0.0154955,0.165188,0.172054,3.92094,3.9766,0.46459,0.397456,0.643806,0.642231,0.0136582,0.0142921,1.62257,1.56294,-4.05723,-4.03747,3.85478,3.9104,0.867051,0.840011,0.0152463,0.016122,0.165117,0.172112,0.650023,0.734789,0.893818,3.86531,3.94717,3.97982,3.99112,0.705992,0.854582,2.819,3.93269,3.95356,3.98033,3.99102,0.989227,0.98913,0.989116,0.643971,0.583208,0.639717,0.64305,0.98913,0.989214,0.819338,0.578346,0.581583,0.642231,0.64305,-4.33823,-4.3355,-4.32341,-4.06046,-4.02785,-4.00668,-3.98198,-4.33746,-4.32698,-4.18931,-4.03266,-4.0123,-3.98427,-3.97124,0.970971,0.971051,0.969859,0.867903,0.828804,0.822994,0.64924,0.970602,0.970231,0.929432,0.854608,0.813573,0.771122,0.792567,1117.9,1978.91,1441.11,91.7994,302.594,356.284,1264.31,1659.76,1690.32,1977.11,1984.12,369.671,1886.6,1303.22,107.305,284.047,310.786,369.671,1662.0,1842.67,1975.66,1982.9,1849.69,2136.23,1735.74,55.7913,1074.0,1098.96,1647.07,1814.04,1849.69,2131.0,2140.51,1180.89,2058.54,1666.33,65.6483,1065.36,1077.0,1104.7,1815.16,2023.78,2131.28,2137.17,1210.63,1342.41,1196.44,62.88,483.129,548.849,897.941,1310.26,1430.45,1533.81,1684.09,930.535,1222.59,1087.63,67.5502,470.583,493.315,543.995,1210.63,1396.17,1487.07,1575.85,1597.51,1714.8,1583.31,32.0745,1202.27,1241.44,1444.84,1660.46,1699.1,1750.06,1795.6,1426.92,1615.48,1527.24,35.4021,1195.41,1209.33,1241.83,1597.51,1690.41,1734.65,1766.67,-9999,-9999
2003,11.498,0.971347,9.438,1.379,0.977353,13.272,2.386,0.965827,11.41,9.056,2.055,13.441,3.151,11.572,0.971347,9.499,1.376,0.977353,13.356,2.392,0.965827,212.224,0.970719,208.923,213.8,0.970719,-9999,-9999,301.071,301.071,0.0,292.721,0.968265,303.265,294.413,0.968265,8.83,0.96895,8.638,8.858,0.96895,86.733,86.726,0.972432,1215.543,1287.395,0.955137,1.446,1.629,0.95274,0.267931446016,0.834474885845,110.41121696,0.960273972603,413.584535916,0.956678082192,378.936,0.96895,10.348,0.976712,22.063,0.978025,1.12518,0.976541,50.4229,0.968893,59.7882,0.163851,40.2427,0.969578,47.7172,0.189813,0.952854,1,17.3205,23.5781,-490.867,-320.775,0.946804,0.854909,3.77067,3.75786,273.133,268.289,-160.279,-160.916,0.788642,0.758105,3.86257,4.02148,273.135,268.292,-343.898,-284.999,0.825518,0.797387,37.8612,33.6716,-719.705,-702.212,-670.565,-179.602,-161.347,-155.997,-142.523,-706.823,-679.076,-416.656,-167.029,-159.355,-142.551,-139.611,0.96758,0.967523,0.966724,0.812329,0.791438,0.756564,0.747032,0.967523,0.966952,0.90371,0.76484,0.757078,0.750514,0.745205,1.88893,2.87035,0.627848,0.512783,0.952848,0.780721,0.012379,0.011821,1.51666,1.45935,-4.00131,-3.96687,3.58828,3.71359,0.939436,0.903077,0.0153279,0.0150846,0.116061,0.114511,3.81949,3.73145,0.44871,0.375968,0.703568,0.663365,0.010933,0.0115121,1.51665,1.45935,-3.91486,-3.86573,3.88772,3.96078,0.844125,0.818454,0.0157605,0.0160125,0.116119,0.114637,0.66677,0.767347,0.938024,3.58013,3.76006,3.80057,3.81763,0.740508,0.892705,2.32329,3.67635,3.77086,3.81131,3.83096,0.976766,0.976766,0.976766,0.613046,0.702856,0.662451,0.659279,0.976766,0.976766,0.863187,0.614436,0.700932,0.659077,0.662423,-4.08279,-4.08081,-4.07455,-3.9178,-3.86668,-3.85072,-3.81104,-4.08163,-4.07368,-3.99317,-3.87611,-3.85669,-3.84666,-3.80616,0.958794,0.958794,0.958186,0.848121,0.818141,0.80549,0.743444,0.958794,0.9554,0.927493,0.776816,0.810295,0.807901,0.738531,854.197,1721.61,1380.33,87.0376,318.819,386.448,1012.0,1693.71,1754.68,1761.28,1774.38,408.806,1719.06,1221.43,96.8235,289.511,329.686,408.806,1550.77,1721.61,1756.86,1768.02,1733.72,1882.52,1665.33,53.7971,1025.64,1065.52,1428.65,1856.21,1907.08,1909.32,1917.73,1131.28,1879.34,1565.33,59.4514,1009.22,1031.9,1079.37,1736.58,1882.75,1906.71,1917.54,1415.51,1434.17,1305.73,67.69,510.42,557.753,897.732,1510.8,1577.28,1639.48,1673.78,799.345,1568.04,1191.8,76.1884,512.002,521.965,557.547,1387.16,1577.28,1635.09,1735.67,1620.62,1613.21,1570.08,36.0977,1136.04,1184.54,1337.78,1668.3,1722.26,1738.05,1760.74,1309.64,1709.85,1511.33,40.6874,1131.8,1150.23,1192.47,1604.48,1720.83,1743.39,1802.37,-9999,-9999
2004,11.388,0.966644,9.059,1.331,0.969635,13.373,2.545,0.962581,11.342,8.938,2.049,13.418,3.18,11.349,0.966644,9.031,1.339,0.969635,13.319,2.535,0.962581,214.586,0.967099,215.536,213.882,0.967099,-9999,-9999,297.267,297.267,0.0,290.294,0.882855,299.171,291.087,0.882855,8.852,0.882855,8.504,9.121,0.882855,86.723,86.706,0.960724,1193.393,1058.05,0.960781,1.534,1.658,0.956,0.295421935681,0.820013661202,119.583478217,0.956056466302,420.72330383,0.955885701275,378.125,0.908242,10.01,0.966644,20.64,0.966473,0.675865,0.96653,52.4485,0.90107,57.3273,0.171151,51.449,0.970515,56.2347,0.218056,0.880408,1,14.1038,22.306,-513.093,-360.657,0.834301,0.753245,3.58549,3.66582,219.079,140.663,-300.04,-300.281,0.707821,0.706056,3.83047,3.83388,219.083,140.667,-412.931,-363.763,0.751131,0.732343,29.1602,22.0942,-704.402,-692.242,-664.303,-300.81,-275.304,-254.143,-243.097,-693.668,-556.981,-374.545,-298.98,-279.672,-275.752,-253.274,0.874943,0.874943,0.873463,0.707935,0.688126,0.632798,0.611396,0.874715,0.853597,0.774704,0.705886,0.690631,0.688752,0.675717,1.90557,2.79698,0.448533,0.359986,0.819799,0.678155,0.0113708,0.01073,1.17019,0.734513,-4.1283,-4.08185,3.43495,3.55987,0.832767,0.793659,0.0146863,0.0146674,0.105756,0.0933548,3.0511,3.04507,0.351556,0.350927,0.624133,0.623828,0.0108516,0.0107684,1.17019,0.734513,-4.01693,-4.01576,3.64049,3.65745,0.75945,0.756559,0.0149641,0.015014,0.105795,0.0934099,0.86137,0.933494,1.08128,2.94463,3.145,3.27377,3.32617,0.924103,1.67592,2.72411,3.04775,3.13297,3.14479,3.29671,0.894415,0.894415,0.892778,0.670868,0.610025,0.546558,0.592908,0.894024,0.862093,0.716042,0.624456,0.609669,0.610025,0.592724,-4.17482,-4.17365,-4.16572,-4.02068,-3.97243,-3.96419,-3.93007,-4.17446,-4.15044,-4.09297,-4.01647,-3.97458,-3.96605,-3.95193,0.851271,0.851271,0.849623,0.759766,0.735782,0.734217,0.709223,0.851271,0.837633,0.790594,0.756183,0.732007,0.735799,0.697065,1132.66,1452.62,1221.4,57.2297,392.337,672.435,1169.43,1411.94,1448.78,1465.22,1480.57,442.713,1448.78,1084.3,73.3957,369.864,397.94,442.713,1367.84,1444.22,1470.51,1497.26,1566.06,1752.9,1585.16,35.3889,1086.0,1229.42,1543.97,1693.76,1743.25,1753.59,1764.4,1159.09,1748.82,1497.23,44.5105,1074.27,1090.18,1107.02,1637.29,1712.01,1754.56,1764.68,1106.27,1218.63,1205.28,58.4305,495.308,734.312,1028.43,1209.29,1418.21,1504.56,1810.49,895.354,1213.46,1087.29,70.5244,454.177,481.656,516.78,1194.35,1416.5,1474.54,1713.98,1491.41,1562.66,1548.99,30.1795,1170.21,1323.77,1464.1,1563.5,1668.01,1722.66,1851.41,1314.36,1549.18,1488.87,38.4992,1142.27,1156.41,1169.13,1554.79,1680.15,1713.77,1814.6,-9999,-9999
2005,10.957,0.979167,8.908,1.327,0.987312,12.711,2.397,0.972173,11.386,9.082,1.981,13.385,3.067,10.988,0.979167,8.918,1.333,0.987312,12.759,2.423,0.972173,201.554,0.980594,204.82,202.114,0.980594,-9999,-9999,304.784,304.784,0.0,292.682,0.923459,307.262,294.7,0.923459,7.831,0.923459,8.339,7.938,0.923459,86.705,86.725,0.969692,1784.31,1882.09,0.958219,1.543,1.54,0.968151,0.277770390155,0.819634703196,117.553574942,0.923173515982,389.445975664,0.967123287671,380.45,0.899486,8.949,0.979566,23.15,0.927226,1.01173,0.979623,54.5626,0.941153,65.7677,0.184126,36.6665,0.97363,44.1964,0.196059,0.894692,1,14.5452,22.3123,-565.538,-418.321,0.840582,0.719635,4.38716,4.32516,183.958,42.4909,-467.523,-463.624,0.694635,0.676484,4.3377,4.23476,183.957,42.4818,-553.942,-463.041,0.735589,0.678368,24.6213,8.8431,-820.259,-802.373,-759.162,-465.787,-440.92,-434.562,-418.098,-582.998,-502.861,-469.989,-446.269,-432.324,-418.321,-415.563,0.877283,0.877055,0.875228,0.677626,0.614441,0.733447,0.74024,0.851998,0.526427,0.692979,0.657763,0.764041,0.719635,0.721918,2.41244,3.33836,0.495503,0.396382,0.855641,0.659853,0.0152321,0.0125718,1.01544,0.238691,-4.8402,-4.87356,4.25872,4.34383,0.823343,0.755084,0.0171191,0.0169228,0.0599153,0.0303077,2.99705,3.01986,0.42734,0.415189,0.616913,0.601052,0.0124745,0.010582,1.0154,0.238594,-4.86417,-4.86587,4.2871,4.29656,0.739412,0.718204,0.0170805,0.0172145,0.0599043,0.0304715,1.05514,1.15017,1.38234,3.01301,3.14651,3.18082,3.30931,2.3234,2.84708,2.98972,3.12034,3.19359,3.3238,3.3512,0.906101,0.905725,0.903826,0.601052,0.542775,0.718079,0.679802,0.878027,0.519777,0.616862,0.573735,0.569791,0.676787,0.655062,-4.95444,-4.94562,-4.93236,-4.87005,-4.8402,-4.83078,-4.81586,-4.94802,-4.8797,-4.87356,-4.85447,-4.83802,-4.82942,-4.81564,0.848651,0.84856,0.847661,0.758167,0.823343,0.679007,0.685418,0.538665,0.635542,0.755084,0.647274,0.701737,0.679829,0.685418,1553.76,1581.64,1522.37,32.5833,950.944,1368.8,1532.01,1557.58,1641.04,1656.61,1678.2,609.671,1532.01,1252.93,77.0454,468.791,517.744,609.671,1556.7,1614.89,1643.96,1678.03,1955.79,2045.26,1985.41,25.5758,1533.94,1866.44,1960.11,2022.87,2077.78,2093.51,2123.49,1436.82,1999.53,1806.87,53.0525,1288.99,1313.69,1368.83,1999.5,2071.92,2088.91,2108.34,1694.74,1337.49,1447.74,35.0384,981.604,1237.88,1290.39,1447.12,1644.18,1663.06,1707.53,1180.47,1663.06,1249.17,52.1672,781.295,817.572,829.552,1287.43,1508.28,1634.49,1694.37,1981.93,1787.56,1847.88,18.6592,1576.97,1752.38,1773.33,1864.83,1952.65,1970.93,1981.93,1585.78,1958.28,1736.3,31.4355,1440.4,1464.6,1474.98,1765.98,1908.67,1938.9,1974.89,-9999,-9999
2006,10.918,0.952854,8.835,1.365,0.955999,12.679,2.359,0.950121,11.321,8.987,2.021,13.325,3.082,11.019,0.952854,8.923,1.454,0.955999,12.786,2.421,0.950121,200.53,0.99532,205.831,200.518,0.99532,-9999,-9999,303.051,303.051,0.0,288.479,0.925685,305.397,292.124,0.925685,8.889,0.926884,8.775,8.918,0.926884,86.732,86.745,0.885217,1606.576,1638.224,0.909989,1.55,1.537,0.0906963,0.287727063512,0.844634703196,98.0457383553,0.720091324201,386.994352962,0.992351598174,382.592,0.994806,8.0,0.995091,21.378,0.995034,0.0241959,0.995091,63.866,0.98887,68.1315,0.191346,36.7337,0.997774,39.1871,0.212065,0.721176,1,17.6521,22.8356,-865.208,-736.441,0.965297,0.866267,4.22113,4.10796,197.907,192.551,-655.96,-654.274,0.823402,0.823402,4.13359,4.13708,197.905,192.552,-780.334,-740.421,0.861902,0.843037,27.5228,23.633,-1056.11,-1044.42,-1020.48,-659.39,-650.659,-648.699,-645.11,-1048.07,-1031.74,-775.094,-658.941,-649.887,-646.726,-644.873,0.988699,0.988642,0.987728,0.732078,0.791096,0.791952,0.815868,0.988642,0.988242,0.888527,0.831621,0.772717,0.760902,0.756849,1.74789,2.51057,0.495196,0.374619,0.959849,0.763534,0.0121445,0.0112983,1.16947,1.13384,-5.67507,-5.65572,4.46886,4.53125,0.96303,0.929626,0.0180424,0.0174323,0.031973,0.0404247,3.01042,3.02058,0.292227,0.29522,0.710682,0.710682,0.00939399,0.00940377,1.16944,1.13382,-5.6596,-5.65986,4.60628,4.60712,0.893396,0.893396,0.0179349,0.0179454,0.0319125,0.0406486,0.665515,0.732286,0.875513,2.96828,3.05266,3.0711,3.11057,0.716224,0.80579,2.28597,2.98976,3.05519,3.07335,3.12656,0.996043,0.996043,0.996043,0.59894,0.651199,0.706054,0.63177,0.996043,0.996043,0.803618,0.715414,0.630548,0.649728,0.642565,-5.75798,-5.70541,-5.70135,-5.69393,-5.6584,-5.65262,-5.63294,-5.76409,-5.71518,-5.70092,-5.67699,-5.65261,-5.64223,-5.6312,0.712647,0.851057,0.979275,0.846404,0.876239,0.869112,0.903102,0.779128,0.832379,0.979275,0.860869,0.892874,0.903991,0.912191,710.555,1240.77,1044.6,59.6354,287.884,319.922,909.819,1251.83,1279.99,1285.59,1299.63,349.738,1235.99,950.709,69.2801,269.605,293.301,349.738,1252.22,1279.96,1286.4,1299.63,1796.39,1895.04,1785.02,36.1671,1335.96,1351.66,1684.91,1902.9,1931.78,1937.89,1951.19,1440.15,1891.95,1731.04,41.9336,1325.72,1337.72,1370.22,1901.87,1931.9,1940.39,1950.63,1190.96,1577.75,1364.41,81.9522,461.197,494.359,1019.15,1500.25,1628.54,1823.84,2018.25,921.376,1576.88,1229.53,87.2598,457.797,476.785,541.083,1492.38,1607.51,1728.09,1967.64,1861.67,2086.72,1947.75,42.3813,1486.62,1507.26,1753.82,2019.6,2111.33,2182.32,2264.38,1620.0,2086.21,1878.81,46.0101,1483.41,1490.22,1508.54,2003.73,2081.33,2131.58,2263.66,-9999,-9999
2007,-9999,-9999,-9999,-9999,-9999,-9999,-9999,-9999,11.415,8.893,2.219,13.606,3.346,11.289,0.586416,8.859,1.754,0.589991,13.383,2.869,0.583285,-9999,-9999,219.424,220.738,0.628139,-9999,-9999,294.408,294.408,0.0,-9999,-9999,296.093,288.729,0.586187,-9999,-9999,9.086,9.025,0.627511,86.781,86.775,0.626541,872.49,903.12,0.626655,1.478,1.625,0.623059,0.293233195008,0.589554794521,131.52902534,0.623573059361,445.005155151,0.623515981735,-9999,-9999,-9999,-9999,-9999,-9999,0.482962,0.627683,66.5192,0.627511,72.2175,0.209335,62.2114,0.627626,67.5407,0.275525,0.625228,1,11.7096,17.5096,-887.286,-925.929,0.620034,0.623402,5.02791,5.05741,217.356,216.459,-651.697,-636.776,0.564897,0.555936,5.05237,5.03909,217.357,216.458,-787.894,-770.301,0.573987,0.562815,29.4049,28.6549,-1082.25,-1073.36,-1046.13,-667.299,-644.052,-638.769,-636.715,-1076.13,-1070.68,-1045.92,-668.309,-647.377,-637.885,-635.933,0.627397,0.627283,0.627112,0.51855,0.563128,0.561244,0.556279,0.62734,0.627283,0.627112,0.522317,0.56661,0.557763,0.5496,1.95326,1.7008,0.883482,0.940115,0.621224,0.626779,0.0160612,0.0163562,1.31983,1.31206,-6.0813,-6.08055,4.15902,4.13452,0.618715,0.620626,0.0203954,0.0204221,0.0385866,0.0402565,3.31617,3.36807,0.623244,0.608415,0.524439,0.515849,0.0127194,0.0120737,1.31979,1.31201,-6.03002,-6.01173,4.57825,4.67375,0.593578,0.584111,0.02057,0.0207748,0.0386791,0.0404366,0.688198,0.735584,0.90757,3.23637,3.35163,3.37505,3.39264,0.720791,0.751214,0.908367,3.25048,3.32984,3.37513,3.40388,0.63021,0.63021,0.63021,0.445083,0.516305,0.503645,0.52377,0.63021,0.63021,0.63021,0.453599,0.52504,0.519212,0.488007,-6.09299,-6.06682,-6.0583,-6.0315,-6.00837,-6.0013,-5.98763,-6.15389,-6.06844,-6.06396,-6.03244,-6.01066,-5.99906,-5.99129,0.606059,0.562564,0.575437,0.58783,0.624273,0.625002,0.625099,0.538902,0.563048,0.564368,0.58783,0.58385,0.625002,0.625002,295.147,1592.14,1171.75,90.7247,216.746,232.901,308.677,1472.84,1587.95,1603.27,1644.74,308.677,1587.59,1117.73,94.0509,204.036,225.125,308.677,1446.05,1595.85,1613.97,1648.0,1750.34,2228.92,1942.05,62.4706,1292.18,1303.59,1354.6,2115.25,2232.44,2245.01,2284.09,1498.15,2239.29,1905.62,65.1489,1286.28,1299.48,1354.81,2107.87,2234.88,2251.88,2289.95,1563.46,2545.97,1693.0,139.62,340.097,351.421,423.369,2064.18,2371.13,2481.19,2555.57,877.456,2234.81,1561.8,142.478,339.616,364.061,421.538,1982.02,2364.23,2432.24,2538.67,2213.55,2666.48,2181.82,82.9764,1359.26,1379.9,1439.62,2380.23,2597.76,2668.76,2717.67,1617.23,2566.46,2103.6,83.757,1363.77,1393.33,1434.68,2341.35,2565.34,2612.52,2683.6,-9999,-9999
