TIMESTAMP,TA_F_MDS,TA_F_MDS_QC,TA_F_MDS_NIGHT,TA_F_MDS_NIGHT_SD,TA_F_MDS_NIGHT_QC,TA_F_MDS_DAY,TA_F_MDS_DAY_SD,TA_F_MDS_DAY_QC,TA_ERA,TA_ERA_NIGHT,TA_ERA_NIGHT_SD,TA_ERA_DAY,TA_ERA_DAY_SD,TA_F,TA_F_QC,TA_F_NIGHT,TA_F_NIGHT_SD,TA_F_NIGHT_QC,TA_F_DAY,TA_F_DAY_SD,TA_F_DAY_QC,SW_IN_F_MDS,SW_IN_F_MDS_QC,SW_IN_ERA,SW_IN_F,SW_IN_F_QC,LW_IN_F_MDS,LW_IN_F_MDS_QC,LW_IN_ERA,LW_IN_F,LW_IN_F_QC,LW_IN_JSB,LW_IN_JSB_QC,LW_IN_JSB_ERA,LW_IN_JSB_F,LW_IN_JSB_F_QC,VPD_F_MDS,VPD_F_MDS_QC,VPD_ERA,VPD_F,VPD_F_QC,PA_ERA,PA_F,PA_F_QC,P_ERA,P_F,P_F_QC,WS_ERA,WS_F,WS_F_QC,USTAR,USTAR_QC,NETRAD,NETRAD_QC,PPFD_IN,PPFD_IN_QC,SW_OUT,SW_OUT_QC,LW_OUT,LW_OUT_QC,CO2_F_MDS,CO2_F_MDS_QC,TS_F_MDS_1,TS_F_MDS_2,TS_F_MDS_3,TS_F_MDS_1_QC,TS_F_MDS_2_QC,TS_F_MDS_3_QC,G_F_MDS,G_F_MDS_QC,LE_F_MDS,LE_F_MDS_QC,LE_CORR,LE_RANDUNC,H_F_MDS,H_F_MDS_QC,H_CORR,H_RANDUNC,EBC_CF_N,EBC_CF_METHOD,NIGHT_RANDUNC_N,DAY_RANDUNC_N,NEE_CUT_REF,NEE_VUT_REF,NEE_CUT_REF_QC,NEE_VUT_REF_QC,NEE_CUT_REF_RANDUNC,NEE_VUT_REF_RANDUNC,NEE_CUT_REF_JOINTUNC,NEE_VUT_REF_JOINTUNC,NEE_CUT_USTAR50,NEE_VUT_USTAR50,NEE_CUT_USTAR50_QC,NEE_VUT_USTAR50_QC,NEE_CUT_USTAR50_RANDUNC,NEE_VUT_USTAR50_RANDUNC,NEE_CUT_USTAR50_JOINTUNC,NEE_VUT_USTAR50_JOINTUNC,NEE_CUT_MEAN,NEE_VUT_MEAN,NEE_CUT_MEAN_QC,NEE_VUT_MEAN_QC,NEE_CUT_SE,NEE_VUT_SE,NEE_CUT_05,NEE_CUT_16,NEE_CUT_25,NEE_CUT_50,NEE_CUT_75,NEE_CUT_84,NEE_CUT_95,NEE_VUT_05,NEE_VUT_16,NEE_VUT_25,NEE_VUT_50,NEE_VUT_75,NEE_VUT_84,NEE_VUT_95,NEE_CUT_05_QC,NEE_CUT_16_QC,NEE_CUT_25_QC,NEE_CUT_50_QC,NEE_CUT_75_QC,NEE_CUT_84_QC,NEE_CUT_95_QC,NEE_VUT_05_QC,NEE_VUT_16_QC,NEE_VUT_25_QC,NEE_VUT_50_QC,NEE_VUT_75_QC,NEE_VUT_84_QC,NEE_VUT_95_QC,NEE_CUT_REF_NIGHT,NEE_VUT_REF_NIGHT,NEE_CUT_REF_NIGHT_SD,NEE_VUT_REF_NIGHT_SD,NEE_CUT_REF_NIGHT_QC,NEE_VUT_REF_NIGHT_QC,NEE_CUT_REF_NIGHT_RANDUNC,NEE_VUT_REF_NIGHT_RANDUNC,NEE_CUT_REF_NIGHT_JOINTUNC,NEE_VUT_REF_NIGHT_JOINTUNC,NEE_CUT_REF_DAY,NEE_VUT_REF_DAY,NEE_CUT_REF_DAY_SD,NEE_VUT_REF_DAY_SD,NEE_CUT_REF_DAY_QC,NEE_VUT_REF_DAY_QC,NEE_CUT_REF_DAY_RANDUNC,NEE_VUT_REF_DAY_RANDUNC,NEE_CUT_REF_DAY_JOINTUNC,NEE_VUT_REF_DAY_JOINTUNC,NEE_CUT_USTAR50_NIGHT,NEE_VUT_USTAR50_NIGHT,NEE_CUT_USTAR50_NIGHT_SD,NEE_VUT_USTAR50_NIGHT_SD,NEE_CUT_USTAR50_NIGHT_QC,NEE_VUT_USTAR50_NIGHT_QC,NEE_CUT_USTAR50_NIGHT_RANDUNC,NEE_VUT_USTAR50_NIGHT_RANDUNC,NEE_CUT_USTAR50_NIGHT_JOINTUNC,NEE_VUT_USTAR50_NIGHT_JOINTUNC,NEE_CUT_USTAR50_DAY,NEE_VUT_USTAR50_DAY,NEE_CUT_USTAR50_DAY_SD,NEE_VUT_USTAR50_DAY_SD,NEE_CUT_USTAR50_DAY_QC,NEE_VUT_USTAR50_DAY_QC,NEE_CUT_USTAR50_DAY_RANDUNC,NEE_VUT_USTAR50_DAY_RANDUNC,NEE_CUT_USTAR50_DAY_JOINTUNC,NEE_VUT_USTAR50_DAY_JOINTUNC,NEE_CUT_05_NIGHT,NEE_CUT_16_NIGHT,NEE_CUT_25_NIGHT,NEE_CUT_50_NIGHT,NEE_CUT_75_NIGHT,NEE_CUT_84_NIGHT,NEE_CUT_95_NIGHT,NEE_VUT_05_NIGHT,NEE_VUT_16_NIGHT,NEE_VUT_25_NIGHT,NEE_VUT_50_NIGHT,NEE_VUT_75_NIGHT,NEE_VUT_84_NIGHT,NEE_VUT_95_NIGHT,NEE_CUT_05_NIGHT_QC,NEE_CUT_16_NIGHT_QC,NEE_CUT_25_NIGHT_QC,NEE_CUT_50_NIGHT_QC,NEE_CUT_75_NIGHT_QC,NEE_CUT_84_NIGHT_QC,NEE_CUT_95_NIGHT_QC,NEE_VUT_05_NIGHT_QC,NEE_VUT_16_NIGHT_QC,NEE_VUT_25_NIGHT_QC,NEE_VUT_50_NIGHT_QC,NEE_VUT_75_NIGHT_QC,NEE_VUT_84_NIGHT_QC,NEE_VUT_95_NIGHT_QC,NEE_CUT_05_DAY,NEE_CUT_16_DAY,NEE_CUT_25_DAY,NEE_CUT_50_DAY,NEE_CUT_75_DAY,NEE_CUT_84_DAY,NEE_CUT_95_DAY,NEE_VUT_05_DAY,NEE_VUT_16_DAY,NEE_VUT_25_DAY,NEE_VUT_50_DAY,NEE_VUT_75_DAY,NEE_VUT_84_DAY,NEE_VUT_95_DAY,NEE_CUT_05_DAY_QC,NEE_CUT_16_DAY_QC,NEE_CUT_25_DAY_QC,NEE_CUT_50_DAY_QC,NEE_CUT_75_DAY_QC,NEE_CUT_84_DAY_QC,NEE_CUT_95_DAY_QC,NEE_VUT_05_DAY_QC,NEE_VUT_16_DAY_QC,NEE_VUT_25_DAY_QC,NEE_VUT_50_DAY_QC,NEE_VUT_75_DAY_QC,NEE_VUT_84_DAY_QC,NEE_VUT_95_DAY_QC,RECO_NT_VUT_REF,RECO_NT_VUT_USTAR50,RECO_NT_VUT_MEAN,RECO_NT_VUT_SE,RECO_NT_VUT_05,RECO_NT_VUT_16,RECO_NT_VUT_25,RECO_NT_VUT_50,RECO_NT_VUT_75,RECO_NT_VUT_84,RECO_NT_VUT_95,RECO_NT_CUT_REF,RECO_NT_CUT_USTAR50,RECO_NT_CUT_MEAN,RECO_NT_CUT_SE,RECO_NT_CUT_05,RECO_NT_CUT_16,RECO_NT_CUT_25,RECO_NT_CUT_50,RECO_NT_CUT_75,RECO_NT_CUT_84,RECO_NT_CUT_95,GPP_NT_VUT_REF,GPP_NT_VUT_USTAR50,GPP_NT_VUT_MEAN,GPP_NT_VUT_SE,GPP_NT_VUT_05,GPP_NT_VUT_16,GPP_NT_VUT_25,GPP_NT_VUT_50,GPP_NT_VUT_75,GPP_NT_VUT_84,GPP_NT_VUT_95,GPP_NT_CUT_REF,GPP_NT_CUT_USTAR50,GPP_NT_CUT_MEAN,GPP_NT_CUT_SE,GPP_NT_CUT_05,GPP_NT_CUT_16,GPP_NT_CUT_25,GPP_NT_CUT_50,GPP_NT_CUT_75,GPP_NT_CUT_84,GPP_NT_CUT_95,RECO_DT_VUT_REF,RECO_DT_VUT_USTAR50,RECO_DT_VUT_MEAN,RECO_DT_VUT_SE,RECO_DT_VUT_05,RECO_DT_VUT_16,RECO_DT_VUT_25,RECO_DT_VUT_50,RECO_DT_VUT_75,RECO_DT_VUT_84,RECO_DT_VUT_95,RECO_DT_CUT_REF,RECO_DT_CUT_USTAR50,RECO_DT_CUT_MEAN,RECO_DT_CUT_SE,RECO_DT_CUT_05,RECO_DT_CUT_16,RECO_DT_CUT_25,RECO_DT_CUT_50,RECO_DT_CUT_75,RECO_DT_CUT_84,RECO_DT_CUT_95,GPP_DT_VUT_REF,GPP_DT_VUT_USTAR50,GPP_DT_VUT_MEAN,GPP_DT_VUT_SE,GPP_DT_VUT_05,GPP_DT_VUT_16,GPP_DT_VUT_25,GPP_DT_VUT_50,GPP_DT_VUT_75,GPP_DT_VUT_84,GPP_DT_VUT_95,GPP_DT_CUT_REF,GPP_DT_CUT_USTAR50,GPP_DT_CUT_MEAN,GPP_DT_CUT_SE,GPP_DT_CUT_05,GPP_DT_CUT_16,GPP_DT_CUT_25,GPP_DT_CUT_50,GPP_DT_CUT_75,GPP_DT_CUT_84,GPP_DT_CUT_95,RECO_SR,RECO_SR_N
2003,-9999,-9999,-9999,-9999,-9999,-9999,-9999,-9999,-12.641,-13.633,1.211,-9999,-9999,-13.035,0.388927,-13.735,1.205,0.39165,-9999,-9999,-9999,-9999,-9999,92.232,94.891,0.387329,-9999,-9999,251.15,250.154,0.387043,-9999,-9999,189.644,189.644,0.0,-9999,-9999,1.095,1.095,0.0,101.234,101.277,0.385217,174.801,217.378,0.0103881,3.621,3.906,0.38516,-9999,-9999,-9999,-9999,-9999,-9999,-9999,-9999,-9999,-9999,-9999,-9999,-9999,-9999,-9999,-9999,-9999,-9999,6.87019,0.508619,19.0281,0.388927,-9999,-9999,10.4973,0.388927,-9999,-9999,-9999,-9999,0.0,0.0,-55.896,-55.4925,0.377683,0.37774,-9999,-9999,-9999,-9999,-54.6179,-52.0997,0.37774,0.37774,-9999,-9999,-9999,-9999,-52.7015,-51.2277,0.377677,0.377598,1.17217,1.40245,-60.6348,-58.3147,-57.7536,-54.6672,-51.7563,-45.9507,-34.4573,-60.7034,-60.2433,-58.0489,-54.6179,-45.9184,-36.6891,-34.4573,0.378881,0.377568,0.378881,0.378767,0.377797,0.375171,0.376484,0.378881,0.377511,0.378881,0.37774,0.375114,0.376884,0.376484,0.603796,0.60672,0.400902,0.383386,0.377746,0.377995,-9999,-9999,-9999,-9999,-0.637906,-0.638839,0.796666,0.792506,-2247.63,-2247.63,-9999,-9999,-9999,-9999,0.608131,0.611685,0.382685,0.379436,0.377995,0.377995,-9999,-9999,-9999,-9999,-0.636868,-0.6303,0.792183,0.792039,0.462463,0.462463,-9999,-9999,-9999,-9999,0.592194,0.600727,0.604542,0.613484,0.622785,0.6522,0.69477,0.589811,0.597763,0.602466,0.61191,0.652005,0.690632,0.694301,0.379406,0.377746,0.379406,0.377995,0.377746,0.37401,0.377746,0.379406,0.377746,0.379406,0.377995,0.37401,0.377746,0.377746,-1835.97,-1835.96,-1835.95,-1835.95,-1835.95,-1835.95,-1835.94,-1835.97,-1835.95,-1835.95,-1835.95,-1835.95,-1835.95,-1835.94,-1835.06,-1835.06,-1835.06,-1835.05,-1835.06,-1835.06,-1835.06,-1835.06,-1835.06,-1835.05,-1835.05,-1835.06,-1835.06,-1835.06,219.886,222.388,224.433,1.27742,212.287,214.773,220.632,222.28,228.411,233.618,237.3,222.574,222.388,223.402,0.960629,212.752,219.812,221.137,222.0,224.049,226.2,235.85,275.969,274.488,275.661,0.994068,269.206,271.045,271.501,274.272,278.026,279.176,281.88,275.099,277.006,276.103,0.776307,269.22,271.415,272.71,275.099,279.142,280.264,281.88,200.404,213.959,246.633,9.56534,187.327,188.408,204.393,214.234,332.977,335.3,339.28,203.984,214.234,236.757,8.13793,186.981,202.828,207.228,213.541,233.468,333.436,336.251,278.3,287.452,493.849,50.8885,275.071,276.275,283.023,289.01,970.248,983.249,983.67,308.447,287.953,425.92,44.2555,275.437,278.403,284.107,288.879,303.999,973.205,983.456,-9999,-9999
2004,9.224,0.244365,7.546,1.1,0.2423,-9999,-9999,-9999,-14.333,-15.215,1.21,-9999,-9999,-13.997,0.244365,-14.936,1.189,0.2423,-9999,-9999,-9999,137.135,0.257741,87.111,90.752,0.257741,285.142,0.2574,248.936,248.132,0.2574,-9999,-9999,185.593,185.593,0.0,-9999,-9999,0.945,0.945,0.0,101.539,101.519,0.256091,153.478,184.032,0.00717213,3.529,3.626,0.182491,-9999,-9999,-9999,-9999,-9999,-9999,-9999,-9999,-9999,-9999,370.58,0.218864,-0.692,-1.638,-3.399,0.2574,0.2574,0.2574,2.76689,0.367372,21.7922,0.216929,-9999,-9999,15.5393,0.26036,-9999,-9999,-9999,-9999,0.0,0.0,-130.455,-129.207,0.205715,0.205772,-9999,-9999,-9999,-9999,-129.221,-129.006,0.205772,0.205772,-9999,-9999,-9999,-9999,-136.816,-138.23,0.205991,0.206112,1.10486,1.10634,-150.713,-143.431,-141.869,-137.125,-129.898,-129.106,-128.799,-152.896,-143.586,-141.891,-139.358,-132.194,-129.207,-128.32,0.1986,0.20526,0.213684,0.205373,0.20691,0.205772,0.206113,0.204577,0.20469,0.212716,0.210895,0.20543,0.205772,0.205829,0.463379,0.501213,0.568492,0.568199,0.20413,0.20413,-9999,-9999,-9999,-9999,-0.850016,-0.853288,1.41543,1.42032,-2281.4,-2281.4,-9999,-9999,-9999,-9999,0.501035,0.50154,0.568247,0.567776,0.20413,0.20413,-9999,-9999,-9999,-9999,-0.853325,-0.853213,1.42061,1.42062,0.255993,0.255993,-9999,-9999,-9999,-9999,0.358216,0.375478,0.420936,0.43955,0.468146,0.479579,0.50124,0.359143,0.410814,0.420936,0.432162,0.469702,0.482913,0.50154,0.201964,0.201574,0.198385,0.206537,0.213277,0.205627,0.20413,0.201574,0.190348,0.198385,0.207084,0.213583,0.205627,0.20413,-1858.5,-1858.45,-1858.44,-1858.43,-1858.39,-1858.38,-1858.38,-1858.5,-1858.45,-1858.45,-1858.43,-1858.4,-1858.39,-1858.38,-1857.54,-1857.53,-1857.53,-1857.53,-1857.53,-1857.53,-1857.53,-1857.54,-1857.53,-1857.53,-1857.53,-1857.52,-1857.53,-1857.53,238.647,239.831,245.187,1.83926,229.33,237.176,238.647,242.46,246.279,250.126,269.46,241.264,239.831,246.872,2.13043,232.927,236.12,239.439,243.981,247.332,254.392,280.123,370.771,368.837,383.417,2.17416,367.69,368.598,369.051,384.37,391.15,396.03,411.329,371.939,369.051,383.688,2.28666,366.608,368.537,369.085,383.924,391.52,396.994,410.046,305.552,349.903,334.646,10.1148,219.57,278.823,305.552,338.627,366.862,371.722,420.409,367.401,349.938,343.321,9.32554,219.581,300.463,325.496,350.568,368.432,377.218,394.81,829.167,832.66,807.301,20.7564,390.219,817.349,827.064,833.434,845.258,857.648,949.963,840.487,832.648,814.792,17.5407,390.219,820.33,827.984,832.795,845.412,848.622,869.523,-9999,-9999
2005,5.085,0.225285,4.532,1.185,0.222845,-9999,-9999,-9999,-12.201,-13.228,1.252,-9999,-9999,-12.064,0.225285,-13.196,1.259,0.222845,-9999,-9999,-9999,146.996,0.158447,98.053,98.75,0.158447,313.421,0.158333,250.752,250.977,0.158333,-9999,-9999,188.917,190.541,0.158219,-9999,-9999,1.144,1.147,0.158276,101.527,101.516,0.157705,132.563,174.178,0.00936073,3.551,3.612,0.157705,-9999,-9999,-9999,-9999,-9999,-9999,-9999,-9999,-9999,-9999,362.655,0.208276,9.27,9.013,-9999,0.158333,0.158333,-9999,3.35566,0.507249,27.3391,0.204566,-9999,0.240425,27.0617,0.222774,-9999,0.240001,-9999,-9999,1.30411,11.547,-435.906,-436.043,0.185616,0.185788,6.07795,6.04315,28.9854,29.8164,-436.013,-435.225,0.185788,0.186358,6.04315,5.99989,28.9781,29.8076,-431.084,-425.932,0.186513,0.186376,3.45704,4.051,-454.469,-452.551,-446.014,-436.197,-435.292,-395.869,-393.185,-454.469,-453.56,-451.474,-435.63,-397.382,-395.164,-393.197,0.192808,0.192352,0.190126,0.185845,0.187386,0.181279,0.180251,0.192808,0.195263,0.192237,0.187043,0.180365,0.178596,0.180251,-0.0523963,-0.0536118,0.909612,0.908755,0.171969,0.171969,0.0479388,0.0483717,0.296889,0.29844,-2.03751,-2.0375,1.35087,1.34977,-2247.86,-2247.86,0.0170201,0.0168841,0.0218278,0.023504,-0.0535321,-0.034727,0.908755,0.903727,0.171969,0.17213,0.0483717,0.0483576,0.296959,0.298437,-2.0375,-2.03707,1.34977,1.34783,0.236054,0.236978,0.0168841,0.016746,0.021722,0.023405,-0.187131,-0.177677,-0.167136,-0.0535321,-0.034727,0.408309,0.429499,-0.187131,-0.180727,-0.177336,-0.0364785,0.402943,0.40826,0.429248,0.18239,0.186315,0.177922,0.171969,0.17213,0.163894,0.163122,0.18239,0.187888,0.181202,0.173652,0.165755,0.165755,0.163122,-1837.12,-1837.12,-1837.11,-1837.1,-1837.1,-1837.1,-1837.09,-1837.12,-1837.12,-1837.12,-1837.1,-1837.1,-1837.09,-1837.09,-1835.23,-1835.23,-1835.23,-1835.24,-1835.24,-1835.24,-1835.25,-1835.23,-1835.23,-1835.23,-1835.24,-1835.25,-1835.25,-1835.25,348.6,348.858,350.534,0.549557,344.936,347.169,348.6,350.315,351.711,351.806,357.829,344.936,348.542,349.08,0.802082,343.027,343.302,346.207,348.689,350.764,351.711,357.829,784.676,784.135,776.433,4.08512,736.157,744.994,747.207,784.224,802.653,804.309,806.506,780.606,784.607,780.144,3.43985,736.062,744.914,778.989,784.758,792.54,802.462,805.704,315.668,157.936,292.15,13.837,156.084,157.936,174.755,321.798,346.888,383.694,408.664,240.302,160.195,269.85,13.2135,156.084,160.195,174.487,276.225,326.885,346.888,402.009,933.634,850.009,931.159,9.19447,849.658,851.753,862.182,933.634,959.992,1003.29,1025.39,946.595,851.721,918.172,8.28303,849.658,853.694,863.823,917.669,946.595,957.125,1025.27,-9999,-9999
2006,-7.296,0.275,-7.889,2.423,0.272086,-9999,-9999,-9999,-12.993,-13.882,1.34,-9999,-9999,-12.729,0.275,-13.568,1.376,0.272086,-9999,-9999,-9999,160.989,0.174658,88.27,88.448,0.174658,318.019,0.0,252.372,252.372,0.0,183.358,0.0,191.881,191.881,0.0,1.624,0.0,0.917,0.917,0.0,101.362,101.351,0.173459,220.517,267.289,0.00987443,3.7,3.804,0.164269,-9999,-9999,-9999,-9999,-9999,-9999,-9999,-9999,-9999,-9999,352.477,0.179566,-0.319,0.51,-9999,0.174315,0.174315,-9999,2.07228,0.345833,17.4298,0.178596,-9999,-9999,10.1795,0.268436,-9999,-9999,-9999,-9999,0.0,0.0,-199.102,-182.647,0.176199,0.176826,-9999,-9999,-9999,-9999,-201.557,-182.706,0.176256,0.176826,-9999,-9999,-9999,-9999,-194.083,-185.412,0.174814,0.176361,2.68414,2.45097,-218.053,-209.958,-208.18,-199.102,-174.189,-172.725,-168.792,-209.135,-206.975,-200.685,-182.706,-168.773,-168.72,-168.399,0.169349,0.175,0.176541,0.176199,0.176826,0.176884,0.176884,0.175114,0.174772,0.176256,0.176826,0.176884,0.176884,0.176998,0.229838,0.260779,0.786827,0.70106,0.177335,0.177335,-9999,-9999,-9999,-9999,-0.812756,-0.793614,1.08869,1.052,-2247.88,-2247.88,-9999,-9999,-9999,-9999,0.224676,0.260605,0.782625,0.702236,0.177335,0.177335,-9999,-9999,-9999,-9999,-0.816897,-0.793896,1.08783,1.05244,0.217125,0.21848,-9999,-9999,-9999,-9999,0.19448,0.195863,0.202791,0.245738,0.291098,0.307009,0.312388,0.195021,0.201909,0.227107,0.260605,0.307009,0.307249,0.3079,0.177335,0.177335,0.177335,0.16621,0.177335,0.177335,0.16621,0.177335,0.177335,0.177335,0.177335,0.177335,0.177335,0.177335,-1836.28,-1836.13,-1836.11,-1836.1,-1836.08,-1836.07,-1836.07,-1836.11,-1836.1,-1836.1,-1836.08,-1836.07,-1836.07,-1836.07,-1835.26,-1835.26,-1835.26,-1835.26,-1835.25,-1835.25,-1835.25,-1835.26,-1835.25,-1835.26,-1835.25,-1835.25,-1835.25,-1835.25,164.753,156.09,162.585,3.83206,138.655,139.773,140.211,156.09,164.753,198.132,199.059,164.753,206.614,178.706,4.95466,126.315,140.211,156.09,164.753,206.366,207.248,216.567,353.354,338.796,347.997,5.99428,308.16,308.737,308.973,338.796,372.915,396.012,407.267,352.29,408.171,372.789,7.18512,299.039,309.042,329.672,373.047,408.207,411.586,433.208,344.516,312.999,349.463,4.73468,297.925,319.466,327.617,344.516,365.385,383.881,398.645,328.086,398.381,332.689,7.75162,242.653,281.69,300.191,336.394,365.385,383.881,398.636,778.241,722.46,758.125,3.7161,695.689,723.48,755.302,760.126,777.448,779.215,785.087,768.913,785.286,759.826,4.33071,695.689,723.48,746.748,767.321,778.241,784.153,794.348,-9999,-9999
2007,7.585,0.251256,6.077,1.441,0.256164,-9999,-9999,-9999,-11.134,-12.068,1.227,-9999,-9999,-10.65,0.251256,-11.558,1.186,0.256164,-9999,-9999,-9999,153.39,0.317466,88.319,89.044,0.317466,300.715,0.306849,258.401,257.916,0.306849,287.76,0.0,202.913,202.913,0.0,1.628,0.0,1.114,1.114,0.0,101.106,101.114,0.32911,226.993,346.901,0.0231164,3.523,3.618,0.338185,-9999,-9999,-9999,-9999,-9999,-9999,-9999,-9999,-9999,-9999,351.054,0.222432,9.715,10.722,-9999,0.334304,0.304167,-9999,2.565,0.543379,36.0731,0.22266,-9999,-9999,15.6587,0.251142,-9999,-9999,-9999,-9999,0.0,0.0,-260.166,-261.59,0.200114,0.201427,-9999,-9999,-9999,-9999,-260.52,-276.589,0.200114,0.211187,-9999,-9999,-9999,-9999,-264.644,-265.319,0.207193,0.20918,2.2369,2.08639,-285.862,-282.919,-279.316,-263.743,-254.3,-250.906,-245.536,-284.166,-280.969,-279.179,-269.152,-254.836,-248.313,-245.639,0.218493,0.21855,0.218893,0.2,0.199886,0.199087,0.199658,0.21855,0.21855,0.218836,0.21855,0.199087,0.199772,0.199886,0.725144,0.725488,0.563138,0.550483,0.201619,0.201619,-9999,-9999,-9999,-9999,-1.43092,-1.46129,1.37404,1.35973,-2247.85,-2247.85,-9999,-9999,-9999,-9999,0.725745,0.667351,0.561705,0.556927,0.201619,0.221119,-9999,-9999,-9999,-9999,-1.43321,-1.46214,1.37507,1.36029,0.248987,0.252945,-9999,-9999,-9999,-9999,0.649733,0.654779,0.669441,0.716117,0.725144,0.726439,0.731248,0.657279,0.664971,0.667351,0.689996,0.728272,0.734983,0.739353,0.221119,0.234563,0.23509,0.201619,0.201619,0.201619,0.201619,0.234457,0.221119,0.221119,0.234563,0.201619,0.201619,0.201619,-1836.64,-1836.64,-1836.63,-1836.61,-1836.59,-1836.59,-1836.56,-1836.64,-1836.64,-1836.64,-1836.62,-1836.59,-1836.57,-1836.56,-1835.23,-1835.23,-1835.23,-1835.23,-1835.23,-1835.23,-1835.23,-1835.23,-1835.23,-1835.23,-1835.23,-1835.23,-1835.23,-1835.23,259.493,261.013,260.104,0.5967,251.721,256.325,258.521,260.303,263.067,263.994,264.294,262.643,261.006,259.771,0.740842,248.009,253.961,257.718,260.263,262.643,264.043,265.691,517.059,537.602,525.422,2.20967,497.739,508.154,513.037,527.555,536.147,541.027,544.547,548.724,521.526,524.415,2.61111,491.484,508.29,510.096,524.078,533.277,542.918,548.724,434.955,396.2,407.643,3.15287,380.745,391.078,393.359,401.978,427.274,434.859,436.973,397.237,404.015,403.702,3.27086,381.774,383.998,391.506,396.748,404.231,430.471,452.884,633.929,627.02,623.142,2.1914,589.867,617.155,620.493,626.107,630.218,633.929,637.344,621.892,632.473,622.784,2.09347,589.892,613.307,616.33,626.107,630.108,633.101,642.08,-9999,-9999
2008,1.124,0.408527,1.017,0.921,0.409001,-9999,-9999,-9999,-12.54,-13.501,1.241,-9999,-9999,-12.642,0.408527,-13.157,1.255,0.409001,-9999,-9999,-9999,137.022,0.395093,93.94,97.876,0.395093,260.926,0.414504,250.768,247.44,0.414504,235.707,0.0,188.945,188.945,0.0,1.627,0.0,1.165,1.165,0.0,101.3,101.243,0.399476,183.413,268.208,0.0161088,3.629,3.822,0.443932,-9999,-9999,-9999,-9999,-9999,-9999,-9999,-9999,-9999,-9999,349.904,0.396118,0.512,1.103,-9999,0.400899,0.391337,-9999,0.842382,0.39128,12.9279,0.394126,-9999,-9999,8.56747,0.408071,-9999,-9999,-9999,-9999,0.0,0.0,-69.6545,-63.6315,0.39054,0.390653,-9999,-9999,-9999,-9999,-67.2267,-53.7544,0.390597,0.390653,-9999,-9999,-9999,-9999,-58.8693,-57.0713,0.389855,0.390376,2.04305,1.90361,-75.5045,-69.8626,-68.6806,-65.0538,-47.2024,-44.4502,-39.1602,-75.5045,-68.7199,-67.9965,-61.4117,-46.4379,-44.4502,-39.8333,0.382741,0.390141,0.390141,0.390597,0.391678,0.391564,0.392418,0.382741,0.390141,0.390027,0.390653,0.391393,0.391564,0.392532,0.556246,0.567424,0.291212,0.300262,0.404789,0.404789,-9999,-9999,-9999,-9999,-0.63142,-0.606116,0.798104,0.804877,-2281.18,-2281.18,-9999,-9999,-9999,-9999,0.560533,0.576776,0.29422,0.301565,0.404789,0.404789,-9999,-9999,-9999,-9999,-0.619483,-0.555616,0.790707,0.806102,0.468878,0.468983,-9999,-9999,-9999,-9999,0.556246,0.557985,0.56402,0.571151,0.579152,0.585798,0.603394,0.557313,0.560322,0.564103,0.571151,0.578663,0.585117,0.5912,0.404789,0.404789,0.404789,0.404789,0.394637,0.404789,0.404789,0.404789,0.404789,0.404789,0.404789,0.404789,0.404789,0.404789,-1858.31,-1858.26,-1858.25,-1858.24,-1858.16,-1858.16,-1858.15,-1858.31,-1858.25,-1858.25,-1858.23,-1858.16,-1858.15,-1858.15,-1857.36,-1857.36,-1857.36,-1857.36,-1857.35,-1857.35,-1857.35,-1857.36,-1857.36,-1857.36,-1857.36,-1857.35,-1857.35,-1857.35,213.993,212.244,214.472,3.71085,201.185,201.796,202.361,211.39,214.208,217.682,228.488,208.325,213.993,218.006,3.97843,201.238,202.294,203.786,211.581,215.78,226.792,274.975,281.324,265.998,271.544,5.02631,240.901,245.767,247.411,266.145,281.324,284.359,296.55,262.527,281.22,276.875,5.36717,239.251,245.694,248.998,279.556,284.477,295.177,346.743,182.729,184.311,178.382,2.24166,151.333,161.163,170.266,177.727,185.498,196.301,202.505,158.306,174.85,179.009,2.30713,155.857,162.906,169.693,178.39,187.187,197.436,202.994,299.065,305.945,312.09,12.9888,282.613,285.1,285.385,290.711,302.305,306.387,310.598,279.986,301.724,317.369,15.6411,275.804,279.621,282.921,286.168,300.459,303.875,648.095,-9999,-9999
2009,-1.623,0.439612,-2.25,1.116,0.436688,-9999,-9999,-9999,-13.038,-13.962,1.285,-9999,-9999,-13.07,0.439612,-13.761,1.355,0.436688,-9999,-9999,-9999,152.679,0.445491,90.212,97.807,0.445491,239.098,0.467352,249.941,238.824,0.467352,219.311,0.0,187.432,187.432,0.0,1.163,0.0,1.023,1.023,0.0,101.662,101.657,0.466553,179.35,268.935,0.0182648,3.61,3.741,0.425514,-9999,-9999,30.7885700355,0.634988584475,-9999,-9999,82.2732487813,0.585730593607,-9999,-9999,356.888,0.388185,-9999,-9999,-9999,-9999,-9999,-9999,0.877939,0.577683,12.2674,0.382648,-9999,-9999,7.16924,0.437443,-9999,-9999,-9999,-9999,0.0,0.0,-42.1528,-41.9742,0.354852,0.354852,-9999,-9999,-9999,-9999,-38.4434,-42.8229,0.356336,0.355308,-9999,-9999,-9999,-9999,-38.6876,-42.0519,0.354385,0.35495,4.45116,3.8962,-65.6435,-64.9039,-62.6546,-43.0315,-37.9225,-20.5685,23.2942,-67.7663,-65.2986,-62.3005,-42.5213,-39.543,-38.3265,23.2254,0.364954,0.371062,0.365639,0.355308,0.356792,0.345719,0.329509,0.364155,0.369863,0.36621,0.353539,0.355936,0.349258,0.329509,0.502328,0.502879,0.274487,0.274964,0.330255,0.330255,-9999,-9999,-9999,-9999,-0.455516,-0.455641,0.838822,0.83888,-2247.64,-2247.64,-9999,-9999,-9999,-9999,0.51712,0.499441,0.274695,0.269863,0.331833,0.330674,-9999,-9999,-9999,-9999,-0.453779,-0.456262,0.831938,0.832266,0.455891,0.454758,-9999,-9999,-9999,-9999,0.432403,0.439165,0.448185,0.487797,0.502328,0.521799,0.673302,0.433395,0.438689,0.449598,0.475092,0.499317,0.512697,0.66781,0.351945,0.326787,0.344576,0.325387,0.330255,0.331604,0.296703,0.349322,0.339866,0.326673,0.326159,0.330044,0.331211,0.29655,-1835.86,-1835.86,-1835.85,-1835.81,-1835.79,-1835.72,-1835.66,-1835.86,-1835.86,-1835.85,-1835.8,-1835.79,-1835.79,-1835.66,-1835.05,-1835.05,-1835.05,-1835.06,-1835.07,-1835.07,-1835.09,-1835.05,-1835.05,-1835.06,-1835.06,-1835.07,-1835.07,-1835.09,236.778,236.795,228.005,2.84126,194.794,207.826,209.675,235.718,244.133,246.576,246.576,213.561,237.292,228.132,2.96061,194.794,207.671,210.373,235.718,244.588,246.576,254.178,279.435,279.918,270.205,2.8364,220.208,258.328,266.487,275.803,278.982,285.499,287.027,266.028,275.969,266.957,3.02803,213.528,249.219,262.258,273.073,276.907,280.126,285.684,160.699,211.392,171.649,7.39583,101.133,123.092,125.993,161.624,190.662,237.285,247.491,247.189,122.825,161.598,6.39424,100.681,122.339,124.905,159.684,184.223,199.104,246.266,299.483,314.073,477.702,41.8764,262.053,274.82,280.087,306.679,823.9,874.456,880.37,307.892,274.817,459.558,38.7084,264.664,275.316,280.087,306.679,809.173,822.056,874.456,-9999,-9999
2010,2.444,0.333733,2.311,1.986,0.360827,-9999,-9999,-9999,-11.766,-12.681,1.274,-9999,-9999,-11.759,0.333733,-12.215,1.267,0.360827,-9999,-9999,-9999,186.392,0.359304,91.867,98.407,0.359304,253.485,0.0,254.195,254.195,0.0,259.24,0.0,195.217,195.217,0.0,0.729,0.0,1.243,1.243,0.0,101.534,101.483,0.382934,215.994,264.708,0.0118721,3.734,3.864,0.382934,-9999,-9999,-9999,-9999,-9999,-9999,-9999,-9999,-9999,-9999,355.476,0.334989,-9999,-9999,-9999,-9999,-9999,-9999,5.2789,0.515639,20.0045,0.333105,-9999,-9999,8.9472,0.335616,-9999,-9999,-9999,-9999,0.0,0.0,-90.0011,-108.719,0.316952,0.306963,-9999,-9999,-9999,-9999,-91.9032,-108.782,0.323402,0.306963,-9999,-9999,-9999,-9999,-94.2573,-98.2505,0.318482,0.311844,1.37813,1.45929,-112.686,-103.479,-99.0574,-92.1611,-89.4482,-88.4269,-83.3439,-108.719,-108.561,-106.058,-104.724,-91.2371,-89.6428,-83.2805,0.302911,0.295034,0.316781,0.323402,0.328482,0.325913,0.325913,0.306963,0.306963,0.295034,0.295034,0.316952,0.316952,0.325913,0.456371,0.394366,0.597378,0.665679,0.326834,0.315354,-9999,-9999,-9999,-9999,-0.743673,-0.809792,0.934747,0.921535,-2247.71,-2247.72,-9999,-9999,-9999,-9999,0.45469,0.3942,0.577177,0.665477,0.343254,0.315354,-9999,-9999,-9999,-9999,-0.742674,-0.809792,0.93767,0.921535,0.38847,0.375345,-9999,-9999,-9999,-9999,0.403787,0.412532,0.432195,0.460364,0.477748,0.492076,0.514336,0.387396,0.392993,0.394394,0.397632,0.469288,0.522797,0.523534,0.302888,0.315354,0.322724,0.357291,0.357839,0.352511,0.359458,0.302888,0.302888,0.315354,0.302888,0.352816,0.359458,0.359458,-1836.17,-1836.11,-1836.09,-1836.06,-1836.04,-1836.04,-1836.03,-1836.11,-1836.1,-1836.1,-1836.1,-1836.04,-1836.04,-1836.03,-1835.13,-1835.11,-1835.13,-1835.11,-1835.11,-1835.12,-1835.12,-1835.14,-1835.11,-1835.11,-1835.14,-1835.12,-1835.12,-1835.11,73.2929,73.2929,104.661,7.1303,73.2929,73.2929,74.3873,75.9742,117.523,183.232,183.232,123.044,88.1182,107.953,6.32119,64.2024,70.8007,74.3873,88.1182,149.954,149.954,166.461,182.002,182.075,202.911,6.50622,164.03,165.624,181.658,182.002,201.088,276.004,276.283,213.854,180.021,202.211,5.70054,163.565,165.164,173.445,184.671,236.846,239.402,262.127,226.077,174.484,216.149,9.63017,138.363,170.885,170.885,174.484,291.716,291.716,312.89,244.002,413.464,256.69,12.1935,135.357,166.765,173.953,269.625,297.605,313.012,408.595,704.682,704.682,640.576,30.7593,288.781,289.487,693.458,704.682,774.082,774.082,799.063,799.556,851.769,719.689,23.9838,290.328,688.641,697.591,773.642,804.835,812.169,835.67,-9999,-9999
2011,-6.625,0.621005,-7.714,1.438,0.627397,-9999,-9999,-9999,-12.168,-13.05,1.17,-9999,-9999,-12.102,0.621005,-12.981,1.315,0.627397,-9999,-9999,-9999,171.256,0.622546,92.979,97.375,0.622546,290.015,0.505651,253.275,259.342,0.505651,204.713,0.0,193.534,193.534,0.0,0.729,0.0,1.056,1.056,0.0,101.346,101.36,0.47129,217.712,210.907,0.6004,3.654,3.015,0.47089,-9999,-9999,-9999,-9999,-9999,-9999,39.9548009089,0.594634703196,-9999,-9999,355.12,0.248288,-9999,-9999,-9999,-9999,-9999,-9999,1.27753,0.748002,19.52,0.251084,-9999,-9999,11.0942,0.253196,-9999,-9999,-9999,-9999,0.0,0.0,-203.381,-210.205,0.246747,0.246176,-9999,-9999,-9999,-9999,-198.392,-209.995,0.246861,0.246176,-9999,-9999,-9999,-9999,-202.11,-206.715,0.244138,0.243279,1.97215,1.62892,-223.467,-214.541,-211.121,-201.31,-195.823,-189.088,-179.329,-225.62,-220.778,-213.595,-208.657,-197.995,-196.972,-194.397,0.225285,0.234247,0.246176,0.247089,0.246861,0.247888,0.247888,0.24161,0.224886,0.244235,0.245148,0.246861,0.246861,0.246861,0.296381,0.282055,0.61122,0.632419,0.245828,0.245828,-9999,-9999,-9999,-9999,-1.01703,-1.03462,1.0426,1.04658,-2247.79,-2247.79,-9999,-9999,-9999,-9999,0.306807,0.281946,0.603365,0.632453,0.245828,0.245828,-9999,-9999,-9999,-9999,-1.00793,-1.0339,1.04631,1.04656,0.303502,0.302627,-9999,-9999,-9999,-9999,0.234038,0.26887,0.280525,0.296871,0.314651,0.32892,0.374323,0.229043,0.260722,0.27598,0.290095,0.306249,0.313152,0.317051,0.217061,0.241719,0.245828,0.245828,0.245828,0.248568,0.248568,0.243088,0.243088,0.245828,0.245828,0.245828,0.217061,0.245828,-1836.29,-1836.28,-1836.27,-1836.26,-1836.24,-1836.23,-1836.22,-1836.29,-1836.28,-1836.28,-1836.27,-1836.25,-1836.24,-1836.24,-1835.19,-1835.21,-1835.19,-1835.19,-1835.18,-1835.18,-1835.18,-1835.19,-1835.21,-1835.19,-1835.19,-1835.18,-1835.18,-1835.18,322.564,410.865,352.38,6.83934,303.561,304.31,309.756,361.465,391.421,391.421,410.865,364.977,391.421,355.31,6.36493,303.561,304.31,311.871,361.465,390.306,391.421,410.865,533.325,620.861,559.095,6.01555,513.636,517.91,525.652,552.517,587.244,590.992,621.071,563.112,589.813,557.42,5.67276,511.385,519.563,530.621,549.621,586.29,589.124,620.878,281.789,401.354,323.028,7.01584,281.266,281.842,282.105,295.214,359.072,368.669,385.06,344.638,295.214,316.261,6.69915,280.88,282.105,283.093,295.214,347.159,374.379,384.963,905.553,978.339,864.256,19.4169,730.748,734.458,734.525,798.932,955.387,1026.8,1059.71,795.999,770.465,844.592,18.2591,730.748,734.425,735.667,795.485,930.7,996.851,1054.96,-9999,-9999
2012,-13.103,0.936703,-14.079,1.594,0.937295,-9999,-9999,-9999,-12.508,-13.47,1.352,-9999,-9999,-12.929,0.936703,-13.882,1.52,0.937295,-9999,-9999,-9999,87.124,0.936931,88.478,87.072,0.936931,258.491,0.936703,252.26,258.904,0.936703,168.938,0.0,191.675,191.675,0.0,0.729,0.0,1.113,1.113,0.0,101.655,101.671,0.930385,185.764,131.486,0.930214,3.752,3.74,0.267873,-9999,-9999,25.8725949652,0.929758652095,-9999,-9999,45.8049907954,0.929929417122,280.847293052,0.929929417122,356.719,0.308345,-9999,-9999,-9999,-9999,-9999,-9999,0.672,0.936703,15.2848,0.306466,-9999,-9999,10.7515,0.308743,-9999,-9999,-9999,-9999,0.0,0.0,-129.691,-146.795,0.275102,0.274362,-9999,-9999,-9999,-9999,-86.291,-146.891,0.279201,0.274362,-9999,-9999,-9999,-9999,-134.876,-145.133,0.279265,0.275085,8.30176,9.21863,-249.598,-224.793,-147.067,-110.433,-97.6861,-91.8443,-88.9283,-264.625,-227.604,-147.152,-142.249,-97.8495,-96.1595,-88.712,0.26332,0.263832,0.274362,0.29474,0.280738,0.29548,0.279315,0.2611,0.263604,0.273167,0.273964,0.280738,0.280681,0.279315,0.683374,0.659671,0.533951,0.537705,0.266642,0.266642,-9999,-9999,-9999,-9999,-0.771009,-0.840864,1.16782,1.18375,-2281.31,-2281.31,-9999,-9999,-9999,-9999,0.848791,0.657592,0.546927,0.534274,0.266642,0.266642,-9999,-9999,-9999,-9999,-0.648096,-0.840216,1.19331,1.18401,0.347636,0.340032,-9999,-9999,-9999,-9999,0.629184,0.648206,0.657592,0.706675,0.804256,0.805152,0.846024,0.628207,0.656086,0.659671,0.736144,0.804955,0.807693,0.846024,0.304503,0.306845,0.266642,0.265276,0.266915,0.266915,0.266642,0.304503,0.265276,0.266642,0.265276,0.266915,0.266915,0.266642,-1858.91,-1858.83,-1858.46,-1858.29,-1858.28,-1858.27,-1858.25,-1858.96,-1858.84,-1858.47,-1858.42,-1858.29,-1858.28,-1858.28,-1857.47,-1857.47,-1857.46,-1857.45,-1857.45,-1857.44,-1857.44,-1857.48,-1857.47,-1857.46,-1857.46,-1857.45,-1857.45,-1857.44,269.736,269.737,273.33,1.07075,263.736,266.063,266.962,270.076,279.765,282.437,282.751,282.194,276.744,275.526,1.16125,265.296,266.076,268.953,275.506,282.512,283.114,283.612,416.709,416.636,418.472,8.41364,367.373,368.489,380.241,410.117,416.636,491.532,518.457,380.219,363.047,410.412,7.49428,367.388,368.705,380.197,392.512,416.569,455.039,518.539,222.181,192.843,212.358,2.59789,192.541,195.817,200.115,203.975,222.823,234.388,240.0,200.16,203.587,221.006,3.21403,195.863,199.823,202.41,221.522,239.646,247.71,252.436,726.248,713.843,718.548,3.46458,710.673,713.843,717.598,720.038,724.686,728.53,732.14,728.179,718.234,723.276,0.98321,710.673,717.907,719.463,723.544,727.847,728.581,732.181,-9999,-9999
2013,-13.995,0.997032,-14.989,1.437,1.0,-9999,-9999,-9999,-13.821,-14.728,1.133,-9999,-9999,-13.99,0.997032,-14.989,1.437,1.0,-9999,-9999,-9999,101.461,0.997317,91.248,101.308,0.997317,251.205,1.0,250.358,251.205,1.0,171.645,0.684817,188.196,187.165,0.684817,1.336,0.684817,1.166,1.144,0.684817,101.654,101.704,0.995776,126.341,84.771,0.995776,3.532,3.423,0.772831,-9999,-9999,-9999,-9999,-9999,-9999,51.6727946919,0.995776255708,273.101444064,1.0,382.176,0.269178,-9999,-9999,-9999,-9999,-9999,-9999,-0.907543,0.997032,18.3045,0.268721,-9999,0.128203,9.62249,0.271918,-9999,0.16384,-9999,-9999,2.90411,20.5268,72.0365,70.2595,0.26347,0.259817,3.279,3.31003,11.3413,11.4405,67.1717,70.6261,0.265011,0.260331,3.26346,3.30917,11.3368,11.4403,71.5614,69.188,0.261413,0.259864,1.46961,1.3724,52.845,59.5352,66.984,70.7698,81.1162,81.249,83.0674,53.1217,58.524,60.7071,70.0041,72.7081,80.4265,81.196,0.248116,0.251256,0.257078,0.265411,0.267637,0.267409,0.267409,0.247888,0.251884,0.255365,0.25782,0.265354,0.26661,0.267066,0.819584,0.819709,0.199308,0.200605,0.278905,0.274061,0.0165116,0.0170817,0.0288931,0.028843,-0.09587,-0.11331,0.808632,0.819675,-2247.78,-2247.78,0.00974067,0.00981201,0.028618,0.0292887,0.800369,0.819686,0.192617,0.200551,0.278694,0.274061,0.0163838,0.0170831,0.0288202,0.0288439,-0.0972892,-0.11207,0.805096,0.819328,0.318869,0.314203,0.00970212,0.00980916,0.0286049,0.0292877,0.798456,0.807563,0.81437,0.819615,0.853649,0.854983,0.85853,0.800122,0.803944,0.812026,0.819429,0.822139,0.850426,0.854247,0.257974,0.263559,0.276622,0.274061,0.278807,0.280177,0.280177,0.255538,0.278519,0.279295,0.279151,0.271321,0.278807,0.280177,-1835.57,-1835.55,-1835.53,-1835.51,-1835.5,-1835.5,-1835.5,-1835.57,-1835.56,-1835.54,-1835.53,-1835.51,-1835.5,-1835.5,-1835.19,-1835.18,-1835.18,-1835.17,-1835.17,-1835.17,-1835.17,-1835.19,-1835.18,-1835.18,-1835.18,-1835.17,-1835.17,-1835.17,209.81,209.81,218.74,2.64355,188.685,208.962,209.057,211.65,222.07,247.583,249.819,247.583,209.999,220.609,2.58142,188.685,208.962,209.81,217.292,234.095,234.634,249.819,139.069,138.964,149.633,2.26057,119.896,138.554,139.134,150.963,159.195,168.575,169.101,170.421,143.275,149.163,2.07073,119.833,138.572,139.398,151.746,156.982,159.022,168.826,521.029,584.478,515.858,13.2403,384.779,384.779,520.837,521.319,582.892,584.478,584.478,384.779,582.892,468.974,20.1529,235.038,236.899,384.779,520.95,582.892,582.892,584.478,967.7,968.233,902.026,19.1636,781.999,782.587,782.587,967.03,968.233,1024.27,1052.88,782.587,967.03,843.934,24.8112,590.142,592.394,782.547,783.059,967.7,968.233,1052.88,-9999,-9999
2014,-28.439,0.379623,-28.985,1.08,0.380819,-9999,-9999,-9999,-12.308,-13.273,1.204,-9999,-9999,-12.291,0.379623,-13.233,1.413,0.380819,-9999,-9999,-9999,98.367,1.0,93.456,98.367,1.0,255.64,1.0,254.103,255.64,1.0,-9999,-9999,195.048,192.257,0.224715,-9999,-9999,1.241,1.271,0.224715,101.498,101.52,1.0,199.126,195.2,1.0,3.572,3.077,1.0,-9999,-9999,-9999,-9999,-9999,-9999,49.4466244292,1.0,279.111666667,1.0,-9999,-9999,-9999,-9999,-9999,-9999,-9999,-9999,0.346574,1.0,40.2575,0.274886,-9999,-9999,16.7868,0.2746,-9999,-9999,-9999,-9999,-9999,-9999,-9999,-9999,-9999,-9999,-9999,-9999,-9999,-9999,-9999,-9999,-9999,-9999,-9999,-9999,-9999,-9999,-9999,-9999,-9999,-9999,-9999,-9999,-9999,-9999,-9999,-9999,-9999,-9999,-9999,-9999,-9999,-9999,-9999,-9999,-9999,-9999,-9999,-9999,-9999,-9999,-9999,-9999,-9999,-9999,-9999,-9999,-9999,-9999,-9999,-9999,-9999,-9999,-9999,-9999,-9999,-9999,-9999,-9999,-9999,-9999,-9999,-9999,-9999,-9999,-9999,-9999,-9999,-9999,-9999,-9999,-9999,-9999,-9999,-9999,-9999,-9999,-9999,-9999,-9999,-9999,-9999,-9999,-9999,-9999,-9999,-9999,-9999,-9999,-9999,-9999,-9999,-9999,-9999,-9999,-9999,-9999,-9999,-9999,-9999,-9999,-9999,-9999,-9999,-9999,-9999,-9999,-9999,-9999,-9999,-9999,-9999,-9999,-9999,-9999,-9999,-9999,-9999,-9999,-9999,-9999,-9999,-9999,-9999,-9999,-9999,-9999,-9999,-9999,-9999,-9999,-9999,-9999,-9999,-9999,-9999,-9999,-9999,-9999,-9999,-9999,-9999,-9999,-9999,-9999,-9999,-9999,-9999,-9999,-9999,-9999,-9999,-9999,-9999,-9999,-9999,-9999,-9999,-9999,-9999,-9999,-9999,-9999,-9999,-9999,-9999,-9999,-9999,-9999,-9999,-9999,-9999,-9999,-9999,-9999,-9999,-9999,-9999,-9999,-9999,-9999,-9999,-9999,-9999,-9999,-9999,-9999,-9999,-9999,-9999,-9999,-9999,-9999,-9999,-9999,-9999,-9999,-9999,-9999,-9999,-9999,-9999,-9999,-9999,-9999,-9999,-9999,-9999,-9999,-9999,-9999,-9999,-9999,-9999,-9999,-9999,-9999,-9999,-9999,-9999,-9999,-9999,-9999,-9999,-9999,-9999,-9999,-9999,-9999,-9999,-9999,-9999,-9999,-9999,-9999,-9999,-9999
