TIMESTAMP,TA_F_MDS,TA_F_MDS_QC,TA_F_MDS_NIGHT,TA_F_MDS_NIGHT_SD,TA_F_MDS_NIGHT_QC,TA_F_MDS_DAY,TA_F_MDS_DAY_SD,TA_F_MDS_DAY_QC,TA_ERA,TA_ERA_NIGHT,TA_ERA_NIGHT_SD,TA_ERA_DAY,TA_ERA_DAY_SD,TA_F,TA_F_QC,TA_F_NIGHT,TA_F_NIGHT_SD,TA_F_NIGHT_QC,TA_F_DAY,TA_F_DAY_SD,TA_F_DAY_QC,SW_IN_F_MDS,SW_IN_F_MDS_QC,SW_IN_ERA,SW_IN_F,SW_IN_F_QC,LW_IN_F_MDS,LW_IN_F_MDS_QC,LW_IN_ERA,LW_IN_F,LW_IN_F_QC,LW_IN_JSB,LW_IN_JSB_QC,LW_IN_JSB_ERA,LW_IN_JSB_F,LW_IN_JSB_F_QC,VPD_F_MDS,VPD_F_MDS_QC,VPD_ERA,VPD_F,VPD_F_QC,PA_ERA,PA_F,PA_F_QC,P_ERA,P_F,P_F_QC,WS_ERA,WS_F,WS_F_QC,USTAR,USTAR_QC,NETRAD,NETRAD_QC,PPFD_IN,PPFD_IN_QC,PPFD_DIF,PPFD_DIF_QC,PPFD_OUT,PPFD_OUT_QC,SW_DIF,SW_DIF_QC,SW_OUT,SW_OUT_QC,LW_OUT,LW_OUT_QC,CO2_F_MDS,CO2_F_MDS_QC,TS_F_MDS_1,TS_F_MDS_2,TS_F_MDS_3,TS_F_MDS_4,TS_F_MDS_5,TS_F_MDS_1_QC,TS_F_MDS_2_QC,TS_F_MDS_3_QC,TS_F_MDS_4_QC,TS_F_MDS_5_QC,SWC_F_MDS_1,SWC_F_MDS_2,SWC_F_MDS_1_QC,SWC_F_MDS_2_QC,G_F_MDS,G_F_MDS_QC,LE_F_MDS,LE_F_MDS_QC,LE_CORR,LE_RANDUNC,H_F_MDS,H_F_MDS_QC,H_CORR,H_RANDUNC,EBC_CF_N,EBC_CF_METHOD,NIGHT_RANDUNC_N,DAY_RANDUNC_N,NEE_CUT_REF,NEE_VUT_REF,NEE_CUT_REF_QC,NEE_VUT_REF_QC,NEE_CUT_REF_RANDUNC,NEE_VUT_REF_RANDUNC,NEE_CUT_REF_JOINTUNC,NEE_VUT_REF_JOINTUNC,NEE_CUT_USTAR50,NEE_VUT_USTAR50,NEE_CUT_USTAR50_QC,NEE_VUT_USTAR50_QC,NEE_CUT_USTAR50_RANDUNC,NEE_VUT_USTAR50_RANDUNC,NEE_CUT_USTAR50_JOINTUNC,NEE_VUT_USTAR50_JOINTUNC,NEE_CUT_MEAN,NEE_VUT_MEAN,NEE_CUT_MEAN_QC,NEE_VUT_MEAN_QC,NEE_CUT_SE,NEE_VUT_SE,NEE_CUT_05,NEE_CUT_16,NEE_CUT_25,NEE_CUT_50,NEE_CUT_75,NEE_CUT_84,NEE_CUT_95,NEE_VUT_05,NEE_VUT_16,NEE_VUT_25,NEE_VUT_50,NEE_VUT_75,NEE_VUT_84,NEE_VUT_95,NEE_CUT_05_QC,NEE_CUT_16_QC,NEE_CUT_25_QC,NEE_CUT_50_QC,NEE_CUT_75_QC,NEE_CUT_84_QC,NEE_CUT_95_QC,NEE_VUT_05_QC,NEE_VUT_16_QC,NEE_VUT_25_QC,NEE_VUT_50_QC,NEE_VUT_75_QC,NEE_VUT_84_QC,NEE_VUT_95_QC,NEE_CUT_REF_NIGHT,NEE_VUT_REF_NIGHT,NEE_CUT_REF_NIGHT_SD,NEE_VUT_REF_NIGHT_SD,NEE_CUT_REF_NIGHT_QC,NEE_VUT_REF_NIGHT_QC,NEE_CUT_REF_NIGHT_RANDUNC,NEE_VUT_REF_NIGHT_RANDUNC,NEE_CUT_REF_NIGHT_JOINTUNC,NEE_VUT_REF_NIGHT_JOINTUNC,NEE_CUT_REF_DAY,NEE_VUT_REF_DAY,NEE_CUT_REF_DAY_SD,NEE_VUT_REF_DAY_SD,NEE_CUT_REF_DAY_QC,NEE_VUT_REF_DAY_QC,NEE_CUT_REF_DAY_RANDUNC,NEE_VUT_REF_DAY_RANDUNC,NEE_CUT_REF_DAY_JOINTUNC,NEE_VUT_REF_DAY_JOINTUNC,NEE_CUT_USTAR50_NIGHT,NEE_VUT_USTAR50_NIGHT,NEE_CUT_USTAR50_NIGHT_SD,NEE_VUT_USTAR50_NIGHT_SD,NEE_CUT_USTAR50_NIGHT_QC,NEE_VUT_USTAR50_NIGHT_QC,NEE_CUT_USTAR50_NIGHT_RANDUNC,NEE_VUT_USTAR50_NIGHT_RANDUNC,NEE_CUT_USTAR50_NIGHT_JOINTUNC,NEE_VUT_USTAR50_NIGHT_JOINTUNC,NEE_CUT_USTAR50_DAY,NEE_VUT_USTAR50_DAY,NEE_CUT_USTAR50_DAY_SD,NEE_VUT_USTAR50_DAY_SD,NEE_CUT_USTAR50_DAY_QC,NEE_VUT_USTAR50_DAY_QC,NEE_CUT_USTAR50_DAY_RANDUNC,NEE_VUT_USTAR50_DAY_RANDUNC,NEE_CUT_USTAR50_DAY_JOINTUNC,NEE_VUT_USTAR50_DAY_JOINTUNC,NEE_CUT_05_NIGHT,NEE_CUT_16_NIGHT,NEE_CUT_25_NIGHT,NEE_CUT_50_NIGHT,NEE_CUT_75_NIGHT,NEE_CUT_84_NIGHT,NEE_CUT_95_NIGHT,NEE_VUT_05_NIGHT,NEE_VUT_16_NIGHT,NEE_VUT_25_NIGHT,NEE_VUT_50_NIGHT,NEE_VUT_75_NIGHT,NEE_VUT_84_NIGHT,NEE_VUT_95_NIGHT,NEE_CUT_05_NIGHT_QC,NEE_CUT_16_NIGHT_QC,NEE_CUT_25_NIGHT_QC,NEE_CUT_50_NIGHT_QC,NEE_CUT_75_NIGHT_QC,NEE_CUT_84_NIGHT_QC,NEE_CUT_95_NIGHT_QC,NEE_VUT_05_NIGHT_QC,NEE_VUT_16_NIGHT_QC,NEE_VUT_25_NIGHT_QC,NEE_VUT_50_NIGHT_QC,NEE_VUT_75_NIGHT_QC,NEE_VUT_84_NIGHT_QC,NEE_VUT_95_NIGHT_QC,NEE_CUT_05_DAY,NEE_CUT_16_DAY,NEE_CUT_25_DAY,NEE_CUT_50_DAY,NEE_CUT_75_DAY,NEE_CUT_84_DAY,NEE_CUT_95_DAY,NEE_VUT_05_DAY,NEE_VUT_16_DAY,NEE_VUT_25_DAY,NEE_VUT_50_DAY,NEE_VUT_75_DAY,NEE_VUT_84_DAY,NEE_VUT_95_DAY,NEE_CUT_05_DAY_QC,NEE_CUT_16_DAY_QC,NEE_CUT_25_DAY_QC,NEE_CUT_50_DAY_QC,NEE_CUT_75_DAY_QC,NEE_CUT_84_DAY_QC,NEE_CUT_95_DAY_QC,NEE_VUT_05_DAY_QC,NEE_VUT_16_DAY_QC,NEE_VUT_25_DAY_QC,NEE_VUT_50_DAY_QC,NEE_VUT_75_DAY_QC,NEE_VUT_84_DAY_QC,NEE_VUT_95_DAY_QC,RECO_NT_VUT_REF,RECO_NT_VUT_USTAR50,RECO_NT_VUT_MEAN,RECO_NT_VUT_SE,RECO_NT_VUT_05,RECO_NT_VUT_16,RECO_NT_VUT_25,RECO_NT_VUT_50,RECO_NT_VUT_75,RECO_NT_VUT_84,RECO_NT_VUT_95,RECO_NT_CUT_REF,RECO_NT_CUT_USTAR50,RECO_NT_CUT_MEAN,RECO_NT_CUT_SE,RECO_NT_CUT_05,RECO_NT_CUT_16,RECO_NT_CUT_25,RECO_NT_CUT_50,RECO_NT_CUT_75,RECO_NT_CUT_84,RECO_NT_CUT_95,GPP_NT_VUT_REF,GPP_NT_VUT_USTAR50,GPP_NT_VUT_MEAN,GPP_NT_VUT_SE,GPP_NT_VUT_05,GPP_NT_VUT_16,GPP_NT_VUT_25,GPP_NT_VUT_50,GPP_NT_VUT_75,GPP_NT_VUT_84,GPP_NT_VUT_95,GPP_NT_CUT_REF,GPP_NT_CUT_USTAR50,GPP_NT_CUT_MEAN,GPP_NT_CUT_SE,GPP_NT_CUT_05,GPP_NT_CUT_16,GPP_NT_CUT_25,GPP_NT_CUT_50,GPP_NT_CUT_75,GPP_NT_CUT_84,GPP_NT_CUT_95,RECO_DT_VUT_REF,RECO_DT_VUT_USTAR50,RECO_DT_VUT_MEAN,RECO_DT_VUT_SE,RECO_DT_VUT_05,RECO_DT_VUT_16,RECO_DT_VUT_25,RECO_DT_VUT_50,RECO_DT_VUT_75,RECO_DT_VUT_84,RECO_DT_VUT_95,RECO_DT_CUT_REF,RECO_DT_CUT_USTAR50,RECO_DT_CUT_MEAN,RECO_DT_CUT_SE,RECO_DT_CUT_05,RECO_DT_CUT_16,RECO_DT_CUT_25,RECO_DT_CUT_50,RECO_DT_CUT_75,RECO_DT_CUT_84,RECO_DT_CUT_95,GPP_DT_VUT_REF,GPP_DT_VUT_USTAR50,GPP_DT_VUT_MEAN,GPP_DT_VUT_SE,GPP_DT_VUT_05,GPP_DT_VUT_16,GPP_DT_VUT_25,GPP_DT_VUT_50,GPP_DT_VUT_75,GPP_DT_VUT_84,GPP_DT_VUT_95,GPP_DT_CUT_REF,GPP_DT_CUT_USTAR50,GPP_DT_CUT_MEAN,GPP_DT_CUT_SE,GPP_DT_CUT_05,GPP_DT_CUT_16,GPP_DT_CUT_25,GPP_DT_CUT_50,GPP_DT_CUT_75,GPP_DT_CUT_84,GPP_DT_CUT_95,RECO_SR,RECO_SR_N
1998,-9999,-9999,-9999,-9999,-9999,-9999,-9999,-9999,4.304,2.775,1.633,5.673,2.306,4.239,0.741039,2.647,1.423,0.741079,5.679,2.393,0.740971,-9999,-9999,147.715,147.715,5.70776e-05,-9999,-9999,278.953,278.953,0.0,-9999,-9999,275.739,252.086,0.639783,-9999,-9999,2.873,3.111,0.639783,82.087,81.972,0.76347,865.792,1113.404,0.72871,1.598,1.598,0.0,0.254413915195,0.537671232877,-9999,-9999,-9999,-9999,-9999,-9999,-9999,-9999,-9999,-9999,-9999,-9999,-9999,-9999,364.734,0.564441,-9999,-9999,-9999,-9999,-9999,-9999,-9999,-9999,-9999,-9999,-9999,-9999,-9999,-9999,-9999,1.0,24.7828,0.562957,-9999,0.153492,36.2626,0.563527,-9999,0.887382,-9999,-9999,-9999,-9999,-9999,-9999,-9999,-9999,-9999,-9999,-9999,-9999,-9999,-9999,-9999,-9999,-9999,-9999,-9999,-9999,-9999,-9999,-9999,-9999,-9999,-9999,-9999,-9999,-9999,-9999,-9999,-9999,-9999,-9999,-9999,-9999,-9999,-9999,-9999,-9999,-9999,-9999,-9999,-9999,-9999,-9999,-9999,-9999,-9999,-9999,-9999,-9999,-9999,-9999,-9999,-9999,-9999,-9999,-9999,-9999,-9999,-9999,-9999,-9999,-9999,-9999,-9999,-9999,-9999,-9999,-9999,-9999,-9999,-9999,-9999,-9999,-9999,-9999,-9999,-9999,-9999,-9999,-9999,-9999,-9999,-9999,-9999,-9999,-9999,-9999,-9999,-9999,-9999,-9999,-9999,-9999,-9999,-9999,-9999,-9999,-9999,-9999,-9999,-9999,-9999,-9999,-9999,-9999,-9999,-9999,-9999,-9999,-9999,-9999,-9999,-9999,-9999,-9999,-9999,-9999,-9999,-9999,-9999,-9999,-9999,-9999,-9999,-9999,-9999,-9999,-9999,-9999,-9999,-9999,-9999,-9999,-9999,-9999,-9999,-9999,-9999,-9999,-9999,-9999,-9999,-9999,-9999,-9999,-9999,-9999,-9999,-9999,-9999,-9999,-9999,-9999,-9999,-9999,-9999,-9999,-9999,-9999,-9999,-9999,-9999,-9999,-9999,-9999,-9999,-9999,-9999,-9999,-9999,-9999,-9999,-9999,-9999,-9999,-9999,-9999,-9999,-9999,-9999,-9999,-9999,-9999,-9999,-9999,-9999,-9999,-9999,-9999,-9999,-9999,-9999,-9999,-9999,-9999,-9999,-9999,-9999,-9999,-9999,-9999,-9999,-9999,-9999,-9999,-9999,-9999,-9999,-9999,-9999,-9999,-9999,-9999,-9999,-9999,-9999,-9999,-9999,-9999,-9999,-9999,-9999,-9999,-9999,-9999,-9999,-9999,-9999,-9999,-9999,-9999,-9999,-9999,-9999,-9999,-9999,-9999
1999,4.07,1.0,2.275,1.149,1.0,5.616,2.368,1.0,4.31,2.901,1.469,5.559,2.158,4.07,1.0,2.275,1.149,1.0,5.616,2.368,1.0,134.68,1.0,140.78,134.68,1.0,-9999,-9999,282.256,282.256,0.0,276.339,0.999486,279.446,276.333,0.999486,2.815,0.999486,2.637,2.815,0.999486,81.993,81.993,0.0,957.704,957.704,0.0,1.63,1.63,0.0,0.269968149018,0.744349315068,86.3973066356,0.994406392694,258.291571984,0.998858447489,-9999,-9999,-9999,-9999,-9999,-9999,-9999,-9999,-9999,-9999,362.826,0.88282,6.268,6.005,5.981,-9999,-9999,0.915183,0.915183,0.915183,-9999,-9999,40.885,-9999,0.915183,-9999,-3.93959,0.771233,26.9718,0.882877,-9999,0.227008,40.0476,0.899715,-9999,0.343271,-9999,-9999,19.0164,21.3205,-302.865,-312.681,0.736473,0.788413,6.19014,5.98712,26.0022,25.6785,-290.012,-315.023,0.710959,0.759418,6.28835,6.04809,26.0257,25.6928,-310.867,-313.861,0.7059,0.770237,4.25793,4.10646,-353.699,-340.816,-328.864,-310.232,-292.752,-290.307,-277.35,-373.516,-341.502,-326.835,-306.852,-295.562,-291.56,-286.027,0.542237,0.846119,0.845148,0.817922,0.651884,0.666039,0.670662,0.875342,0.848231,0.843094,0.805137,0.697774,0.712329,0.665411,1.23052,1.21257,0.459191,0.475291,0.734864,0.792362,0.0159946,0.0157071,0.13876,0.13557,-2.12663,-2.14401,2.78793,2.8148,0.744516,0.781303,0.0270744,0.0260678,0.0425905,0.0322138,1.33135,1.22163,0.436776,0.460784,0.714955,0.761043,0.0158718,0.0151896,0.138746,0.135511,-2.14193,-2.16199,2.81407,2.82723,0.711549,0.759439,0.0280388,0.0266376,0.04321,0.0326766,0.984793,1.05562,1.11802,1.22652,1.31707,1.33129,1.39259,0.828555,1.05419,1.11909,1.22773,1.32154,1.3235,1.32985,0.860519,0.856585,0.855325,0.81029,0.715824,0.682838,0.472846,0.88513,0.856585,0.855747,0.81029,0.702934,0.694093,0.714955,-2.23365,-2.19238,-2.17032,-2.15159,-2.13665,-2.12663,-2.11163,-2.18985,-2.16928,-2.16828,-2.14958,-2.13506,-2.13142,-2.11466,0.52567,0.838725,0.855364,0.810588,0.78598,0.744516,0.635583,0.837937,0.6928,0.836944,0.71188,0.732688,0.723694,0.675543,629.891,698.229,651.99,19.906,401.384,503.227,538.753,683.828,758.104,792.074,802.508,635.306,756.865,701.443,23.0465,471.996,527.609,545.909,710.54,799.056,816.778,927.269,964.267,1013.25,965.852,16.0134,774.9,844.729,870.345,987.937,1049.79,1085.92,1091.31,1003.64,1046.88,1012.31,20.5006,821.571,860.467,870.365,1034.26,1093.68,1108.31,1198.9,842.02,842.381,831.143,13.5661,616.143,758.821,788.534,853.05,889.782,906.214,914.013,887.061,908.454,819.623,13.4013,654.265,713.003,769.23,818.041,887.061,901.836,948.5,949.948,965.214,936.511,5.77367,844.419,903.939,924.553,941.66,955.364,962.861,981.56,948.596,954.354,921.773,7.89975,791.502,865.647,899.586,927.731,949.671,964.313,986.264,-9999,-9999
2000,4.568,0.961407,3.083,1.197,0.96434,5.787,2.255,0.957488,4.821,3.379,1.589,6.085,2.262,4.444,0.961407,2.979,1.235,0.96434,5.648,2.25,0.957488,142.124,0.945469,146.129,140.147,0.945469,-9999,-9999,281.701,281.701,0.0,275.185,0.917008,278.823,275.189,0.917008,3.056,0.954235,2.821,2.977,0.954235,82.096,82.096,0.0,1022.587,1128.166,0.883994,1.618,1.618,0.0,-9999,-9999,88.7145969154,0.871584699454,264.901679035,0.941996812386,-9999,-9999,-9999,-9999,-9999,-9999,-9999,-9999,-9999,-9999,361.779,0.394183,6.034,6.172,1.035,-9999,-9999,0.987534,0.987534,0.0143443,-9999,-9999,43.257,-9999,0.987534,-9999,-0.0546871,0.919057,10.6521,0.0,5.97538,-9999,8.22934,0.0,4.61631,-9999,1.0,3,0.0,0.0,101.708,133.434,0.0,0.0,-9999,-9999,-9999,-9999,108.955,108.086,0.0,0.0,-9999,-9999,-9999,-9999,147.145,122.197,0.0,0.0,5.90995,2.47299,102.074,109.072,124.31,138.701,163.61,168.674,233.284,101.838,106.182,108.136,122.522,134.081,138.758,142.849,0.0,0.0,0.0,0.0,0.0,0.0,0.0,0.0,0.0,0.0,0.0,0.0,0.0,0.0,0.186737,0.238966,0.345607,0.311731,0.0,0.0,-9999,-9999,-9999,-9999,0.328408,0.442471,0.476656,0.544234,0.0,0.0,-9999,-9999,-9999,-9999,0.243656,0.186549,0.370987,0.345299,0.0,0.0,-9999,-9999,-9999,-9999,0.319202,0.362378,0.490582,0.446922,0.0,0.0,-9999,-9999,-9999,-9999,0.139966,0.164254,0.17913,0.23545,0.48734,0.595713,0.68295,0.140785,0.167678,0.177378,0.223262,0.238966,0.24132,0.242236,0.0,0.0,0.0,0.0,0.0,0.0,0.0,0.0,0.0,0.0,0.0,0.0,0.0,0.0,0.282226,0.32302,0.348163,0.392805,0.499452,0.509858,0.514094,0.3185,0.322477,0.327674,0.393222,0.476286,0.497528,0.513361,0.0,0.0,0.0,0.0,0.0,0.0,0.0,0.0,0.0,0.0,0.0,0.0,0.0,0.0,124.803,120.57,138.96,2.85987,118.692,124.163,125.75,135.553,146.658,158.128,160.243,139.75,132.592,165.183,8.6164,84.5426,116.96,123.909,146.895,194.892,219.192,260.418,-68.4583,-63.6344,-48.3826,2.90222,-71.4358,-65.6054,-64.2229,-55.3998,-36.5253,-30.1888,-19.2053,-65.0729,-62.4595,-54.7123,8.14903,-91.9728,-66.7082,-65.0729,-47.6954,-36.2777,-24.9277,-21.0341,294.936,477.396,308.627,15.513,119.564,203.239,250.152,294.936,393.472,408.384,463.69,291.62,298.089,349.1,14.0209,235.301,265.433,280.607,320.357,418.489,460.444,476.873,6.91154,9.59602,4.55545,0.365859,0.0998893,2.98168,3.44694,3.78801,6.42539,6.96092,8.48755,3.40041,3.7035,5.00612,0.31402,2.94806,3.40041,3.61424,4.27701,6.42862,6.96642,8.66359,-9999,-9999
2001,5.081,0.994977,3.781,1.154,0.995488,6.238,1.865,0.994697,4.504,3.036,1.524,5.778,2.176,5.087,0.994977,3.784,1.151,0.995488,6.245,1.86,0.994697,141.186,0.936016,146.693,137.969,0.936016,-9999,-9999,282.101,282.101,0.0,282.38,0.935902,279.272,282.677,0.935902,3.228,0.994977,2.89,3.216,0.994977,82.014,82.014,0.0,840.851,723.857,0.864498,1.672,1.672,0.0,-9999,-9999,51.5300717812,0.744006849315,251.983108195,0.931392694064,-9999,-9999,-9999,-9999,-9999,-9999,-9999,-9999,-9999,-9999,363.051,0.878139,5.545,5.738,1.019,-9999,-9999,0.994064,0.994064,0.0,-9999,-9999,43.375,-9999,0.994064,-9999,-1.03864,1.0,4.23623,0.016724,2.37634,0.14236,34.1774,0.016667,19.1721,1.2391,1.0,2,1.06027,0.586301,231.078,230.355,0.0147831,0.0147831,13.6416,13.2179,27.6589,21.7581,231.334,233.288,0.0147831,0.0147831,13.1849,13.423,27.4365,21.8833,211.968,221.006,0.01498,0.0148587,5.22067,2.21088,126.503,185.205,198.553,222.965,230.368,233.327,235.281,195.722,198.462,208.77,222.935,231.085,233.028,235.198,0.0160388,0.0158105,0.0152968,0.0143836,0.0147831,0.0147831,0.0147831,0.015468,0.0152968,0.0151826,0.0148973,0.0147831,0.0146119,0.0147831,0.615449,0.615587,0.225283,0.224203,0.0148475,0.0148475,0.0448778,0.0434524,0.0746125,0.0539541,0.574601,0.569599,0.450562,0.442776,0.0146656,0.0146656,0.0603662,0.0585681,0.0895089,0.082343,0.615491,0.615491,0.22432,0.22432,0.0148475,0.0148475,0.0433415,0.0441658,0.0736987,0.0545303,0.576239,0.586223,0.442662,0.439693,0.0146656,0.0146656,0.0584279,0.0593809,0.0882133,0.0829231,0.271419,0.492056,0.551504,0.605721,0.610055,0.61127,0.61549,0.536601,0.551355,0.593238,0.607929,0.611162,0.615322,0.615491,0.0159081,0.0154662,0.0149359,0.0148475,0.0148475,0.014494,0.0148475,0.0149359,0.0150243,0.0148475,0.014494,0.014494,0.0148475,0.0148475,0.367419,0.467354,0.481349,0.546835,0.586751,0.599533,0.607443,0.474573,0.482731,0.484906,0.546063,0.583194,0.598492,0.605881,0.0162772,0.0164384,0.0157937,0.0146656,0.0146656,0.0146656,0.0136986,0.0164384,0.0157937,0.0157937,0.0146656,0.0136986,0.0141821,0.0141821,124.462,120.241,138.58,2.85206,118.368,123.824,125.407,135.182,146.258,157.696,159.805,139.368,132.23,164.732,8.59286,84.3116,116.641,123.57,146.494,194.359,218.593,259.706,-68.2713,-63.4605,-48.2504,2.89429,-71.2407,-65.4262,-64.0474,-55.2484,-36.4255,-30.1063,-19.1529,-64.8951,-62.2888,-54.5628,8.12676,-91.7215,-66.5259,-64.8951,-47.5651,-36.1785,-24.8596,-20.9766,294.131,476.092,307.783,15.4706,119.238,202.684,249.469,294.131,392.397,407.268,462.424,290.823,297.274,348.147,13.9826,234.658,264.708,279.841,319.481,417.345,459.186,475.57,6.89266,9.5698,4.543,0.364859,0.0996164,2.97353,3.43752,3.77766,6.40783,6.9419,8.46436,3.39112,3.69338,4.99244,0.313162,2.94001,3.39112,3.60437,4.26532,6.41105,6.94739,8.63992,-9999,-9999
2002,4.914,1.0,3.592,1.045,1.0,6.071,1.885,1.0,4.97,3.513,1.427,6.268,2.121,4.914,1.0,3.592,1.045,1.0,6.071,1.885,1.0,143.641,1.0,140.593,143.641,1.0,-9999,-9999,284.251,284.251,0.0,279.194,1.0,281.684,279.194,1.0,2.733,1.0,2.712,2.733,1.0,82.061,82.061,0.0,1036.272,1077.612,0.985731,1.557,1.626,0.809304,0.355275692503,0.750856164384,55.4105110914,0.998915525114,275.473510367,0.998687214612,-9999,-9999,-9999,-9999,121.184535807,0.999942922374,-9999,-9999,-9999,-9999,357.896,0.939498,5.906,5.944,0.896,-9999,-9999,1.0,1.0,0.0,-9999,-9999,38.394,-9999,1.0,-9999,-0.186494,1.0,39.4715,0.93887,22.1418,0.303062,60.3007,0.938699,33.8261,0.361279,0.930023,1,20.2685,23.126,-658.357,-650.584,0.876313,0.864726,6.74451,6.72096,17.0257,14.8005,-649.387,-647.726,0.863128,0.862329,6.79472,6.80462,17.0457,14.8386,-670.738,-661.255,0.846868,0.853961,3.26831,1.70354,-720.459,-685.269,-681.181,-666.023,-657.812,-654.003,-649.173,-684.793,-677.6,-668.579,-659.024,-654.463,-651.227,-649.042,0.711872,0.790868,0.776142,0.927055,0.820947,0.884418,0.855479,0.802454,0.810731,0.829909,0.890126,0.886758,0.863584,0.859247,1.64294,1.68825,0.499069,0.486265,0.896065,0.889878,0.0158909,0.0157224,0.181587,0.117643,-4.06639,-4.06391,4.16858,4.17716,0.857849,0.841167,0.0302484,0.0303145,0.173081,0.116798,1.69832,1.69912,0.486336,0.482163,0.889696,0.890004,0.0155216,0.0155616,0.181555,0.117621,-4.06328,-4.05707,4.17814,4.18275,0.838141,0.83592,0.0307899,0.0308048,0.173177,0.116926,1.18367,1.35701,1.48017,1.64961,1.7082,1.71879,1.73196,1.3833,1.49954,1.57797,1.69127,1.72185,1.73271,1.74153,0.943777,0.942083,0.899982,0.900298,0.858962,0.821164,0.882637,0.940619,0.89989,0.899014,0.8317,0.849375,0.882637,0.852406,-4.38466,-4.25935,-4.22063,-4.079,-3.97559,-3.91851,-3.84834,-4.24357,-4.21687,-4.16034,-4.07793,-4.01043,-3.99128,-3.93336,0.659472,0.717374,0.759416,0.852685,0.887685,0.910133,0.923286,0.734305,0.773855,0.804523,0.849628,0.877757,0.867806,0.89796,709.246,727.1,710.051,10.7162,578.905,614.496,640.26,728.055,758.712,776.226,782.327,640.305,724.568,688.805,16.0885,487.625,549.012,611.616,726.427,771.867,781.037,800.461,1358.64,1374.83,1371.31,11.5203,1244.06,1273.58,1299.44,1378.16,1422.34,1441.88,1466.53,1369.77,1373.95,1359.54,17.2395,1162.51,1212.98,1266.54,1373.23,1462.8,1469.79,1481.64,664.185,604.603,671.36,9.14884,576.94,603.675,624.177,664.185,724.672,739.942,757.917,736.997,608.066,683.632,18.5296,521.808,593.1,602.377,647.399,741.394,823.147,920.148,1337.87,1336.63,1328.66,6.19444,1258.31,1296.66,1301.52,1322.19,1358.13,1370.92,1388.68,1331.91,1330.3,1341.17,15.1361,1188.03,1254.69,1297.21,1331.91,1374.73,1437.57,1475.58,-9999,-9999
2003,5.718,1.0,4.123,1.224,1.0,7.095,2.085,1.0,4.919,3.257,1.605,6.363,2.391,5.718,1.0,4.123,1.224,1.0,7.095,2.085,1.0,156.266,0.999829,161.473,156.223,0.999829,-9999,-9999,276.117,276.074,0.0142123,285.686,0.999829,272.555,285.693,0.999829,3.874,1.0,3.173,3.874,1.0,82.194,82.194,0.0,777.316,628.163,0.644635,1.524,1.675,0.760445,0.379459751056,0.748230593607,102.834613665,0.660844748858,300.148684972,0.999429223744,-9999,-9999,-9999,-9999,136.631240854,0.64897260274,-9999,-9999,-9999,-9999,375.44,0.907363,5.881,6.033,0.878,-9999,-9999,1.0,1.0,0.0142123,-9999,-9999,33.724,-9999,1.0,-9999,-3.86215,0.770662,47.4836,0.919977,26.6363,0.327307,70.1001,0.921233,39.3231,0.418033,1.0,2,22.7342,24.8301,-822.693,-821.26,0.858333,0.841039,6.88474,6.83241,51.3221,39.0591,-826.248,-828.171,0.838699,0.837614,6.81976,6.8095,51.3134,39.0551,-834.008,-829.093,0.822834,0.830773,7.36422,5.01666,-927.493,-887.314,-866.54,-829.224,-787.26,-785.597,-781.064,-870.504,-864.606,-856.087,-834.75,-792.168,-787.693,-781.283,0.697888,0.725685,0.75645,0.83847,0.893037,0.892637,0.893379,0.767409,0.768436,0.779224,0.837329,0.891952,0.885788,0.878995,0.907731,0.956059,0.516789,0.484655,0.876573,0.859843,0.0157905,0.0154763,0.0958334,0.0655281,-4.15435,-4.19149,4.06356,4.06262,0.840148,0.819093,0.0317025,0.0314898,0.273427,0.200741,0.952156,0.952113,0.489398,0.488006,0.857863,0.85747,0.015445,0.0153959,0.095777,0.0655092,-4.20856,-4.21856,4.05806,4.05762,0.816579,0.814705,0.031458,0.0314226,0.273399,0.200731,0.679559,0.81003,0.848234,0.931345,0.991218,0.999077,1.01643,0.810904,0.865987,0.910438,0.938508,0.984181,0.993335,1.0128,0.915052,0.903885,0.90124,0.869536,0.788023,0.77273,0.747526,0.903885,0.899776,0.89126,0.84378,0.790407,0.787419,0.770577,-4.67353,-4.48675,-4.40172,-4.21712,-3.99464,-3.94359,-3.87476,-4.43467,-4.39666,-4.34191,-4.23476,-4.06658,-4.00015,-3.97383,0.658749,0.690024,0.740983,0.814672,0.873733,0.882298,0.886612,0.749913,0.736616,0.767521,0.813005,0.861744,0.872537,0.8799,455.329,488.988,472.302,7.92711,369.019,418.55,437.928,464.619,514.757,531.697,541.017,452.005,481.016,453.404,9.37296,358.233,376.678,399.104,452.005,500.638,518.66,533.109,1269.29,1317.16,1301.39,12.3401,1152.72,1206.24,1228.43,1301.15,1368.84,1394.84,1398.72,1276.32,1307.26,1287.41,15.2332,1138.22,1157.3,1192.81,1302.42,1371.3,1393.9,1401.48,862.691,822.33,863.633,19.29,612.898,693.096,774.141,862.691,945.626,983.165,1028.75,830.423,915.094,820.071,23.7397,568.555,639.072,670.903,812.371,940.899,999.979,1038.94,1338.12,1380.92,1397.05,13.4801,1253.45,1316.9,1338.12,1374.09,1475.25,1481.83,1520.7,1329.28,1394.36,1351.57,15.8806,1194.41,1227.37,1263.56,1349.29,1423.46,1481.74,1506.72,-9999,-9999
2004,4.02,1.0,2.484,1.217,1.0,5.31,2.079,1.0,4.173,2.64,1.541,5.517,2.287,4.02,1.0,2.484,1.217,1.0,5.31,2.079,1.0,146.566,0.990949,148.794,146.728,0.990949,269.958,0.4338,278.209,278.488,0.4338,280.721,0.990949,274.903,280.815,0.990949,1.96,1.0,2.837,1.96,1.0,82.033,82.033,0.0,836.178,839.989,0.918716,1.57,1.708,0.851719,-9999,-9999,58.1352104813,0.608891165756,269.026496839,0.91137295082,119.041763123,0.91325136612,-9999,-9999,-9999,-9999,-9999,-9999,-9999,-9999,363.598,0.906705,5.651,5.645,5.9,-9999,-9999,0.925888,0.88388,0.844205,-9999,-9999,40.625,-9999,0.877163,-9999,-0.176083,0.761384,13.7716,0.019524,8.68469,0.364192,15.2633,0.019638,9.62539,0.884748,1.0,2,2.25956,1.28962,180.272,170.938,0.0118397,0.0124089,9.72922,9.97575,32.3419,21.5833,186.828,182.344,0.0120105,0.0120105,9.44229,9.42448,32.2568,21.3341,180.7,172.118,0.0137352,0.0132997,4.68085,3.3203,138.753,150.368,156.928,170.572,199.518,212.056,234.624,138.244,148.381,162.154,170.57,179.114,186.66,216.753,0.00927823,0.010189,0.00927823,0.0116689,0.0175319,0.0191826,0.0173042,0.00842441,0.00842441,0.0116689,0.00922131,0.0116689,0.0188411,0.0183288,0.434466,0.39236,0.512807,0.523783,0.015421,0.0155121,0.0317924,0.0326771,0.127601,0.102105,0.494608,0.499258,0.6965,0.674898,0.00553591,0.00698239,0.0432106,0.0441263,0.0973552,0.0711372,0.452859,0.440758,0.523381,0.529252,0.0155121,0.0155121,0.0308819,0.0308133,0.127377,0.101524,0.51103,0.502036,0.698845,0.701836,0.00584842,0.00584842,0.0418747,0.0418193,0.0967697,0.0697296,0.263416,0.298921,0.320029,0.434466,0.530572,0.546075,0.576098,0.294731,0.307234,0.346589,0.382636,0.477977,0.500703,0.54555,0.0133439,0.0132558,0.013388,0.015421,0.0240143,0.0240143,0.0222516,0.0161937,0.0119778,0.0132558,0.0155121,0.0240143,0.0240143,0.0236618,0.40838,0.422303,0.428803,0.4778,0.503939,0.596784,0.660662,0.389466,0.40657,0.429464,0.469026,0.498275,0.518165,0.57096,0.0100539,0.00539305,0.00539305,0.00944677,0.00539305,0.00880389,0.0105272,0.00219651,0.00219651,0.00539305,0.00491089,0.00219651,0.00219651,0.00976821,151.061,243.99,203.375,9.44863,104.46,120.356,139.039,220.704,246.793,254.017,269.747,153.118,257.632,197.507,9.65126,105.949,115.169,129.182,219.856,243.19,262.716,274.922,-17.4199,31.6704,-138.374,35.4098,-473.928,-468.173,-403.504,-2.66625,18.5017,32.0054,56.5956,-1.08283,44.0565,-150.357,34.3285,-484.014,-474.107,-377.688,-6.22732,31.1537,39.5459,70.3674,313.98,181.524,268.289,9.23702,162.867,190.258,253.253,268.268,289.388,297.982,333.944,155.294,119.954,170.806,12.0904,89.9138,97.1311,98.2983,147.844,235.743,264.498,310.31,0.0457668,0.0391201,0.886755,0.300667,0.0,0.0,0.0,0.0383605,0.0636177,2.37816,4.99693,0.0,0.0383605,1.02717,0.307292,0.0,0.0,0.0,0.043298,0.988258,1.17,4.99693,-9999,-9999
2005,4.025,1.0,2.515,1.174,1.0,5.371,2.071,1.0,3.837,2.321,1.487,5.176,2.245,4.025,1.0,2.515,1.174,1.0,5.371,2.071,1.0,155.028,0.998573,147.606,155.009,0.998573,274.843,1.0,277.001,274.843,1.0,279.977,0.998573,273.548,279.976,0.998573,2.164,1.0,2.789,2.164,1.0,82.089,82.09,0.895148,770.551,770.551,0.0,1.549,1.8,0.641039,0.370256187402,0.966152968037,74.6175860233,0.998002283105,290.145638272,0.999828767123,116.798573217,0.999828767123,-9999,-9999,-9999,-9999,14.6601620564,0.999828767123,339.063011311,0.999771689498,367.649,0.997945,3.869,3.933,4.173,-9999,-9999,1.0,1.0,1.0,-9999,-9999,39.733,-9999,0.983904,-9999,-0.829118,1.0,53.473,0.996062,33.7214,0.351032,66.5284,0.999201,41.9544,0.365355,0.994064,1,22.3123,24.3753,-663.699,-674.63,0.944349,0.960616,8.17019,8.11789,27.3953,30.067,-661.349,-663.029,0.928253,0.938185,8.10657,8.08291,27.3764,30.0576,-671.973,-677.276,0.913181,0.913349,5.85735,5.70445,-716.696,-705.934,-701.79,-673.408,-663.699,-653.636,-610.093,-724.953,-706.812,-703.75,-680.945,-665.676,-648.912,-611.927,0.984874,0.983562,0.979452,0.878881,0.944349,0.831792,0.793607,0.985502,0.976313,0.972546,0.849087,0.865525,0.829795,0.798459,1.75417,1.70368,0.729926,0.78156,0.958275,0.976046,0.024077,0.0237274,0.185482,0.199521,-4.21025,-4.21913,4.43681,4.45147,0.931213,0.946911,0.0350079,0.0348541,0.0836456,0.0855058,1.77027,1.75774,0.696461,0.712405,0.940545,0.954702,0.0224249,0.0236082,0.185275,0.199507,-4.20492,-4.20001,4.40604,4.40706,0.917344,0.921877,0.0354838,0.0347631,0.0838458,0.0854688,1.25776,1.4403,1.49849,1.73924,1.7795,1.80813,1.88873,1.19741,1.40852,1.45831,1.70368,1.77016,1.80473,1.8709,0.99217,0.986622,0.983947,0.893773,0.905614,0.900357,0.85453,0.992817,0.987132,0.986622,0.976046,0.958275,0.900357,0.863035,-4.2683,-4.23817,-4.22299,-4.20825,-4.12876,-4.08623,-4.05263,-4.25812,-4.23759,-4.22555,-4.18856,-4.10913,-4.08143,-4.05054,0.82389,0.962953,0.951433,0.934395,0.976819,0.979539,0.738626,0.83571,0.963282,0.806955,0.791149,0.977986,0.718443,0.981407,649.794,725.3,722.166,17.7856,518.693,605.162,631.463,716.865,827.987,834.376,847.244,696.251,718.223,731.787,15.9485,545.662,623.145,646.067,728.163,801.313,829.022,881.459,1367.2,1388.33,1399.44,13.3696,1243.65,1306.92,1335.35,1385.76,1478.44,1494.68,1512.52,1401.15,1379.57,1403.76,11.5892,1262.36,1324.93,1355.53,1391.86,1470.5,1484.81,1500.9,925.557,946.904,956.109,15.8396,772.421,878.257,907.339,950.396,1027.62,1063.23,1129.25,868.461,946.022,954.224,14.9715,773.69,868.461,894.553,940.476,1013.21,1056.3,1113.4,1445.24,1416.01,1377.03,10.3924,1240.96,1300.57,1332.17,1384.87,1432.27,1442.11,1449.29,1436.21,1425.38,1380.2,9.14454,1240.06,1301.02,1338.45,1385.88,1427.87,1441.26,1444.64,468.679,1.0
2006,5.224,1.0,3.825,1.087,1.0,6.507,1.803,1.0,4.662,3.105,1.479,6.037,2.241,5.224,1.0,3.825,1.087,1.0,6.507,1.803,1.0,153.664,0.926027,150.374,154.539,0.926027,281.143,0.927626,279.082,280.532,0.927626,284.331,0.926027,275.883,284.167,0.926027,2.907,1.0,2.836,2.907,1.0,82.171,82.222,0.956906,798.516,798.516,0.0,1.504,1.664,0.878824,0.344801886004,0.874600456621,84.1588645398,0.925570776256,305.737666467,0.925627853881,126.836120204,0.925856164384,-9999,-9999,-9999,-9999,15.081141231,0.925799086758,345.815642073,0.92602739726,372.485,0.855365,4.354,4.466,4.595,-9999,-9999,0.927511,0.927511,0.927511,-9999,-9999,39.553,-9999,0.791553,-9999,-0.0592798,0.927626,50.8343,0.852055,33.9936,0.374549,64.6247,0.971575,43.2154,0.349675,0.781279,1,18.6137,21.4274,-676.803,-675.567,0.75508,0.754966,8.0389,8.03727,107.59,115.202,-641.242,-635.227,0.739897,0.732934,8.15722,8.20879,107.599,115.214,-675.256,-677.998,0.731794,0.726396,13.8646,15.5023,-812.475,-794.915,-778.399,-649.118,-597.433,-580.336,-565.3,-811.589,-800.974,-787.567,-650.59,-586.697,-571.132,-566.191,0.833904,0.816495,0.800856,0.740525,0.67774,0.669863,0.656963,0.830537,0.822546,0.813984,0.740183,0.67032,0.660959,0.622432,1.67535,1.68422,0.615183,0.616366,0.784062,0.784062,0.0212601,0.021243,0.473626,0.507402,-4.25929,-4.25818,4.41187,4.41363,0.725386,0.725064,0.0353842,0.0353831,0.168735,0.167971,1.82989,1.83534,0.588746,0.581833,0.778969,0.77291,0.021052,0.0211353,0.473617,0.507397,-4.18093,-4.1681,4.43367,4.44391,0.698643,0.690412,0.0358492,0.0361969,0.168833,0.168144,1.00617,1.17098,1.29288,1.77017,2.05312,2.11727,2.26101,1.01584,1.12547,1.23766,1.76989,2.11561,2.13939,2.27967,0.847191,0.831787,0.81616,0.77906,0.709563,0.702374,0.654622,0.848549,0.834938,0.829564,0.778969,0.702846,0.70361,0.650427,-4.43746,-4.42742,-4.40162,-4.22903,-4.12811,-4.09745,-4.06759,-4.44322,-4.42836,-4.41267,-4.25818,-4.12486,-4.09996,-4.05846,0.807045,0.788321,0.784095,0.717823,0.561371,0.627073,0.648801,0.800063,0.812108,0.818149,0.725064,0.656332,0.584276,0.60641,664.298,852.482,771.782,33.2968,435.284,500.2,534.985,836.09,968.024,983.089,998.074,736.028,839.746,778.591,30.0353,435.586,508.353,595.292,836.086,946.761,965.96,988.5,1471.88,1487.71,1449.78,18.1784,1246.22,1300.46,1323.87,1486.68,1539.03,1556.73,1575.76,1463.01,1480.99,1453.85,16.5515,1248.06,1303.54,1373.69,1485.2,1532.92,1544.28,1577.18,634.715,795.555,855.44,43.6019,554.215,591.776,622.784,770.599,1037.45,1227.4,1324.9,739.9,762.26,842.593,37.547,581.088,595.792,634.536,802.795,981.335,1027.43,1254.27,1380.49,1446.52,1411.24,14.3966,1267.94,1332.06,1340.29,1380.49,1472.85,1519.38,1573.63,1383.38,1379.49,1417.43,13.9113,1254.3,1330.33,1349.51,1423.98,1467.76,1499.2,1564.61,358.439,1.0
2007,4.942,1.0,3.228,1.238,1.0,6.386,2.178,1.0,5.004,3.433,1.513,6.373,2.236,4.942,1.0,3.228,1.238,1.0,6.386,2.178,1.0,161.362,0.995833,151.712,161.195,0.995833,278.089,0.996632,280.224,278.329,0.996632,279.21,0.995833,277.165,279.319,0.995833,2.812,1.0,2.923,2.812,1.0,82.117,82.13,0.859646,824.959,824.959,0.0,1.577,1.643,0.944463,0.36263630856,0.937328767123,80.5853342582,0.976426940639,305.78907906,0.994292237443,83.9883823246,0.518550228311,-9999,-9999,-9999,-9999,14.5169686438,0.994520547945,345.263078283,0.992294520548,374.791,0.957192,4.414,4.566,4.877,-9999,-9999,0.996689,0.996689,0.996689,-9999,-9999,40.657,-9999,0.672432,-9999,-0.603957,0.996689,61.9649,0.986986,38.741,0.372498,64.3802,0.998687,40.2512,0.350124,0.965068,1,22.5644,24.4986,-585.13,-585.806,0.874372,0.877683,7.44667,7.331,42.389,37.5384,-575.99,-573.971,0.844178,0.855023,7.36327,7.37319,42.3744,37.5467,-612.14,-620.953,0.846193,0.840832,6.03849,5.57792,-689.085,-658.037,-647.729,-604.312,-580.046,-574.578,-566.839,-686.4,-659.117,-649.993,-622.055,-590.84,-585.486,-571.321,0.947603,0.941267,0.926598,0.738756,0.826199,0.855879,0.791096,0.947203,0.941495,0.939783,0.901484,0.761587,0.784989,0.807591,1.77481,1.75189,0.665291,0.66768,0.889024,0.891344,0.0181885,0.0179102,0.299042,0.297038,-3.82144,-3.81241,4.21038,4.20081,0.856903,0.861399,0.0338845,0.0333471,0.0960232,0.105388,1.8536,1.85311,0.62285,0.623377,0.855376,0.868986,0.0184206,0.0183301,0.299056,0.297063,-3.83502,-3.82632,4.23009,4.22567,0.832214,0.836513,0.0332687,0.0333411,0.0958076,0.105386,1.08259,1.28724,1.40802,1.79788,1.86732,1.88422,1.90411,1.10092,1.2811,1.36655,1.77413,1.83669,1.8741,1.91018,0.961677,0.958516,0.941627,0.756565,0.826545,0.831109,0.740607,0.960956,0.958516,0.957708,0.750641,0.727143,0.738004,0.840173,-4.1488,-3.9841,-3.8715,-3.84873,-3.82152,-3.8044,-3.7863,-4.14679,-3.99839,-3.97026,-3.8516,-3.81909,-3.79845,-3.78674,0.659349,0.690384,0.746445,0.802426,0.794119,0.922487,0.927577,0.6657,0.686544,0.703251,0.881411,0.922243,0.924575,0.932923,616.945,767.684,704.14,22.7471,463.017,526.705,562.211,742.821,811.011,856.226,881.844,660.148,765.742,715.354,21.7303,460.195,529.654,575.85,764.32,810.276,841.411,884.881,1292.84,1341.65,1325.09,18.5369,1149.42,1185.82,1212.64,1330.81,1412.77,1432.87,1508.7,1299.61,1341.73,1327.49,17.0577,1149.28,1187.69,1218.49,1338.9,1391.01,1421.47,1517.46,817.269,1065.53,891.512,23.2047,667.398,737.683,765.274,904.633,967.275,1022.02,1079.39,878.37,1020.77,922.28,25.2487,641.781,738.056,769.52,948.24,1005.0,1045.93,1122.75,1327.74,1488.84,1383.05,12.8556,1251.6,1298.55,1321.83,1373.09,1449.52,1455.77,1500.72,1377.52,1469.52,1392.23,13.1828,1242.45,1301.74,1329.99,1380.66,1436.42,1485.93,1509.03,401.458,1.0
2008,4.628,1.0,3.316,1.081,1.0,5.782,1.707,1.0,4.679,3.242,1.369,5.951,2.041,4.628,1.0,3.316,1.081,1.0,5.782,1.707,1.0,148.469,0.993739,144.119,148.192,0.993739,285.623,1.0,282.347,285.623,1.0,282.564,0.993739,279.548,282.644,0.993739,2.311,1.0,2.632,2.311,1.0,82.045,82.057,0.999545,1055.124,1055.124,0.0,1.605,1.638,0.93306,0.349703638648,0.911031420765,76.4018812263,0.998235428051,276.202116152,0.991746357013,119.529437045,0.99891848816,15.1811623406,1.0,-9999,-9999,13.8275506603,1.0,342.197984973,1.0,380.464,0.967725,5.874,5.967,6.141,-9999,-9999,1.0,1.0,1.0,-9999,-9999,44.548,-9999,0.861965,-9999,-0.129697,1.0,56.4962,0.969661,39.2234,0.380556,56.9111,0.971653,39.5114,0.340836,0.968067,1,19.2623,23.1257,-824.464,-847.386,0.832024,0.783356,9.17512,8.96186,14.5502,41.6193,-841.307,-834.471,0.818534,0.772313,9.25333,9.00191,14.5997,41.6279,-834.792,-844.81,0.810824,0.779308,4.39533,6.42221,-906.568,-841.947,-840.576,-836.188,-825.537,-819.362,-794.386,-924.935,-902.809,-854.968,-838.896,-830.094,-821.524,-795.596,0.643556,0.821437,0.662113,0.719376,0.812158,0.84005,0.763434,0.702413,0.647029,0.686532,0.721425,0.941029,0.851093,0.76349,1.57,1.50627,0.727677,0.876158,0.843271,0.798012,0.0244833,0.0238824,0.263963,0.251727,-4.84432,-4.9117,4.8271,4.81808,0.8186,0.75796,0.0399247,0.0385505,0.151998,0.174402,1.53491,1.6292,0.754647,0.769059,0.840469,0.790663,0.023333,0.0238925,0.263859,0.251728,-4.90309,-4.90824,4.811,4.84891,0.791592,0.741444,0.0402054,0.0388664,0.152072,0.174472,1.12903,1.23275,1.28538,1.5338,1.65321,1.7584,1.85531,1.15176,1.25632,1.29245,1.50627,1.67693,1.7575,2.07531,0.964573,0.958831,0.952416,0.791657,0.734265,0.741923,0.757543,0.963853,0.956904,0.952096,0.798012,0.686223,0.741923,0.597193,-5.071,-4.99513,-4.94415,-4.86794,-4.74029,-4.70181,-4.5984,-5.08183,-5.05077,-4.98468,-4.92011,-4.76876,-4.71059,-4.64959,0.605797,0.572716,0.727992,0.76502,0.904887,0.913443,0.932995,0.56279,0.542601,0.670844,0.745486,0.886405,0.913298,0.926144,785.062,895.095,780.514,25.2381,470.46,561.614,611.802,843.645,903.727,921.612,938.699,684.138,752.978,749.967,24.9489,469.898,545.928,582.065,784.077,882.895,906.769,926.691,1592.06,1729.57,1625.32,27.1592,1298.21,1404.4,1448.14,1684.22,1742.86,1801.54,1828.85,1603.44,1594.29,1584.76,25.3801,1302.2,1376.01,1423.58,1603.44,1711.06,1730.06,1799.36,1214.05,1371.71,1273.14,39.9853,831.024,898.031,1033.09,1350.0,1452.74,1475.37,1566.39,1153.95,1344.07,1215.23,38.8426,813.947,893.125,957.081,1298.05,1372.32,1417.38,1523.06,1685.11,1724.31,1668.88,17.839,1467.21,1497.54,1570.81,1701.01,1733.74,1773.49,1808.16,1636.06,1723.43,1654.62,18.7147,1462.92,1491.36,1514.2,1696.39,1738.16,1771.41,1803.71,-9999,0.0
2009,4.34,1.0,2.73,1.202,1.0,5.671,2.126,1.0,4.514,3.053,1.388,5.79,2.118,4.34,1.0,2.73,1.202,1.0,5.671,2.126,1.0,158.623,0.999372,146.858,158.63,0.999372,280.684,1.0,281.914,280.684,1.0,279.584,0.999372,279.061,279.575,0.999372,2.618,1.0,2.737,2.618,1.0,81.935,81.916,0.999943,922.147,922.147,0.0,1.605,1.702,0.962785,0.365390611335,0.959760273973,82.4747242591,0.997716894977,287.648882003,0.998858447489,117.852573928,0.942922374429,15.3810008162,1.0,60.1407602144,0.598744292237,15.1523799692,1.0,339.654866838,1.0,384.781,0.999486,6.626,6.726,6.84,-9999,-9999,1.0,1.0,1.0,-9999,-9999,43.315,-9999,0.874543,-9999,-0.294953,1.0,26.5804,0.999372,24.2622,0.182822,64.9521,0.999372,59.2874,0.366457,0.996632,1,22.9315,25.0247,-801.251,-786.179,0.972603,0.958733,7.72402,7.43847,58.7984,62.6041,-791.511,-789.655,0.955822,0.94258,7.45724,7.46744,58.764,62.6076,-804.47,-803.727,0.928322,0.914491,8.26121,8.76736,-892.214,-872.428,-861.102,-789.775,-760.399,-755.851,-744.362,-897.12,-875.537,-864.816,-787.458,-759.725,-751.216,-736.022,0.997888,0.995662,0.993265,0.964783,0.9,0.698516,0.892295,0.998231,0.995662,0.994064,0.938813,0.793322,0.820662,0.865753,2.10204,2.17819,0.571921,0.538561,0.992607,0.984421,0.0154999,0.015169,0.430732,0.445507,-4.97074,-4.95038,4.9701,4.99848,0.951266,0.930224,0.036386,0.0349718,0.0530026,0.0633994,2.16624,2.19724,0.540661,0.517073,0.980961,0.973992,0.0151116,0.0144968,0.430718,0.445484,-4.9652,-4.97134,4.99889,5.00042,0.927602,0.907572,0.0350963,0.0354157,0.0521256,0.0636453,1.32602,1.54083,1.67623,2.17844,2.37025,2.40173,2.45461,1.28929,1.5229,1.6318,2.20283,2.39937,2.4134,2.45366,1.0,1.0,0.999895,0.984421,0.8317,0.844037,0.717663,1.0,1.0,0.999895,0.98087,0.862511,0.925998,0.796189,-4.98106,-4.97074,-4.95901,-4.9343,-4.90471,-4.89366,-4.81232,-4.98454,-4.95918,-4.95169,-4.93786,-4.89994,-4.85342,-4.82139,0.970277,0.951266,0.977449,0.729368,0.840016,0.79328,0.810506,0.917881,0.985031,0.941311,0.765323,0.990802,0.833563,0.817427,808.464,913.093,864.242,28.3155,542.559,636.823,682.569,905.43,1012.31,1044.29,1068.35,795.223,895.871,859.29,26.19,559.009,641.799,702.297,889.43,1012.97,1023.96,1059.82,1658.68,1702.75,1667.97,19.6957,1439.68,1512.36,1547.39,1695.06,1774.78,1780.32,1807.13,1658.73,1687.38,1663.76,18.0674,1451.22,1514.23,1563.4,1676.7,1771.18,1774.95,1790.94,967.309,1014.6,1034.69,23.8193,773.39,862.834,920.19,1050.86,1144.1,1168.84,1195.24,997.039,1021.68,1025.89,24.0796,788.552,838.667,940.822,1023.88,1094.06,1130.97,1323.26,1738.81,1783.15,1778.52,13.1972,1574.99,1714.72,1738.81,1789.48,1834.23,1842.65,1883.07,1785.01,1801.82,1859.29,25.6103,1634.49,1712.53,1756.93,1821.82,1925.87,2005.02,2191.4,-9999,0.0
2010,2.92,1.0,1.541,1.121,1.0,4.038,1.82,1.0,3.757,2.403,1.363,4.927,2.007,2.92,1.0,1.541,1.121,1.0,4.038,1.82,1.0,151.504,0.998916,138.234,151.529,0.998916,282.75,1.0,282.184,282.75,1.0,271.882,0.998916,279.365,271.895,0.998916,2.182,1.0,2.641,2.182,1.0,81.722,81.826,0.999943,951.168,844.392,0.951598,1.598,1.683,0.893436,0.359139649305,0.882933789954,83.5246623201,0.998858447489,267.045053584,0.999600456621,262.3507026,1.0,14.0528131752,1.0,59.8466312386,1.0,14.1056674735,1.0,330.860732192,1.0,381.578,0.97597,4.497,4.588,4.765,-9999,-9999,1.0,1.0,1.0,-9999,-9999,21.193,25.135,1.0,1.0,-0.200578,1.0,41.6195,0.986758,34.135,0.287011,60.2024,0.987272,49.376,0.356436,0.985559,1,22.9178,23.9479,-796.21,-768.388,0.87968,0.855479,8.6453,8.9589,45.5238,49.948,-775.045,-763.073,0.858105,0.845091,8.9694,9.12886,45.5864,49.9787,-815.169,-813.179,0.851995,0.842644,9.26,10.1257,-879.754,-868.34,-859.147,-826.132,-796.21,-778.95,-655.864,-883.445,-873.562,-863.735,-825.759,-788.257,-775.286,-657.521,0.729053,0.960388,0.955365,0.919121,0.87968,0.832934,0.673402,0.961815,0.960902,0.95782,0.817979,0.900457,0.838299,0.677911,1.84809,1.96259,0.706469,0.703977,0.89252,0.871008,0.0230496,0.0244727,0.308417,0.315286,-4.65666,-4.61261,5.28834,5.41569,0.871672,0.841405,0.0386299,0.0398972,0.11553,0.130685,1.96822,2.05437,0.701516,0.666898,0.874278,0.86655,0.0244647,0.0245815,0.308526,0.315294,-4.65855,-4.64953,5.39528,5.46261,0.842562,0.823356,0.0399932,0.0410541,0.115993,0.131043,1.2408,1.38645,1.55231,1.79753,1.89566,2.00156,2.41044,1.23184,1.38092,1.57137,1.79901,1.93784,2.00959,2.42289,0.973529,0.968783,0.959569,0.913476,0.812071,0.867589,0.71546,0.973617,0.968783,0.950425,0.917453,0.859855,0.864055,0.689638,-4.87717,-4.81976,-4.7633,-4.64593,-4.61866,-4.602,-4.4748,-4.87624,-4.8441,-4.7874,-4.65123,-4.61352,-4.5952,-4.47749,0.744711,0.689517,0.769318,0.940154,0.875942,0.949807,0.63082,0.74593,0.670604,0.780181,0.929077,0.947737,0.946139,0.638696,782.837,896.951,837.144,23.3449,569.783,641.211,715.516,883.394,960.44,975.27,996.03,740.007,856.734,834.918,23.5779,572.124,645.197,695.691,852.198,963.608,984.513,1022.72,1613.38,1660.02,1650.32,21.563,1440.31,1491.9,1543.1,1632.79,1783.1,1828.92,1839.22,1593.9,1631.78,1650.09,21.4484,1440.46,1495.78,1531.02,1630.8,1785.98,1833.66,1841.61,1332.92,1486.98,1353.49,38.0561,901.321,1092.82,1188.59,1319.68,1499.56,1563.05,1672.78,1295.03,1411.79,1337.14,37.0276,953.867,1086.65,1153.8,1295.81,1506.38,1562.87,1714.75,1728.57,1887.85,1742.42,16.7594,1554.29,1632.3,1664.15,1744.75,1800.17,1879.14,1905.32,1699.28,1799.08,1739.26,15.0714,1544.35,1633.07,1677.09,1742.6,1788.74,1858.52,1884.41,-9999,0.0
2011,4.904,1.0,3.028,1.22,1.0,6.518,2.227,1.0,5.348,3.795,1.512,6.739,2.264,4.904,1.0,3.028,1.22,1.0,6.518,2.227,1.0,167.976,1.0,151.811,167.976,1.0,278.778,1.0,280.885,278.778,1.0,267.855,1.0,277.907,267.855,1.0,3.531,1.0,2.971,3.531,1.0,82.25,82.235,0.999886,903.492,924.523,0.997603,1.459,1.573,0.989441,0.330432315323,0.986586757991,84.2030044277,0.998287671233,286.954593476,0.999657534247,102.156130137,1.0,12.7429697489,1.0,58.7447171391,0.862271689498,14.0061386986,1.0,340.96075,1.0,385.458,0.923345,5.443,5.457,5.488,-9999,-9999,0.999943,1.0,1.0,-9999,-9999,21.972,-9999,1.0,-9999,0.454118,1.0,49.2468,0.991667,34.5439,0.316178,68.2223,0.999829,47.8541,0.339472,0.989669,1,20.2493,23.0849,-688.2,-749.066,0.803311,0.853425,7.18165,7.30106,100.366,110.594,-663.881,-724.439,0.773687,0.812329,7.54898,7.20927,100.393,110.588,-707.86,-725.916,0.780989,0.794636,14.2699,16.9337,-865.221,-826.276,-803.41,-666.468,-638.056,-626.059,-609.295,-871.996,-847.536,-825.521,-731.582,-638.39,-626.83,-602.135,0.915068,0.903425,0.908562,0.793208,0.685274,0.740354,0.728767,0.915297,0.9125,0.903425,0.830537,0.614555,0.592295,0.719635,2.09118,1.83446,0.552883,0.687588,0.790839,0.849469,0.0158104,0.0174275,0.523679,0.594585,-4.66071,-4.74152,4.97421,4.91733,0.824874,0.866751,0.0330982,0.0332515,0.0704437,0.0623903,2.21315,1.97695,0.477095,0.599327,0.756745,0.795219,0.0168081,0.0167524,0.52371,0.594566,-4.68147,-4.74101,5.00832,4.94551,0.794988,0.839494,0.0343849,0.0328823,0.0710574,0.0621943,1.14323,1.40925,1.4985,2.19557,2.4319,2.45613,2.51268,1.10071,1.26281,1.41106,1.95396,2.4274,2.45147,2.53893,0.927061,0.924215,0.923564,0.776904,0.680119,0.676606,0.628762,0.927222,0.926102,0.924215,0.817833,0.62244,0.70435,0.628527,-4.77201,-4.76289,-4.75132,-4.73121,-4.66493,-4.63852,-4.60667,-4.77403,-4.76292,-4.75365,-4.74053,-4.70128,-4.65734,-4.61365,0.639242,0.899859,0.871807,0.881456,0.775496,0.77429,0.736751,0.624879,0.903195,0.901962,0.876241,0.70796,0.782984,0.749192,700.597,905.24,852.277,35.3232,532.92,563.881,634.731,845.07,1059.16,1070.88,1113.87,808.352,992.886,900.758,30.8439,553.629,634.731,700.597,993.273,1045.79,1065.48,1104.19,1536.36,1629.68,1578.19,19.1465,1404.92,1425.18,1459.28,1576.65,1681.26,1703.3,1731.02,1641.22,1656.77,1608.62,16.938,1411.36,1459.6,1526.87,1653.82,1685.01,1708.93,1731.77,1192.05,1348.87,1449.82,72.0038,1026.51,1103.76,1117.41,1324.57,1560.35,1758.84,2286.34,1324.36,1248.44,1510.48,65.2376,1035.91,1146.27,1194.22,1446.28,1706.7,1835.16,2286.34,1783.94,1810.99,1826.54,28.5339,1655.14,1718.34,1733.78,1783.94,1857.41,1912.98,2087.27,1787.25,1736.82,1849.21,23.5689,1674.3,1729.71,1751.3,1813.51,1883.09,1923.07,2115.68,-9999,0.0
2012,4.821,1.0,3.333,1.265,1.0,6.072,2.037,1.0,4.703,3.245,1.417,5.969,2.115,4.821,1.0,3.333,1.265,1.0,6.072,2.037,1.0,161.793,0.998634,146.889,162.034,0.998634,281.991,0.649932,282.956,279.809,0.649932,274.821,0.998008,280.231,274.784,0.998008,2.907,0.99926,2.851,2.906,0.99926,82.063,82.043,0.996983,1020.442,1191.121,0.940858,1.632,1.753,0.933117,0.37741942125,0.930384790528,86.4460262185,0.993681693989,268.071041063,0.995104735883,115.788498459,0.996129326047,13.115058261,0.996072404372,56.7626030163,0.999146174863,13.8769796962,0.996072404372,340.962420004,0.629952185792,394.975,0.974158,5.458,5.487,5.554,5.582,5.604,0.99926,0.99926,0.99926,0.99926,0.999317,21.767,-9999,0.990551,-9999,-0.630969,0.999146,58.6615,0.974841,42.1518,0.353657,61.8847,0.989299,44.4678,0.338834,0.969262,1,20.6803,23.6148,-689.709,-672.613,0.880863,0.846027,6.94292,7.27317,82.2409,79.1152,-671.28,-668.825,0.844205,0.840278,7.27476,7.25142,82.2696,79.1132,-688.236,-685.461,0.855762,0.850667,13.3247,13.6826,-807.636,-771.616,-760.828,-684.209,-661.893,-607.721,-561.357,-809.157,-775.712,-761.598,-670.559,-658.456,-618.151,-520.677,0.956683,0.948714,0.937898,0.8639,0.804986,0.775899,0.725524,0.956512,0.949397,0.942338,0.811589,0.841929,0.768898,0.71061,1.68589,1.7643,0.660065,0.627121,0.884949,0.84032,0.0165732,0.0177409,0.52089,0.546132,-4.29554,-4.30075,4.75357,4.8098,0.872756,0.843945,0.0316602,0.0323859,0.0467686,0.0584029,1.76838,1.82868,0.626415,0.650943,0.837588,0.836846,0.0177269,0.0175089,0.520928,0.546125,-4.29882,-4.3175,4.81072,4.82111,0.843641,0.836853,0.0324005,0.0324928,0.0472729,0.0584622,1.04961,1.217,1.29141,1.72292,1.96808,2.25825,2.40256,1.04476,1.18485,1.29215,1.82678,1.96845,2.27654,2.46418,0.973062,0.965381,0.961199,0.869843,0.808983,0.782526,0.729105,0.973062,0.965563,0.961199,0.83728,0.808983,0.780189,0.718827,-4.38142,-4.35832,-4.34675,-4.32584,-4.29371,-4.28947,-4.16155,-4.38611,-4.36343,-4.35334,-4.32684,-4.2914,-4.26623,-4.02519,0.801382,0.822139,0.813549,0.829506,0.934544,0.936515,0.694934,0.773347,0.741041,0.822031,0.889508,0.935646,0.929772,0.675815,700.27,871.777,800.941,34.0094,460.326,520.763,581.374,870.659,982.173,1031.12,1068.25,643.116,813.818,788.956,33.1077,461.588,541.47,581.374,782.772,982.173,1023.95,1045.84,1432.7,1540.6,1486.4,22.0483,1269.48,1296.47,1342.97,1529.12,1608.93,1621.42,1648.6,1424.27,1485.1,1477.19,21.4981,1269.22,1313.09,1343.68,1466.98,1600.22,1622.16,1647.15,1344.02,1435.18,1489.16,62.1822,890.413,996.668,1038.3,1439.07,1778.51,1831.54,2074.15,1295.3,1330.03,1480.74,61.3195,879.906,1014.13,1054.11,1433.66,1805.95,1840.38,2090.72,1665.81,1740.36,1701.3,21.5242,1463.49,1514.95,1556.18,1720.89,1795.95,1850.26,1870.18,1671.94,1719.82,1700.68,21.2291,1462.0,1527.84,1557.31,1714.86,1814.44,1833.14,1854.38,-9999,0.0
2013,4.506,1.0,3.087,1.109,1.0,5.661,1.903,1.0,4.46,3.096,1.32,5.639,1.997,4.506,1.0,3.087,1.109,1.0,5.661,1.903,1.0,150.309,0.999715,139.516,150.358,0.999715,288.164,0.887043,285.586,291.027,0.887043,276.663,0.999715,283.184,276.668,0.999715,2.814,1.0,2.703,2.814,1.0,81.951,81.934,1.0,1029.952,850.285,0.987957,1.571,1.571,0.0,0.355251629771,0.964726027397,88.2299446955,0.956449771689,246.734885115,0.977625570776,121.312992706,1.0,13.8089925163,0.978082191781,60.3393804886,1.0,13.814656522,0.957591324201,343.931170964,0.876712328767,383.296,0.994977,5.828,5.802,5.78,5.72,5.672,1.0,1.0,1.0,1.0,1.0,20.4,-9999,1.0,-9999,-0.306223,1.0,40.6862,0.983219,36.2879,0.28238,56.2236,0.996518,50.1456,0.342357,0.941153,1,22.7233,24.3342,-595.226,-589.032,0.941438,0.928139,6.48035,6.35594,99.6316,99.8419,-586.392,-579.55,0.931336,0.914155,6.42673,6.25707,99.6282,99.8356,-597.426,-583.583,0.910982,0.900382,14.6466,16.5244,-744.546,-705.439,-687.126,-587.967,-551.421,-506.598,-438.323,-739.421,-705.439,-674.446,-586.383,-540.085,-506.16,-418.551,0.978995,0.976427,0.972603,0.936301,0.860274,0.841153,0.80411,0.978139,0.976427,0.968779,0.93145,0.852626,0.827683,0.795034,2.18678,2.18023,0.634606,0.615103,0.958329,0.948433,0.0146409,0.0147033,0.301713,0.305834,-4.22126,-4.17373,4.81732,4.79964,0.92286,0.903159,0.0301911,0.0294146,0.27832,0.281322,2.18081,2.20911,0.632935,0.623173,0.949145,0.935367,0.0148703,0.0147367,0.301724,0.305836,-4.1673,-4.15579,4.79804,4.80399,0.909083,0.888052,0.0297284,0.0289649,0.27827,0.281276,1.49367,1.7215,1.83675,2.18678,2.28662,2.32422,2.4581,1.53404,1.7215,1.89762,2.19888,2.28804,2.33246,2.47891,0.990174,0.988769,0.986713,0.958329,0.909242,0.882247,0.856383,0.989644,0.988769,0.980438,0.956919,0.905744,0.881676,0.855771,-4.44395,-4.4251,-4.41963,-4.19531,-4.05793,-3.87174,-3.68033,-4.43479,-4.42495,-4.40405,-4.17538,-4.02074,-3.86539,-3.57052,0.96968,0.967797,0.962113,0.917002,0.823308,0.795821,0.752828,0.970512,0.967797,0.958269,0.860532,0.813342,0.775116,0.736537,893.667,952.588,910.305,25.6512,628.577,716.791,785.823,940.047,995.186,1013.82,1101.67,856.775,931.717,888.724,22.15,622.945,716.791,762.127,931.717,966.184,1006.1,1077.94,1503.79,1532.14,1493.89,10.176,1368.0,1422.23,1460.27,1507.44,1518.1,1529.0,1553.16,1507.31,1518.11,1486.15,8.64285,1367.49,1422.23,1449.26,1503.75,1518.02,1528.98,1549.85,1098.19,1248.51,1176.38,23.9339,963.471,1033.91,1061.4,1127.1,1248.51,1325.04,1415.96,1104.54,1085.88,1178.23,26.6244,963.471,1043.16,1054.85,1114.29,1248.51,1325.04,1415.96,1658.83,1712.83,1643.42,12.3796,1544.29,1590.44,1606.54,1646.96,1670.0,1693.43,1733.41,1665.06,1585.74,1651.65,10.0888,1563.78,1590.44,1606.54,1644.82,1667.1,1683.36,1748.07,837.471,1.0
